run_ts_ist,location,lat,lon,line,obs_time,precip_mm,rain_mm,source
2026-06-24 16:03:18,Churchgate,18.935,72.827,WR,2026-06-24T16:00,0.1,0.1,open-meteo
2026-06-24 16:03:18,Dadar,19.018,72.844,WR/CR,2026-06-24T16:00,0.1,0.1,open-meteo
2026-06-24 16:03:18,Andheri,19.119,72.846,WR,2026-06-24T16:00,0.1,0.1,open-meteo
2026-06-24 16:03:18,Borivali,19.231,72.857,WR,2026-06-24T16:00,0.1,0.1,open-meteo
2026-06-24 16:03:18,Virar,19.455,72.811,WR,2026-06-24T16:00,0.0,0.0,open-meteo
2026-06-24 16:03:18,CSMT,18.94,72.835,CR,2026-06-24T16:00,0.1,0.1,open-meteo
2026-06-24 16:03:18,Sion,19.043,72.862,CR-hotspot,2026-06-24T16:00,0.1,0.1,open-meteo
2026-06-24 16:03:18,Kurla,19.065,72.879,CR-hotspot,2026-06-24T16:00,0.1,0.1,open-meteo
2026-06-24 16:03:18,Thane,19.186,72.975,CR,2026-06-24T16:00,0.1,0.1,open-meteo
2026-06-24 16:03:18,Kalyan,19.243,73.13,CR,,,,open-meteo-ERR
2026-06-24 16:03:18,Chunnabhatti,19.046,72.875,Harbour-hotspot,,,,open-meteo-ERR
2026-06-24 16:03:18,Matunga,19.027,72.852,CR-hotspot,,,,open-meteo-ERR
2026-06-24 18:42:46,Churchgate,18.935,72.827,WR,2026-06-24T18:30,0.1,0.1,open-meteo
2026-06-24 18:42:46,Dadar,19.018,72.844,WR/CR,2026-06-24T18:30,0.1,0.1,open-meteo
2026-06-24 18:42:46,Andheri,19.119,72.846,WR,2026-06-24T18:30,0.1,0.1,open-meteo
2026-06-24 18:42:46,Borivali,19.231,72.857,WR,,,,open-meteo-ERR
2026-06-24 18:42:46,Virar,19.455,72.811,WR,2026-06-24T18:30,0.0,0.0,open-meteo
2026-06-24 18:42:46,CSMT,18.94,72.835,CR,2026-06-24T18:30,0.1,0.1,open-meteo
2026-06-24 18:42:46,Sion,19.043,72.862,CR-hotspot,2026-06-24T18:30,0.1,0.1,open-meteo
2026-06-24 18:42:46,Kurla,19.065,72.879,CR-hotspot,,,,open-meteo-ERR
2026-06-24 18:42:46,Thane,19.186,72.975,CR,2026-06-24T18:45,0.0,0.0,open-meteo
2026-06-24 18:42:46,Kalyan,19.243,73.13,CR,2026-06-24T18:45,0.0,0.0,open-meteo
2026-06-24 18:42:46,Chunnabhatti,19.046,72.875,Harbour-hotspot,2026-06-24T18:45,0.1,0.1,open-meteo
2026-06-24 18:42:46,Matunga,19.027,72.852,CR-hotspot,,,,open-meteo-ERR
2026-06-24 21:10:50,Churchgate,18.935,72.827,WR,2026-06-24T21:00,0.1,0.1,open-meteo
2026-06-24 21:10:50,Dadar,19.018,72.844,WR/CR,2026-06-24T21:00,0.1,0.1,open-meteo
2026-06-24 21:10:50,Andheri,19.119,72.846,WR,2026-06-24T21:00,0.0,0.0,open-meteo
2026-06-24 21:10:50,Borivali,19.231,72.857,WR,,,,open-meteo-ERR
2026-06-24 21:10:50,Virar,19.455,72.811,WR,2026-06-24T21:00,0.2,0.2,open-meteo
2026-06-24 21:10:50,CSMT,18.94,72.835,CR,2026-06-24T21:00,0.1,0.1,open-meteo
2026-06-24 21:10:50,Sion,19.043,72.862,CR-hotspot,2026-06-24T21:00,0.1,0.1,open-meteo
2026-06-24 21:10:50,Kurla,19.065,72.879,CR-hotspot,,,,open-meteo-ERR
2026-06-24 21:10:50,Thane,19.186,72.975,CR,2026-06-24T21:00,0.0,0.0,open-meteo
2026-06-24 21:10:50,Kalyan,19.243,73.13,CR,2026-06-24T21:00,0.0,0.0,open-meteo
2026-06-24 21:10:50,Chunnabhatti,19.046,72.875,Harbour-hotspot,2026-06-24T21:00,0.1,0.1,open-meteo
2026-06-24 21:10:50,Matunga,19.027,72.852,CR-hotspot,,,,open-meteo-ERR
2026-06-24 23:18:22,Churchgate,18.935,72.827,WR,2026-06-24T23:15,0.5,0.5,open-meteo
2026-06-24 23:18:22,Dadar,19.018,72.844,WR/CR,2026-06-24T23:15,0.5,0.5,open-meteo
2026-06-24 23:18:22,Andheri,19.119,72.846,WR,2026-06-24T23:15,0.5,0.5,open-meteo
2026-06-24 23:18:22,Borivali,19.231,72.857,WR,2026-06-24T23:15,0.6,0.6,open-meteo
2026-06-24 23:18:22,Virar,19.455,72.811,WR,,,,open-meteo-ERR
2026-06-24 23:18:22,CSMT,18.94,72.835,CR,2026-06-24T23:15,0.5,0.5,open-meteo
2026-06-24 23:18:22,Sion,19.043,72.862,CR-hotspot,2026-06-24T23:15,0.5,0.5,open-meteo
2026-06-24 23:18:22,Kurla,19.065,72.879,CR-hotspot,2026-06-24T23:15,0.5,0.5,open-meteo
2026-06-24 23:18:22,Thane,19.186,72.975,CR,2026-06-24T23:15,0.1,0.1,open-meteo
2026-06-24 23:18:22,Kalyan,19.243,73.13,CR,2026-06-24T23:15,0.0,0.0,open-meteo
2026-06-24 23:18:22,Chunnabhatti,19.046,72.875,Harbour-hotspot,,,,open-meteo-ERR
2026-06-24 23:18:22,Matunga,19.027,72.852,CR-hotspot,2026-06-24T23:15,0.5,0.5,open-meteo
2026-06-25 00:57:31,Churchgate,18.935,72.827,WR,2026-06-25T00:45,0.1,0.1,open-meteo
2026-06-25 00:57:31,Dadar,19.018,72.844,WR/CR,2026-06-25T00:45,0.1,0.1,open-meteo
2026-06-25 00:57:31,Andheri,19.119,72.846,WR,2026-06-25T00:45,0.1,0.1,open-meteo
2026-06-25 00:57:31,Borivali,19.231,72.857,WR,,,,open-meteo-ERR
2026-06-25 00:57:31,Virar,19.455,72.811,WR,2026-06-25T00:45,0.0,0.0,open-meteo
2026-06-25 00:57:31,CSMT,18.94,72.835,CR,2026-06-25T00:45,0.1,0.1,open-meteo
2026-06-25 00:57:31,Sion,19.043,72.862,CR-hotspot,2026-06-25T00:45,0.1,0.1,open-meteo
2026-06-25 00:57:31,Kurla,19.065,72.879,CR-hotspot,2026-06-25T00:45,0.1,0.1,open-meteo
2026-06-25 00:57:31,Thane,19.186,72.975,CR,,,,open-meteo-ERR
2026-06-25 00:57:31,Kalyan,19.243,73.13,CR,2026-06-25T01:00,0.0,0.0,open-meteo
2026-06-25 00:57:31,Chunnabhatti,19.046,72.875,Harbour-hotspot,2026-06-25T01:00,0.1,0.1,open-meteo
2026-06-25 00:57:31,Matunga,19.027,72.852,CR-hotspot,2026-06-25T01:00,0.1,0.1,open-meteo
2026-06-25 02:39:26,Churchgate,18.935,72.827,WR,2026-06-25T02:30,0.1,0.1,open-meteo
2026-06-25 02:39:26,Dadar,19.018,72.844,WR/CR,2026-06-25T02:30,0.1,0.1,open-meteo
2026-06-25 02:39:26,Andheri,19.119,72.846,WR,2026-06-25T02:30,0.1,0.1,open-meteo
2026-06-25 02:39:26,Borivali,19.231,72.857,WR,,,,open-meteo-ERR
2026-06-25 02:39:26,Virar,19.455,72.811,WR,2026-06-25T02:30,0.0,0.0,open-meteo
2026-06-25 02:39:26,CSMT,18.94,72.835,CR,2026-06-25T02:30,0.1,0.1,open-meteo
2026-06-25 02:39:26,Sion,19.043,72.862,CR-hotspot,2026-06-25T02:30,0.1,0.1,open-meteo
2026-06-25 02:39:26,Kurla,19.065,72.879,CR-hotspot,2026-06-25T02:30,0.1,0.1,open-meteo
2026-06-25 02:39:26,Thane,19.186,72.975,CR,,,,open-meteo-ERR
2026-06-25 02:39:26,Kalyan,19.243,73.13,CR,2026-06-25T02:30,0.0,0.0,open-meteo
2026-06-25 02:39:26,Chunnabhatti,19.046,72.875,Harbour-hotspot,2026-06-25T02:30,0.1,0.1,open-meteo
2026-06-25 02:39:26,Matunga,19.027,72.852,CR-hotspot,2026-06-25T02:30,0.1,0.1,open-meteo
2026-06-25 04:17:33,Churchgate,18.935,72.827,WR,2026-06-25T04:15,0.0,0.0,open-meteo
2026-06-25 04:17:33,Dadar,19.018,72.844,WR/CR,2026-06-25T04:15,0.0,0.0,open-meteo
2026-06-25 04:17:33,Andheri,19.119,72.846,WR,2026-06-25T04:15,0.0,0.0,open-meteo
2026-06-25 04:17:33,Borivali,19.231,72.857,WR,2026-06-25T04:15,0.1,0.1,open-meteo
2026-06-25 04:17:33,Virar,19.455,72.811,WR,,,,open-meteo-ERR
2026-06-25 04:17:33,CSMT,18.94,72.835,CR,2026-06-25T04:15,0.0,0.0,open-meteo
2026-06-25 04:17:33,Sion,19.043,72.862,CR-hotspot,2026-06-25T04:15,0.0,0.0,open-meteo
2026-06-25 04:17:33,Kurla,19.065,72.879,CR-hotspot,2026-06-25T04:15,0.0,0.0,open-meteo
2026-06-25 04:17:33,Thane,19.186,72.975,CR,2026-06-25T04:15,0.0,0.0,open-meteo
2026-06-25 04:17:33,Kalyan,19.243,73.13,CR,2026-06-25T04:15,0.0,0.0,open-meteo
2026-06-25 04:17:33,Chunnabhatti,19.046,72.875,Harbour-hotspot,,,,open-meteo-ERR
2026-06-25 04:17:33,Matunga,19.027,72.852,CR-hotspot,2026-06-25T04:15,0.0,0.0,open-meteo
2026-06-25 05:30:30,Churchgate,18.935,72.827,WR,2026-06-25T05:30,0.0,0.0,open-meteo
2026-06-25 05:30:30,Dadar,19.018,72.844,WR/CR,2026-06-25T05:30,0.0,0.0,open-meteo
2026-06-25 05:30:30,Andheri,19.119,72.846,WR,2026-06-25T05:30,0.0,0.0,open-meteo
2026-06-25 05:30:30,Borivali,19.231,72.857,WR,,,,open-meteo-ERR
2026-06-25 05:30:30,Virar,19.455,72.811,WR,2026-06-25T05:30,0.0,0.0,open-meteo
2026-06-25 05:30:30,CSMT,18.94,72.835,CR,2026-06-25T05:30,0.0,0.0,open-meteo
2026-06-25 05:30:30,Sion,19.043,72.862,CR-hotspot,2026-06-25T05:30,0.0,0.0,open-meteo
2026-06-25 05:30:30,Kurla,19.065,72.879,CR-hotspot,,,,open-meteo-ERR
2026-06-25 05:30:30,Thane,19.186,72.975,CR,2026-06-25T05:30,0.0,0.0,open-meteo
2026-06-25 05:30:30,Kalyan,19.243,73.13,CR,2026-06-25T05:30,0.0,0.0,open-meteo
2026-06-25 05:30:30,Chunnabhatti,19.046,72.875,Harbour-hotspot,2026-06-25T05:30,0.0,0.0,open-meteo
2026-06-25 05:30:30,Matunga,19.027,72.852,CR-hotspot,,,,open-meteo-ERR
2026-06-25 10:10:47,Churchgate,18.935,72.827,WR,2026-06-25T10:00,0.0,0.0,open-meteo
2026-06-25 10:10:47,Dadar,19.018,72.844,WR/CR,2026-06-25T10:00,0.0,0.0,open-meteo
2026-06-25 10:10:47,Andheri,19.119,72.846,WR,2026-06-25T10:00,0.0,0.0,open-meteo
2026-06-25 10:10:47,Borivali,19.231,72.857,WR,2026-06-25T10:00,0.0,0.0,open-meteo
2026-06-25 10:10:47,Virar,19.455,72.811,WR,,,,open-meteo-ERR
2026-06-25 10:10:47,CSMT,18.94,72.835,CR,2026-06-25T10:00,0.0,0.0,open-meteo
2026-06-25 10:10:47,Sion,19.043,72.862,CR-hotspot,2026-06-25T10:00,0.0,0.0,open-meteo
2026-06-25 10:10:47,Kurla,19.065,72.879,CR-hotspot,2026-06-25T10:00,0.0,0.0,open-meteo
2026-06-25 10:10:47,Thane,19.186,72.975,CR,2026-06-25T10:00,0.1,0.1,open-meteo
2026-06-25 10:10:47,Kalyan,19.243,73.13,CR,2026-06-25T10:00,0.1,0.1,open-meteo
2026-06-25 10:10:47,Chunnabhatti,19.046,72.875,Harbour-hotspot,2026-06-25T10:00,0.0,0.0,open-meteo
2026-06-25 10:10:47,Matunga,19.027,72.852,CR-hotspot,,,,open-meteo-ERR
2026-06-25 13:48:05,Churchgate,18.935,72.827,WR,2026-06-25T13:45,0.0,0.0,open-meteo
2026-06-25 13:48:05,Dadar,19.018,72.844,WR/CR,2026-06-25T13:45,0.0,0.0,open-meteo
2026-06-25 13:48:05,Andheri,19.119,72.846,WR,2026-06-25T13:45,0.0,0.0,open-meteo
2026-06-25 13:48:05,Borivali,19.231,72.857,WR,2026-06-25T13:45,0.0,0.0,open-meteo
2026-06-25 13:48:05,Virar,19.455,72.811,WR,,,,open-meteo-ERR
2026-06-25 13:48:05,CSMT,18.94,72.835,CR,2026-06-25T13:45,0.0,0.0,open-meteo
2026-06-25 13:48:05,Sion,19.043,72.862,CR-hotspot,2026-06-25T13:45,0.0,0.0,open-meteo
2026-06-25 13:48:05,Kurla,19.065,72.879,CR-hotspot,2026-06-25T13:45,0.0,0.0,open-meteo
2026-06-25 13:48:05,Thane,19.186,72.975,CR,2026-06-25T13:45,0.0,0.0,open-meteo
2026-06-25 13:48:05,Kalyan,19.243,73.13,CR,2026-06-25T13:45,0.0,0.0,open-meteo
2026-06-25 13:48:05,Chunnabhatti,19.046,72.875,Harbour-hotspot,,,,open-meteo-ERR
2026-06-25 13:48:05,Matunga,19.027,72.852,CR-hotspot,2026-06-25T13:45,0.0,0.0,open-meteo
2026-06-25 16:42:17,Churchgate,18.935,72.827,WR,2026-06-25T16:30,0.1,0.1,open-meteo
2026-06-25 16:42:17,Dadar,19.018,72.844,WR/CR,2026-06-25T16:30,0.1,0.1,open-meteo
2026-06-25 16:42:17,Andheri,19.119,72.846,WR,2026-06-25T16:30,0.0,0.0,open-meteo
2026-06-25 16:42:17,Borivali,19.231,72.857,WR,,,,open-meteo-ERR
2026-06-25 16:42:17,Virar,19.455,72.811,WR,2026-06-25T16:30,0.1,0.1,open-meteo
2026-06-25 16:42:17,CSMT,18.94,72.835,CR,2026-06-25T16:30,0.1,0.1,open-meteo
2026-06-25 16:42:17,Sion,19.043,72.862,CR-hotspot,2026-06-25T16:30,0.1,0.1,open-meteo
2026-06-25 16:42:17,Kurla,19.065,72.879,CR-hotspot,2026-06-25T16:30,0.0,0.0,open-meteo
2026-06-25 16:42:17,Thane,19.186,72.975,CR,,,,open-meteo-ERR
2026-06-25 16:42:17,Kalyan,19.243,73.13,CR,2026-06-25T16:45,0.0,0.0,open-meteo
2026-06-25 16:42:17,Chunnabhatti,19.046,72.875,Harbour-hotspot,2026-06-25T16:45,0.0,0.0,open-meteo
2026-06-25 16:42:17,Matunga,19.027,72.852,CR-hotspot,2026-06-25T16:45,0.0,0.0,open-meteo
2026-06-25 19:03:04,Churchgate,18.935,72.827,WR,2026-06-25T19:00,0.0,0.0,open-meteo
2026-06-25 19:03:04,Dadar,19.018,72.844,WR/CR,2026-06-25T19:00,0.0,0.0,open-meteo
2026-06-25 19:03:04,Andheri,19.119,72.846,WR,2026-06-25T19:00,0.0,0.0,open-meteo
2026-06-25 19:03:04,Borivali,19.231,72.857,WR,2026-06-25T19:00,0.0,0.0,open-meteo
2026-06-25 19:03:04,Virar,19.455,72.811,WR,2026-06-25T19:00,0.0,0.0,open-meteo
2026-06-25 19:03:04,CSMT,18.94,72.835,CR,2026-06-25T19:00,0.0,0.0,open-meteo
2026-06-25 19:03:04,Sion,19.043,72.862,CR-hotspot,2026-06-25T19:00,0.0,0.0,open-meteo
2026-06-25 19:03:04,Kurla,19.065,72.879,CR-hotspot,2026-06-25T19:00,0.0,0.0,open-meteo
2026-06-25 19:03:04,Thane,19.186,72.975,CR,2026-06-25T19:00,0.0,0.0,open-meteo
2026-06-25 19:03:04,Kalyan,19.243,73.13,CR,2026-06-25T19:00,0.0,0.0,open-meteo
2026-06-25 19:03:04,Chunnabhatti,19.046,72.875,Harbour-hotspot,2026-06-25T19:00,0.0,0.0,open-meteo
2026-06-25 19:03:04,Matunga,19.027,72.852,CR-hotspot,2026-06-25T19:00,0.0,0.0,open-meteo
2026-06-25 21:47:51,Churchgate,18.935,72.827,WR,2026-06-25T21:45,0.1,0.0,open-meteo
2026-06-25 21:47:51,Dadar,19.018,72.844,WR/CR,2026-06-25T21:45,0.1,0.0,open-meteo
2026-06-25 21:47:51,Andheri,19.119,72.846,WR,2026-06-25T21:45,0.1,0.0,open-meteo
2026-06-25 21:47:51,Borivali,19.231,72.857,WR,,,,open-meteo-ERR
2026-06-25 21:47:51,Virar,19.455,72.811,WR,2026-06-25T21:45,0.1,0.1,open-meteo
2026-06-25 21:47:51,CSMT,18.94,72.835,CR,2026-06-25T21:45,0.1,0.0,open-meteo
2026-06-25 21:47:51,Sion,19.043,72.862,CR-hotspot,2026-06-25T21:45,0.1,0.0,open-meteo
2026-06-25 21:47:51,Kurla,19.065,72.879,CR-hotspot,,,,open-meteo-ERR
2026-06-25 21:47:51,Thane,19.186,72.975,CR,2026-06-25T21:45,0.1,0.0,open-meteo
2026-06-25 21:47:51,Kalyan,19.243,73.13,CR,2026-06-25T21:45,0.0,0.0,open-meteo
2026-06-25 21:47:51,Chunnabhatti,19.046,72.875,Harbour-hotspot,2026-06-25T21:45,0.1,0.0,open-meteo
2026-06-25 21:47:51,Matunga,19.027,72.852,CR-hotspot,2026-06-25T21:45,0.1,0.0,open-meteo
2026-06-26 00:00:17,Churchgate,18.935,72.827,WR,2026-06-26T00:00,0.0,0.0,open-meteo
2026-06-26 00:00:17,Dadar,19.018,72.844,WR/CR,2026-06-26T00:00,0.0,0.0,open-meteo
2026-06-26 00:00:17,Andheri,19.119,72.846,WR,2026-06-26T00:00,0.2,0.2,open-meteo
2026-06-26 00:00:17,Borivali,19.231,72.857,WR,2026-06-26T00:00,0.1,0.1,open-meteo
2026-06-26 00:00:17,Virar,19.455,72.811,WR,2026-06-26T00:00,0.2,0.1,open-meteo
2026-06-26 00:00:17,CSMT,18.94,72.835,CR,2026-06-26T00:00,0.0,0.0,open-meteo
2026-06-26 00:00:17,Sion,19.043,72.862,CR-hotspot,2026-06-26T00:00,0.0,0.0,open-meteo
2026-06-26 00:00:17,Kurla,19.065,72.879,CR-hotspot,2026-06-26T00:00,0.2,0.2,open-meteo
2026-06-26 00:00:17,Thane,19.186,72.975,CR,2026-06-26T00:00,0.1,0.1,open-meteo
2026-06-26 00:00:17,Kalyan,19.243,73.13,CR,2026-06-26T00:00,0.2,0.1,open-meteo
2026-06-26 00:00:17,Chunnabhatti,19.046,72.875,Harbour-hotspot,,,,open-meteo-ERR
2026-06-26 00:00:17,Matunga,19.027,72.852,CR-hotspot,2026-06-26T00:00,0.0,0.0,open-meteo
2026-06-26 02:22:48,Churchgate,18.935,72.827,WR,2026-06-26T02:15,0.0,0.0,open-meteo
2026-06-26 02:22:48,Dadar,19.018,72.844,WR/CR,2026-06-26T02:15,0.0,0.0,open-meteo
2026-06-26 02:22:48,Andheri,19.119,72.846,WR,2026-06-26T02:15,0.0,0.0,open-meteo
2026-06-26 02:22:48,Borivali,19.231,72.857,WR,2026-06-26T02:15,0.0,0.0,open-meteo
2026-06-26 02:22:48,Virar,19.455,72.811,WR,,,,open-meteo-ERR
2026-06-26 02:22:48,CSMT,18.94,72.835,CR,2026-06-26T02:15,0.0,0.0,open-meteo
2026-06-26 02:22:48,Sion,19.043,72.862,CR-hotspot,2026-06-26T02:15,0.0,0.0,open-meteo
2026-06-26 02:22:48,Kurla,19.065,72.879,CR-hotspot,2026-06-26T02:15,0.0,0.0,open-meteo
2026-06-26 02:22:48,Thane,19.186,72.975,CR,,,,open-meteo-ERR
2026-06-26 02:22:48,Kalyan,19.243,73.13,CR,2026-06-26T02:15,0.0,0.0,open-meteo
2026-06-26 02:22:48,Chunnabhatti,19.046,72.875,Harbour-hotspot,2026-06-26T02:15,0.0,0.0,open-meteo
2026-06-26 02:22:48,Matunga,19.027,72.852,CR-hotspot,2026-06-26T02:15,0.0,0.0,open-meteo
2026-06-26 03:46:20,Churchgate,18.935,72.827,WR,2026-06-26T03:45,0.0,0.0,open-meteo
2026-06-26 03:46:20,Dadar,19.018,72.844,WR/CR,2026-06-26T03:45,0.0,0.0,open-meteo
2026-06-26 03:46:20,Andheri,19.119,72.846,WR,2026-06-26T03:45,0.0,0.0,open-meteo
2026-06-26 03:46:20,Borivali,19.231,72.857,WR,,,,open-meteo-ERR
2026-06-26 03:46:20,Virar,19.455,72.811,WR,2026-06-26T03:45,0.0,0.0,open-meteo
2026-06-26 03:46:20,CSMT,18.94,72.835,CR,2026-06-26T03:45,0.0,0.0,open-meteo
2026-06-26 03:46:20,Sion,19.043,72.862,CR-hotspot,2026-06-26T03:45,0.0,0.0,open-meteo
2026-06-26 03:46:20,Kurla,19.065,72.879,CR-hotspot,,,,open-meteo-ERR
2026-06-26 03:46:20,Thane,19.186,72.975,CR,2026-06-26T03:45,0.0,0.0,open-meteo
2026-06-26 03:46:20,Kalyan,19.243,73.13,CR,2026-06-26T03:45,0.0,0.0,open-meteo
2026-06-26 03:46:20,Chunnabhatti,19.046,72.875,Harbour-hotspot,2026-06-26T03:45,0.0,0.0,open-meteo
2026-06-26 03:46:20,Matunga,19.027,72.852,CR-hotspot,,,,open-meteo-ERR
2026-06-26 05:19:58,Churchgate,18.935,72.827,WR,2026-06-26T05:15,0.0,0.0,open-meteo
2026-06-26 05:19:58,Dadar,19.018,72.844,WR/CR,2026-06-26T05:15,0.0,0.0,open-meteo
2026-06-26 05:19:58,Andheri,19.119,72.846,WR,2026-06-26T05:15,0.0,0.0,open-meteo
2026-06-26 05:19:58,Borivali,19.231,72.857,WR,,,,open-meteo-ERR
2026-06-26 05:19:58,Virar,19.455,72.811,WR,2026-06-26T05:15,0.0,0.0,open-meteo
2026-06-26 05:19:58,CSMT,18.94,72.835,CR,2026-06-26T05:15,0.0,0.0,open-meteo
2026-06-26 05:19:58,Sion,19.043,72.862,CR-hotspot,2026-06-26T05:15,0.0,0.0,open-meteo
2026-06-26 05:19:58,Kurla,19.065,72.879,CR-hotspot,,,,open-meteo-ERR
2026-06-26 05:19:58,Thane,19.186,72.975,CR,2026-06-26T05:15,0.0,0.0,open-meteo
2026-06-26 05:19:58,Kalyan,19.243,73.13,CR,2026-06-26T05:15,0.0,0.0,open-meteo
2026-06-26 05:19:58,Chunnabhatti,19.046,72.875,Harbour-hotspot,2026-06-26T05:15,0.0,0.0,open-meteo
2026-06-26 05:19:58,Matunga,19.027,72.852,CR-hotspot,2026-06-26T05:15,0.0,0.0,open-meteo
2026-06-26 08:04:53,Churchgate,18.935,72.827,WR,2026-06-26T08:00,0.0,0.0,open-meteo
2026-06-26 08:04:53,Dadar,19.018,72.844,WR/CR,2026-06-26T08:00,0.0,0.0,open-meteo
2026-06-26 08:04:53,Andheri,19.119,72.846,WR,2026-06-26T08:00,0.1,0.0,open-meteo
2026-06-26 08:04:53,Borivali,19.231,72.857,WR,2026-06-26T08:00,0.2,0.1,open-meteo
2026-06-26 08:04:53,Virar,19.455,72.811,WR,,,,open-meteo-ERR
2026-06-26 08:04:53,CSMT,18.94,72.835,CR,2026-06-26T08:00,0.0,0.0,open-meteo
2026-06-26 08:04:53,Sion,19.043,72.862,CR-hotspot,2026-06-26T08:00,0.0,0.0,open-meteo
2026-06-26 08:04:53,Kurla,19.065,72.879,CR-hotspot,2026-06-26T08:00,0.1,0.0,open-meteo
2026-06-26 08:04:53,Thane,19.186,72.975,CR,2026-06-26T08:00,0.0,0.0,open-meteo
2026-06-26 08:04:53,Kalyan,19.243,73.13,CR,2026-06-26T08:00,0.0,0.0,open-meteo
2026-06-26 08:04:53,Chunnabhatti,19.046,72.875,Harbour-hotspot,,,,open-meteo-ERR
2026-06-26 08:04:53,Matunga,19.027,72.852,CR-hotspot,2026-06-26T08:00,0.0,0.0,open-meteo
2026-06-26 12:15:56,Churchgate,18.935,72.827,WR,2026-06-26T12:15,0.0,0.0,open-meteo
2026-06-26 12:15:56,Dadar,19.018,72.844,WR/CR,2026-06-26T12:15,0.0,0.0,open-meteo
2026-06-26 12:15:56,Andheri,19.119,72.846,WR,2026-06-26T12:15,0.0,0.0,open-meteo
2026-06-26 12:15:56,Borivali,19.231,72.857,WR,2026-06-26T12:15,0.0,0.0,open-meteo
2026-06-26 12:15:56,Virar,19.455,72.811,WR,,,,open-meteo-ERR
2026-06-26 12:15:56,CSMT,18.94,72.835,CR,2026-06-26T12:15,0.0,0.0,open-meteo
2026-06-26 12:15:56,Sion,19.043,72.862,CR-hotspot,2026-06-26T12:15,0.0,0.0,open-meteo
2026-06-26 12:15:56,Kurla,19.065,72.879,CR-hotspot,2026-06-26T12:15,0.0,0.0,open-meteo
2026-06-26 12:15:56,Thane,19.186,72.975,CR,2026-06-26T12:15,0.0,0.0,open-meteo
2026-06-26 12:15:56,Kalyan,19.243,73.13,CR,2026-06-26T12:15,0.0,0.0,open-meteo
2026-06-26 12:15:56,Chunnabhatti,19.046,72.875,Harbour-hotspot,,,,open-meteo-ERR
2026-06-26 12:15:56,Matunga,19.027,72.852,CR-hotspot,2026-06-26T12:15,0.0,0.0,open-meteo
2026-06-26 15:46:05,Churchgate,18.935,72.827,WR,2026-06-26T15:45,0.0,0.0,open-meteo
2026-06-26 15:46:05,Dadar,19.018,72.844,WR/CR,2026-06-26T15:45,0.0,0.0,open-meteo
2026-06-26 15:46:05,Andheri,19.119,72.846,WR,2026-06-26T15:45,0.0,0.0,open-meteo
2026-06-26 15:46:05,Borivali,19.231,72.857,WR,2026-06-26T15:45,0.0,0.0,open-meteo
2026-06-26 15:46:05,Virar,19.455,72.811,WR,,,,open-meteo-ERR
2026-06-26 15:46:05,CSMT,18.94,72.835,CR,2026-06-26T15:45,0.0,0.0,open-meteo
2026-06-26 15:46:05,Sion,19.043,72.862,CR-hotspot,2026-06-26T15:45,0.0,0.0,open-meteo
2026-06-26 15:46:05,Kurla,19.065,72.879,CR-hotspot,2026-06-26T15:45,0.0,0.0,open-meteo
2026-06-26 15:46:05,Thane,19.186,72.975,CR,2026-06-26T15:45,0.0,0.0,open-meteo
2026-06-26 15:46:05,Kalyan,19.243,73.13,CR,2026-06-26T15:45,0.0,0.0,open-meteo
2026-06-26 15:46:05,Chunnabhatti,19.046,72.875,Harbour-hotspot,,,,open-meteo-ERR
2026-06-26 15:46:05,Matunga,19.027,72.852,CR-hotspot,2026-06-26T15:45,0.0,0.0,open-meteo
2026-06-26 17:59:41,Churchgate,18.935,72.827,WR,2026-06-26T17:45,0.0,0.0,open-meteo
2026-06-26 17:59:41,Dadar,19.018,72.844,WR/CR,2026-06-26T17:45,0.0,0.0,open-meteo
2026-06-26 17:59:41,Andheri,19.119,72.846,WR,2026-06-26T17:45,0.0,0.0,open-meteo
2026-06-26 17:59:41,Borivali,19.231,72.857,WR,,,,open-meteo-ERR
2026-06-26 17:59:41,Virar,19.455,72.811,WR,2026-06-26T18:00,0.0,0.0,open-meteo
2026-06-26 17:59:41,CSMT,18.94,72.835,CR,2026-06-26T18:00,0.0,0.0,open-meteo
2026-06-26 17:59:41,Sion,19.043,72.862,CR-hotspot,2026-06-26T18:00,0.0,0.0,open-meteo
2026-06-26 17:59:41,Kurla,19.065,72.879,CR-hotspot,2026-06-26T18:00,0.0,0.0,open-meteo
2026-06-26 17:59:41,Thane,19.186,72.975,CR,2026-06-26T18:00,0.0,0.0,open-meteo
2026-06-26 17:59:41,Kalyan,19.243,73.13,CR,2026-06-26T18:00,0.0,0.0,open-meteo
2026-06-26 17:59:41,Chunnabhatti,19.046,72.875,Harbour-hotspot,,,,open-meteo-ERR
2026-06-26 17:59:41,Matunga,19.027,72.852,CR-hotspot,2026-06-26T18:00,0.0,0.0,open-meteo
2026-06-26 20:42:24,Churchgate,18.935,72.827,WR,2026-06-26T20:30,0.0,0.0,open-meteo
2026-06-26 20:42:24,Dadar,19.018,72.844,WR/CR,2026-06-26T20:30,0.0,0.0,open-meteo
2026-06-26 20:42:24,Andheri,19.119,72.846,WR,2026-06-26T20:30,0.0,0.0,open-meteo
2026-06-26 20:42:24,Borivali,19.231,72.857,WR,,,,open-meteo-ERR
2026-06-26 20:42:24,Virar,19.455,72.811,WR,2026-06-26T20:30,0.0,0.0,open-meteo
2026-06-26 20:42:24,CSMT,18.94,72.835,CR,2026-06-26T20:30,0.0,0.0,open-meteo
2026-06-26 20:42:24,Sion,19.043,72.862,CR-hotspot,2026-06-26T20:30,0.0,0.0,open-meteo
2026-06-26 20:42:24,Kurla,19.065,72.879,CR-hotspot,,,,open-meteo-ERR
2026-06-26 20:42:24,Thane,19.186,72.975,CR,2026-06-26T20:45,0.0,0.0,open-meteo
2026-06-26 20:42:24,Kalyan,19.243,73.13,CR,2026-06-26T20:45,0.0,0.0,open-meteo
2026-06-26 20:42:24,Chunnabhatti,19.046,72.875,Harbour-hotspot,2026-06-26T20:45,0.0,0.0,open-meteo
2026-06-26 20:42:24,Matunga,19.027,72.852,CR-hotspot,,,,open-meteo-ERR
2026-06-26 22:44:07,Churchgate,18.935,72.827,WR,2026-06-26T22:30,0.0,0.0,open-meteo
2026-06-26 22:44:07,Dadar,19.018,72.844,WR/CR,2026-06-26T22:30,0.0,0.0,open-meteo
2026-06-26 22:44:07,Andheri,19.119,72.846,WR,2026-06-26T22:30,0.0,0.0,open-meteo
2026-06-26 22:44:07,Borivali,19.231,72.857,WR,,,,open-meteo-ERR
2026-06-26 22:44:07,Virar,19.455,72.811,WR,2026-06-26T22:45,0.0,0.0,open-meteo
2026-06-26 22:44:07,CSMT,18.94,72.835,CR,2026-06-26T22:45,0.0,0.0,open-meteo
2026-06-26 22:44:07,Sion,19.043,72.862,CR-hotspot,2026-06-26T22:45,0.0,0.0,open-meteo
2026-06-26 22:44:07,Kurla,19.065,72.879,CR-hotspot,,,,open-meteo-ERR
2026-06-26 22:44:07,Thane,19.186,72.975,CR,2026-06-26T22:45,0.0,0.0,open-meteo
2026-06-26 22:44:07,Kalyan,19.243,73.13,CR,2026-06-26T22:45,0.0,0.0,open-meteo
2026-06-26 22:44:07,Chunnabhatti,19.046,72.875,Harbour-hotspot,2026-06-26T22:45,0.0,0.0,open-meteo
2026-06-26 22:44:07,Matunga,19.027,72.852,CR-hotspot,,,,open-meteo-ERR
2026-06-27 00:45:00,Churchgate,18.935,72.827,WR,2026-06-27T00:45,0.1,0.1,open-meteo
2026-06-27 00:45:00,Dadar,19.018,72.844,WR/CR,2026-06-27T00:45,0.1,0.1,open-meteo
2026-06-27 00:45:00,Andheri,19.119,72.846,WR,2026-06-27T00:45,0.1,0.1,open-meteo
2026-06-27 00:45:00,Borivali,19.231,72.857,WR,,,,open-meteo-ERR
2026-06-27 00:45:00,Virar,19.455,72.811,WR,2026-06-27T00:45,0.2,0.1,open-meteo
2026-06-27 00:45:00,CSMT,18.94,72.835,CR,2026-06-27T00:45,0.1,0.1,open-meteo
2026-06-27 00:45:00,Sion,19.043,72.862,CR-hotspot,2026-06-27T00:45,0.1,0.1,open-meteo
2026-06-27 00:45:00,Kurla,19.065,72.879,CR-hotspot,,,,open-meteo-ERR
2026-06-27 00:45:00,Thane,19.186,72.975,CR,2026-06-27T00:45,0.1,0.1,open-meteo
2026-06-27 00:45:00,Kalyan,19.243,73.13,CR,2026-06-27T00:45,0.0,0.0,open-meteo
2026-06-27 00:45:00,Chunnabhatti,19.046,72.875,Harbour-hotspot,2026-06-27T00:45,0.1,0.1,open-meteo
2026-06-27 00:45:00,Matunga,19.027,72.852,CR-hotspot,,,,open-meteo-ERR
2026-06-27 02:33:07,Churchgate,18.935,72.827,WR,2026-06-27T02:30,0.0,0.0,open-meteo
2026-06-27 02:33:07,Dadar,19.018,72.844,WR/CR,2026-06-27T02:30,0.0,0.0,open-meteo
2026-06-27 02:33:07,Andheri,19.119,72.846,WR,2026-06-27T02:30,0.1,0.1,open-meteo
2026-06-27 02:33:07,Borivali,19.231,72.857,WR,2026-06-27T02:30,0.1,0.1,open-meteo
2026-06-27 02:33:07,Virar,19.455,72.811,WR,,,,open-meteo-ERR
2026-06-27 02:33:07,CSMT,18.94,72.835,CR,2026-06-27T02:30,0.0,0.0,open-meteo
2026-06-27 02:33:07,Sion,19.043,72.862,CR-hotspot,2026-06-27T02:30,0.0,0.0,open-meteo
2026-06-27 02:33:07,Kurla,19.065,72.879,CR-hotspot,2026-06-27T02:30,0.1,0.1,open-meteo
2026-06-27 02:33:07,Thane,19.186,72.975,CR,2026-06-27T02:30,0.0,0.0,open-meteo
2026-06-27 02:33:07,Kalyan,19.243,73.13,CR,2026-06-27T02:30,0.0,0.0,open-meteo
2026-06-27 02:33:07,Chunnabhatti,19.046,72.875,Harbour-hotspot,,,,open-meteo-ERR
2026-06-27 02:33:07,Matunga,19.027,72.852,CR-hotspot,2026-06-27T02:30,0.0,0.0,open-meteo
2026-06-27 04:12:11,Churchgate,18.935,72.827,WR,2026-06-27T04:00,0.0,0.0,open-meteo
2026-06-27 04:12:11,Dadar,19.018,72.844,WR/CR,2026-06-27T04:00,0.0,0.0,open-meteo
2026-06-27 04:12:11,Andheri,19.119,72.846,WR,2026-06-27T04:00,0.0,0.0,open-meteo
2026-06-27 04:12:11,Borivali,19.231,72.857,WR,2026-06-27T04:00,0.0,0.0,open-meteo
2026-06-27 04:12:11,Virar,19.455,72.811,WR,,,,open-meteo-ERR
2026-06-27 04:12:11,CSMT,18.94,72.835,CR,2026-06-27T04:00,0.0,0.0,open-meteo
2026-06-27 04:12:11,Sion,19.043,72.862,CR-hotspot,2026-06-27T04:00,0.0,0.0,open-meteo
2026-06-27 04:12:11,Kurla,19.065,72.879,CR-hotspot,2026-06-27T04:00,0.0,0.0,open-meteo
2026-06-27 04:12:11,Thane,19.186,72.975,CR,2026-06-27T04:00,0.0,0.0,open-meteo
2026-06-27 04:12:11,Kalyan,19.243,73.13,CR,2026-06-27T04:00,0.0,0.0,open-meteo
2026-06-27 04:12:11,Chunnabhatti,19.046,72.875,Harbour-hotspot,,,,open-meteo-ERR
2026-06-27 04:12:11,Matunga,19.027,72.852,CR-hotspot,2026-06-27T04:15,0.0,0.0,open-meteo
2026-06-27 05:27:05,Churchgate,18.935,72.827,WR,2026-06-27T05:15,0.0,0.0,open-meteo
2026-06-27 05:27:05,Dadar,19.018,72.844,WR/CR,2026-06-27T05:15,0.0,0.0,open-meteo
2026-06-27 05:27:05,Andheri,19.119,72.846,WR,2026-06-27T05:15,0.0,0.0,open-meteo
2026-06-27 05:27:05,Borivali,19.231,72.857,WR,,,,open-meteo-ERR
2026-06-27 05:27:05,Virar,19.455,72.811,WR,2026-06-27T05:15,0.0,0.0,open-meteo
2026-06-27 05:27:05,CSMT,18.94,72.835,CR,2026-06-27T05:15,0.0,0.0,open-meteo
2026-06-27 05:27:05,Sion,19.043,72.862,CR-hotspot,2026-06-27T05:15,0.0,0.0,open-meteo
2026-06-27 05:27:05,Kurla,19.065,72.879,CR-hotspot,,,,open-meteo-ERR
2026-06-27 05:27:05,Thane,19.186,72.975,CR,2026-06-27T05:15,0.0,0.0,open-meteo
2026-06-27 05:27:05,Kalyan,19.243,73.13,CR,2026-06-27T05:15,0.0,0.0,open-meteo
2026-06-27 05:27:05,Chunnabhatti,19.046,72.875,Harbour-hotspot,2026-06-27T05:15,0.0,0.0,open-meteo
2026-06-27 05:27:05,Matunga,19.027,72.852,CR-hotspot,2026-06-27T05:15,0.0,0.0,open-meteo
2026-06-27 08:20:37,Churchgate,18.935,72.827,WR,2026-06-27T08:15,0.1,0.1,open-meteo
2026-06-27 08:20:37,Dadar,19.018,72.844,WR/CR,2026-06-27T08:15,0.1,0.1,open-meteo
2026-06-27 08:20:37,Andheri,19.119,72.846,WR,2026-06-27T08:15,0.0,0.0,open-meteo
2026-06-27 08:20:37,Borivali,19.231,72.857,WR,,,,open-meteo-ERR
2026-06-27 08:20:37,Virar,19.455,72.811,WR,2026-06-27T08:15,0.0,0.0,open-meteo
2026-06-27 08:20:37,CSMT,18.94,72.835,CR,2026-06-27T08:15,0.1,0.1,open-meteo
2026-06-27 08:20:37,Sion,19.043,72.862,CR-hotspot,2026-06-27T08:15,0.1,0.1,open-meteo
2026-06-27 08:20:37,Kurla,19.065,72.879,CR-hotspot,,,,open-meteo-ERR
2026-06-27 08:20:37,Thane,19.186,72.975,CR,2026-06-27T08:15,0.0,0.0,open-meteo
2026-06-27 08:20:37,Kalyan,19.243,73.13,CR,2026-06-27T08:15,0.0,0.0,open-meteo
2026-06-27 08:20:37,Chunnabhatti,19.046,72.875,Harbour-hotspot,2026-06-27T08:15,0.1,0.1,open-meteo
2026-06-27 08:20:37,Matunga,19.027,72.852,CR-hotspot,,,,open-meteo-ERR
2026-06-27 11:53:35,Churchgate,18.935,72.827,WR,2026-06-27T11:45,0.0,0.0,open-meteo
2026-06-27 11:53:35,Dadar,19.018,72.844,WR/CR,2026-06-27T11:45,0.0,0.0,open-meteo
2026-06-27 11:53:35,Andheri,19.119,72.846,WR,2026-06-27T11:45,0.0,0.0,open-meteo
2026-06-27 11:53:35,Borivali,19.231,72.857,WR,2026-06-27T11:45,0.0,0.0,open-meteo
2026-06-27 11:53:35,Virar,19.455,72.811,WR,,,,open-meteo-ERR
2026-06-27 11:53:35,CSMT,18.94,72.835,CR,2026-06-27T11:45,0.0,0.0,open-meteo
2026-06-27 11:53:35,Sion,19.043,72.862,CR-hotspot,2026-06-27T11:45,0.0,0.0,open-meteo
2026-06-27 11:53:35,Kurla,19.065,72.879,CR-hotspot,2026-06-27T11:45,0.0,0.0,open-meteo
2026-06-27 11:53:35,Thane,19.186,72.975,CR,2026-06-27T11:45,0.0,0.0,open-meteo
2026-06-27 11:53:35,Kalyan,19.243,73.13,CR,2026-06-27T11:45,0.0,0.0,open-meteo
2026-06-27 11:53:35,Chunnabhatti,19.046,72.875,Harbour-hotspot,,,,open-meteo-ERR
2026-06-27 11:53:35,Matunga,19.027,72.852,CR-hotspot,2026-06-27T11:45,0.0,0.0,open-meteo
2026-06-27 14:39:55,Churchgate,18.935,72.827,WR,2026-06-27T14:30,0.0,0.0,open-meteo
2026-06-27 14:39:55,Dadar,19.018,72.844,WR/CR,2026-06-27T14:30,0.0,0.0,open-meteo
2026-06-27 14:39:55,Andheri,19.119,72.846,WR,2026-06-27T14:30,0.0,0.0,open-meteo
2026-06-27 14:39:55,Borivali,19.231,72.857,WR,2026-06-27T14:30,0.0,0.0,open-meteo
2026-06-27 14:39:55,Virar,19.455,72.811,WR,2026-06-27T14:30,0.0,0.0,open-meteo
2026-06-27 14:39:55,CSMT,18.94,72.835,CR,2026-06-27T14:30,0.0,0.0,open-meteo
2026-06-27 14:39:55,Sion,19.043,72.862,CR-hotspot,2026-06-27T14:30,0.0,0.0,open-meteo
2026-06-27 14:39:55,Kurla,19.065,72.879,CR-hotspot,2026-06-27T14:30,0.0,0.0,open-meteo
2026-06-27 14:39:55,Thane,19.186,72.975,CR,,,,open-meteo-ERR
2026-06-27 14:39:55,Kalyan,19.243,73.13,CR,2026-06-27T14:30,0.0,0.0,open-meteo
2026-06-27 14:39:55,Chunnabhatti,19.046,72.875,Harbour-hotspot,2026-06-27T14:30,0.0,0.0,open-meteo
2026-06-27 14:39:55,Matunga,19.027,72.852,CR-hotspot,2026-06-27T14:30,0.0,0.0,open-meteo
2026-06-27 16:39:29,Churchgate,18.935,72.827,WR,2026-06-27T16:30,0.0,0.0,open-meteo
2026-06-27 16:39:29,Dadar,19.018,72.844,WR/CR,2026-06-27T16:30,0.0,0.0,open-meteo
2026-06-27 16:39:29,Andheri,19.119,72.846,WR,2026-06-27T16:30,0.0,0.0,open-meteo
2026-06-27 16:39:29,Borivali,19.231,72.857,WR,2026-06-27T16:30,0.0,0.0,open-meteo
2026-06-27 16:39:29,Virar,19.455,72.811,WR,,,,open-meteo-ERR
2026-06-27 16:39:29,CSMT,18.94,72.835,CR,2026-06-27T16:30,0.0,0.0,open-meteo
2026-06-27 16:39:29,Sion,19.043,72.862,CR-hotspot,2026-06-27T16:30,0.0,0.0,open-meteo
2026-06-27 16:39:29,Kurla,19.065,72.879,CR-hotspot,,,,open-meteo-ERR
2026-06-27 16:39:29,Thane,19.186,72.975,CR,2026-06-27T16:30,0.1,0.1,open-meteo
2026-06-27 16:39:29,Kalyan,19.243,73.13,CR,2026-06-27T16:30,0.1,0.1,open-meteo
2026-06-27 16:39:29,Chunnabhatti,19.046,72.875,Harbour-hotspot,2026-06-27T16:30,0.0,0.0,open-meteo
2026-06-27 16:39:29,Matunga,19.027,72.852,CR-hotspot,2026-06-27T16:30,0.0,0.0,open-meteo
2026-06-27 18:19:36,Churchgate,18.935,72.827,WR,2026-06-27T18:15,0.0,0.0,open-meteo
2026-06-27 18:19:36,Dadar,19.018,72.844,WR/CR,2026-06-27T18:15,0.0,0.0,open-meteo
2026-06-27 18:19:36,Andheri,19.119,72.846,WR,2026-06-27T18:15,0.0,0.0,open-meteo
2026-06-27 18:19:36,Borivali,19.231,72.857,WR,,,,open-meteo-ERR
2026-06-27 18:19:36,Virar,19.455,72.811,WR,2026-06-27T18:15,0.0,0.0,open-meteo
2026-06-27 18:19:36,CSMT,18.94,72.835,CR,2026-06-27T18:15,0.0,0.0,open-meteo
2026-06-27 18:19:36,Sion,19.043,72.862,CR-hotspot,2026-06-27T18:15,0.0,0.0,open-meteo
2026-06-27 18:19:36,Kurla,19.065,72.879,CR-hotspot,,,,open-meteo-ERR
2026-06-27 18:19:36,Thane,19.186,72.975,CR,2026-06-27T18:15,0.0,0.0,open-meteo
2026-06-27 18:19:36,Kalyan,19.243,73.13,CR,2026-06-27T18:15,0.1,0.1,open-meteo
2026-06-27 18:19:36,Chunnabhatti,19.046,72.875,Harbour-hotspot,2026-06-27T18:15,0.0,0.0,open-meteo
2026-06-27 18:19:36,Matunga,19.027,72.852,CR-hotspot,,,,open-meteo-ERR
2026-06-27 19:53:40,Churchgate,18.935,72.827,WR,2026-06-27T19:45,0.0,0.0,open-meteo
2026-06-27 19:53:40,Dadar,19.018,72.844,WR/CR,2026-06-27T19:45,0.0,0.0,open-meteo
2026-06-27 19:53:40,Andheri,19.119,72.846,WR,2026-06-27T19:45,0.0,0.0,open-meteo
2026-06-27 19:53:40,Borivali,19.231,72.857,WR,,,,open-meteo-ERR
2026-06-27 19:53:40,Virar,19.455,72.811,WR,2026-06-27T19:45,0.0,0.0,open-meteo
2026-06-27 19:53:40,CSMT,18.94,72.835,CR,2026-06-27T19:45,0.0,0.0,open-meteo
2026-06-27 19:53:40,Sion,19.043,72.862,CR-hotspot,2026-06-27T19:45,0.0,0.0,open-meteo
2026-06-27 19:53:40,Kurla,19.065,72.879,CR-hotspot,,,,open-meteo-ERR
2026-06-27 19:53:40,Thane,19.186,72.975,CR,2026-06-27T19:45,0.0,0.0,open-meteo
2026-06-27 19:53:40,Kalyan,19.243,73.13,CR,2026-06-27T19:45,0.0,0.0,open-meteo
2026-06-27 19:53:40,Chunnabhatti,19.046,72.875,Harbour-hotspot,2026-06-27T19:45,0.0,0.0,open-meteo
2026-06-27 19:53:40,Matunga,19.027,72.852,CR-hotspot,,,,open-meteo-ERR
2026-06-27 21:16:52,Churchgate,18.935,72.827,WR,2026-06-27T21:15,0.0,0.0,open-meteo
2026-06-27 21:16:52,Dadar,19.018,72.844,WR/CR,2026-06-27T21:15,0.0,0.0,open-meteo
2026-06-27 21:16:52,Andheri,19.119,72.846,WR,2026-06-27T21:15,0.0,0.0,open-meteo
2026-06-27 21:16:52,Borivali,19.231,72.857,WR,,,,open-meteo-ERR
2026-06-27 21:16:52,Virar,19.455,72.811,WR,2026-06-27T21:15,0.0,0.0,open-meteo
2026-06-27 21:16:52,CSMT,18.94,72.835,CR,2026-06-27T21:15,0.0,0.0,open-meteo
2026-06-27 21:16:52,Sion,19.043,72.862,CR-hotspot,2026-06-27T21:15,0.0,0.0,open-meteo
2026-06-27 21:16:52,Kurla,19.065,72.879,CR-hotspot,2026-06-27T21:15,0.0,0.0,open-meteo
2026-06-27 21:16:52,Thane,19.186,72.975,CR,,,,open-meteo-ERR
2026-06-27 21:16:52,Kalyan,19.243,73.13,CR,2026-06-27T21:15,0.0,0.0,open-meteo
2026-06-27 21:16:52,Chunnabhatti,19.046,72.875,Harbour-hotspot,2026-06-27T21:15,0.0,0.0,open-meteo
2026-06-27 21:16:52,Matunga,19.027,72.852,CR-hotspot,2026-06-27T21:15,0.0,0.0,open-meteo
2026-06-27 22:29:38,Churchgate,18.935,72.827,WR,2026-06-27T22:15,0.0,0.0,open-meteo
2026-06-27 22:29:38,Dadar,19.018,72.844,WR/CR,2026-06-27T22:15,0.0,0.0,open-meteo
2026-06-27 22:29:38,Andheri,19.119,72.846,WR,2026-06-27T22:15,0.0,0.0,open-meteo
2026-06-27 22:29:38,Borivali,19.231,72.857,WR,2026-06-27T22:15,0.0,0.0,open-meteo
2026-06-27 22:29:38,Virar,19.455,72.811,WR,,,,open-meteo-ERR
2026-06-27 22:29:38,CSMT,18.94,72.835,CR,2026-06-27T22:30,0.0,0.0,open-meteo
2026-06-27 22:29:38,Sion,19.043,72.862,CR-hotspot,2026-06-27T22:30,0.0,0.0,open-meteo
2026-06-27 22:29:38,Kurla,19.065,72.879,CR-hotspot,2026-06-27T22:30,0.0,0.0,open-meteo
2026-06-27 22:29:38,Thane,19.186,72.975,CR,2026-06-27T22:30,0.0,0.0,open-meteo
2026-06-27 22:29:38,Kalyan,19.243,73.13,CR,2026-06-27T22:30,0.0,0.0,open-meteo
2026-06-27 22:29:38,Chunnabhatti,19.046,72.875,Harbour-hotspot,,,,open-meteo-ERR
2026-06-27 22:29:38,Matunga,19.027,72.852,CR-hotspot,2026-06-27T22:30,0.0,0.0,open-meteo
2026-06-27 23:37:45,Churchgate,18.935,72.827,WR,2026-06-27T23:30,0.1,0.1,open-meteo
2026-06-27 23:37:45,Dadar,19.018,72.844,WR/CR,2026-06-27T23:30,0.1,0.1,open-meteo
2026-06-27 23:37:45,Andheri,19.119,72.846,WR,2026-06-27T23:30,0.0,0.0,open-meteo
2026-06-27 23:37:45,Borivali,19.231,72.857,WR,2026-06-27T23:30,0.1,0.1,open-meteo
2026-06-27 23:37:45,Virar,19.455,72.811,WR,,,,open-meteo-ERR
2026-06-27 23:37:45,CSMT,18.94,72.835,CR,2026-06-27T23:30,0.1,0.1,open-meteo
2026-06-27 23:37:45,Sion,19.043,72.862,CR-hotspot,2026-06-27T23:30,0.1,0.1,open-meteo
2026-06-27 23:37:45,Kurla,19.065,72.879,CR-hotspot,2026-06-27T23:30,0.0,0.0,open-meteo
2026-06-27 23:37:45,Thane,19.186,72.975,CR,2026-06-27T23:30,0.0,0.0,open-meteo
2026-06-27 23:37:45,Kalyan,19.243,73.13,CR,2026-06-27T23:30,0.0,0.0,open-meteo
2026-06-27 23:37:45,Chunnabhatti,19.046,72.875,Harbour-hotspot,,,,open-meteo-ERR
2026-06-27 23:37:45,Matunga,19.027,72.852,CR-hotspot,2026-06-27T23:30,0.1,0.1,open-meteo
2026-06-28 01:20:51,Churchgate,18.935,72.827,WR,2026-06-28T01:15,0.0,0.0,open-meteo
2026-06-28 01:20:51,Dadar,19.018,72.844,WR/CR,2026-06-28T01:15,0.0,0.0,open-meteo
2026-06-28 01:20:51,Andheri,19.119,72.846,WR,2026-06-28T01:15,0.0,0.0,open-meteo
2026-06-28 01:20:51,Borivali,19.231,72.857,WR,2026-06-28T01:15,0.1,0.1,open-meteo
2026-06-28 01:20:51,Virar,19.455,72.811,WR,,,,open-meteo-ERR
2026-06-28 01:20:51,CSMT,18.94,72.835,CR,2026-06-28T01:15,0.0,0.0,open-meteo
2026-06-28 01:20:51,Sion,19.043,72.862,CR-hotspot,2026-06-28T01:15,0.0,0.0,open-meteo
2026-06-28 01:20:51,Kurla,19.065,72.879,CR-hotspot,2026-06-28T01:15,0.0,0.0,open-meteo
2026-06-28 01:20:51,Thane,19.186,72.975,CR,2026-06-28T01:15,0.0,0.0,open-meteo
2026-06-28 01:20:51,Kalyan,19.243,73.13,CR,,,,open-meteo-ERR
2026-06-28 01:20:51,Chunnabhatti,19.046,72.875,Harbour-hotspot,2026-06-28T01:15,0.0,0.0,open-meteo
2026-06-28 01:20:51,Matunga,19.027,72.852,CR-hotspot,2026-06-28T01:15,0.0,0.0,open-meteo
2026-06-28 02:22:23,Churchgate,18.935,72.827,WR,2026-06-28T02:15,0.0,0.0,open-meteo
2026-06-28 02:22:23,Dadar,19.018,72.844,WR/CR,2026-06-28T02:15,0.0,0.0,open-meteo
2026-06-28 02:22:23,Andheri,19.119,72.846,WR,2026-06-28T02:15,0.1,0.1,open-meteo
2026-06-28 02:22:23,Borivali,19.231,72.857,WR,2026-06-28T02:15,0.0,0.0,open-meteo
2026-06-28 02:22:23,Virar,19.455,72.811,WR,,,,open-meteo-ERR
2026-06-28 02:22:23,CSMT,18.94,72.835,CR,2026-06-28T02:15,0.0,0.0,open-meteo
2026-06-28 02:22:23,Sion,19.043,72.862,CR-hotspot,2026-06-28T02:15,0.0,0.0,open-meteo
2026-06-28 02:22:23,Kurla,19.065,72.879,CR-hotspot,2026-06-28T02:15,0.1,0.1,open-meteo
2026-06-28 02:22:23,Thane,19.186,72.975,CR,2026-06-28T02:15,0.0,0.0,open-meteo
2026-06-28 02:22:23,Kalyan,19.243,73.13,CR,2026-06-28T02:15,0.0,0.0,open-meteo
2026-06-28 02:22:23,Chunnabhatti,19.046,72.875,Harbour-hotspot,,,,open-meteo-ERR
2026-06-28 02:22:23,Matunga,19.027,72.852,CR-hotspot,2026-06-28T02:15,0.0,0.0,open-meteo
2026-06-28 03:26:00,Churchgate,18.935,72.827,WR,2026-06-28T03:15,0.1,0.0,open-meteo
2026-06-28 03:26:00,Dadar,19.018,72.844,WR/CR,2026-06-28T03:15,0.1,0.0,open-meteo
2026-06-28 03:26:00,Andheri,19.119,72.846,WR,2026-06-28T03:15,0.0,0.0,open-meteo
2026-06-28 03:26:00,Borivali,19.231,72.857,WR,2026-06-28T03:15,0.0,0.0,open-meteo
2026-06-28 03:26:00,Virar,19.455,72.811,WR,,,,open-meteo-ERR
2026-06-28 03:26:00,CSMT,18.94,72.835,CR,2026-06-28T03:15,0.1,0.0,open-meteo
2026-06-28 03:26:00,Sion,19.043,72.862,CR-hotspot,2026-06-28T03:15,0.1,0.0,open-meteo
2026-06-28 03:26:00,Kurla,19.065,72.879,CR-hotspot,2026-06-28T03:15,0.0,0.0,open-meteo
2026-06-28 03:26:00,Thane,19.186,72.975,CR,2026-06-28T03:15,0.0,0.0,open-meteo
2026-06-28 03:26:00,Kalyan,19.243,73.13,CR,2026-06-28T03:15,0.0,0.0,open-meteo
2026-06-28 03:26:00,Chunnabhatti,19.046,72.875,Harbour-hotspot,,,,open-meteo-ERR
2026-06-28 03:26:00,Matunga,19.027,72.852,CR-hotspot,2026-06-28T03:15,0.1,0.0,open-meteo
2026-06-28 04:28:05,Churchgate,18.935,72.827,WR,2026-06-28T04:15,0.1,0.1,open-meteo
2026-06-28 04:28:05,Dadar,19.018,72.844,WR/CR,2026-06-28T04:15,0.1,0.1,open-meteo
2026-06-28 04:28:05,Andheri,19.119,72.846,WR,2026-06-28T04:15,0.1,0.1,open-meteo
2026-06-28 04:28:05,Borivali,19.231,72.857,WR,2026-06-28T04:15,0.0,0.0,open-meteo
2026-06-28 04:28:05,Virar,19.455,72.811,WR,,,,open-meteo-ERR
2026-06-28 04:28:05,CSMT,18.94,72.835,CR,2026-06-28T04:15,0.1,0.1,open-meteo
2026-06-28 04:28:05,Sion,19.043,72.862,CR-hotspot,2026-06-28T04:15,0.1,0.1,open-meteo
2026-06-28 04:28:05,Kurla,19.065,72.879,CR-hotspot,2026-06-28T04:15,0.1,0.1,open-meteo
2026-06-28 04:28:05,Thane,19.186,72.975,CR,2026-06-28T04:15,0.0,0.0,open-meteo
2026-06-28 04:28:05,Kalyan,19.243,73.13,CR,,,,open-meteo-ERR
2026-06-28 04:28:05,Chunnabhatti,19.046,72.875,Harbour-hotspot,2026-06-28T04:30,0.1,0.1,open-meteo
2026-06-28 04:28:05,Matunga,19.027,72.852,CR-hotspot,2026-06-28T04:30,0.1,0.1,open-meteo
2026-06-28 05:31:59,Churchgate,18.935,72.827,WR,2026-06-28T05:30,0.0,0.0,open-meteo
2026-06-28 05:31:59,Dadar,19.018,72.844,WR/CR,2026-06-28T05:30,0.0,0.0,open-meteo
2026-06-28 05:31:59,Andheri,19.119,72.846,WR,2026-06-28T05:30,0.0,0.0,open-meteo
2026-06-28 05:31:59,Borivali,19.231,72.857,WR,2026-06-28T05:30,0.0,0.0,open-meteo
2026-06-28 05:31:59,Virar,19.455,72.811,WR,,,,open-meteo-ERR
2026-06-28 05:31:59,CSMT,18.94,72.835,CR,2026-06-28T05:30,0.0,0.0,open-meteo
2026-06-28 05:31:59,Sion,19.043,72.862,CR-hotspot,2026-06-28T05:30,0.0,0.0,open-meteo
2026-06-28 05:31:59,Kurla,19.065,72.879,CR-hotspot,2026-06-28T05:30,0.0,0.0,open-meteo
2026-06-28 05:31:59,Thane,19.186,72.975,CR,2026-06-28T05:30,0.0,0.0,open-meteo
2026-06-28 05:31:59,Kalyan,19.243,73.13,CR,2026-06-28T05:30,0.0,0.0,open-meteo
2026-06-28 05:31:59,Chunnabhatti,19.046,72.875,Harbour-hotspot,,,,open-meteo-ERR
2026-06-28 05:31:59,Matunga,19.027,72.852,CR-hotspot,2026-06-28T05:30,0.0,0.0,open-meteo
2026-06-28 10:27:58,Churchgate,18.935,72.827,WR,2026-06-28T10:15,0.0,0.0,open-meteo
2026-06-28 10:27:58,Dadar,19.018,72.844,WR/CR,2026-06-28T10:15,0.0,0.0,open-meteo
2026-06-28 10:27:58,Andheri,19.119,72.846,WR,2026-06-28T10:15,0.0,0.0,open-meteo
2026-06-28 10:27:58,Borivali,19.231,72.857,WR,,,,open-meteo-ERR
2026-06-28 10:27:58,Virar,19.455,72.811,WR,2026-06-28T10:15,0.1,0.1,open-meteo
2026-06-28 10:27:58,CSMT,18.94,72.835,CR,2026-06-28T10:15,0.0,0.0,open-meteo
2026-06-28 10:27:58,Sion,19.043,72.862,CR-hotspot,2026-06-28T10:15,0.0,0.0,open-meteo
2026-06-28 10:27:58,Kurla,19.065,72.879,CR-hotspot,2026-06-28T10:30,0.0,0.0,open-meteo
2026-06-28 10:27:58,Thane,19.186,72.975,CR,2026-06-28T10:30,0.0,0.0,open-meteo
2026-06-28 10:27:58,Kalyan,19.243,73.13,CR,2026-06-28T10:30,0.0,0.0,open-meteo
2026-06-28 10:27:58,Chunnabhatti,19.046,72.875,Harbour-hotspot,2026-06-28T10:30,0.0,0.0,open-meteo
2026-06-28 10:27:58,Matunga,19.027,72.852,CR-hotspot,,,,open-meteo-ERR
2026-06-28 13:50:59,Churchgate,18.935,72.827,WR,2026-06-28T13:45,0.2,0.2,open-meteo
2026-06-28 13:50:59,Dadar,19.018,72.844,WR/CR,2026-06-28T13:45,0.2,0.2,open-meteo
2026-06-28 13:50:59,Andheri,19.119,72.846,WR,2026-06-28T13:45,0.2,0.1,open-meteo
2026-06-28 13:50:59,Borivali,19.231,72.857,WR,2026-06-28T13:45,0.1,0.1,open-meteo
2026-06-28 13:50:59,Virar,19.455,72.811,WR,,,,open-meteo-ERR
2026-06-28 13:50:59,CSMT,18.94,72.835,CR,2026-06-28T13:45,0.2,0.1,open-meteo
2026-06-28 13:50:59,Sion,19.043,72.862,CR-hotspot,2026-06-28T13:45,0.2,0.1,open-meteo
2026-06-28 13:50:59,Kurla,19.065,72.879,CR-hotspot,2026-06-28T13:45,0.2,0.1,open-meteo
2026-06-28 13:50:59,Thane,19.186,72.975,CR,2026-06-28T13:45,1.1,0.3,open-meteo
2026-06-28 13:50:59,Kalyan,19.243,73.13,CR,,,,open-meteo-ERR
2026-06-28 13:50:59,Chunnabhatti,19.046,72.875,Harbour-hotspot,2026-06-28T13:45,0.2,0.1,open-meteo
2026-06-28 13:50:59,Matunga,19.027,72.852,CR-hotspot,2026-06-28T13:45,0.2,0.1,open-meteo
2026-06-28 16:08:18,Churchgate,18.935,72.827,WR,2026-06-28T16:00,0.0,0.0,open-meteo
2026-06-28 16:08:18,Dadar,19.018,72.844,WR/CR,2026-06-28T16:00,0.0,0.0,open-meteo
2026-06-28 16:08:18,Andheri,19.119,72.846,WR,2026-06-28T16:00,0.0,0.0,open-meteo
2026-06-28 16:08:18,Borivali,19.231,72.857,WR,2026-06-28T16:00,0.0,0.0,open-meteo
2026-06-28 16:08:18,Virar,19.455,72.811,WR,,,,open-meteo-ERR
2026-06-28 16:08:18,CSMT,18.94,72.835,CR,2026-06-28T16:00,0.0,0.0,open-meteo
2026-06-28 16:08:18,Sion,19.043,72.862,CR-hotspot,2026-06-28T16:00,0.0,0.0,open-meteo
2026-06-28 16:08:18,Kurla,19.065,72.879,CR-hotspot,2026-06-28T16:00,0.0,0.0,open-meteo
2026-06-28 16:08:18,Thane,19.186,72.975,CR,2026-06-28T16:00,0.2,0.1,open-meteo
2026-06-28 16:08:18,Kalyan,19.243,73.13,CR,2026-06-28T16:00,0.1,0.0,open-meteo
2026-06-28 16:08:18,Chunnabhatti,19.046,72.875,Harbour-hotspot,,,,open-meteo-ERR
2026-06-28 16:08:18,Matunga,19.027,72.852,CR-hotspot,2026-06-28T16:00,0.0,0.0,open-meteo
2026-06-28 17:43:08,Churchgate,18.935,72.827,WR,2026-06-28T17:30,0.1,0.1,open-meteo
2026-06-28 17:43:08,Dadar,19.018,72.844,WR/CR,2026-06-28T17:30,0.1,0.1,open-meteo
2026-06-28 17:43:08,Andheri,19.119,72.846,WR,2026-06-28T17:30,0.1,0.1,open-meteo
2026-06-28 17:43:08,Borivali,19.231,72.857,WR,,,,open-meteo-ERR
2026-06-28 17:43:08,Virar,19.455,72.811,WR,2026-06-28T17:30,0.1,0.0,open-meteo
2026-06-28 17:43:08,CSMT,18.94,72.835,CR,2026-06-28T17:30,0.1,0.1,open-meteo
2026-06-28 17:43:08,Sion,19.043,72.862,CR-hotspot,2026-06-28T17:30,0.1,0.1,open-meteo
2026-06-28 17:43:08,Kurla,19.065,72.879,CR-hotspot,,,,open-meteo-ERR
2026-06-28 17:43:08,Thane,19.186,72.975,CR,2026-06-28T17:45,0.1,0.0,open-meteo
2026-06-28 17:43:08,Kalyan,19.243,73.13,CR,2026-06-28T17:45,0.4,0.2,open-meteo
2026-06-28 17:43:08,Chunnabhatti,19.046,72.875,Harbour-hotspot,2026-06-28T17:45,0.1,0.1,open-meteo
2026-06-28 17:43:08,Matunga,19.027,72.852,CR-hotspot,,,,open-meteo-ERR
2026-06-28 19:50:28,Churchgate,18.935,72.827,WR,2026-06-28T19:45,0.4,0.3,open-meteo
2026-06-28 19:50:28,Dadar,19.018,72.844,WR/CR,2026-06-28T19:45,0.4,0.3,open-meteo
2026-06-28 19:50:28,Andheri,19.119,72.846,WR,2026-06-28T19:45,1.1,0.2,open-meteo
2026-06-28 19:50:28,Borivali,19.231,72.857,WR,,,,open-meteo-ERR
2026-06-28 19:50:28,Virar,19.455,72.811,WR,2026-06-28T19:45,0.2,0.2,open-meteo
2026-06-28 19:50:28,CSMT,18.94,72.835,CR,2026-06-28T19:45,0.4,0.3,open-meteo
2026-06-28 19:50:28,Sion,19.043,72.862,CR-hotspot,2026-06-28T19:45,0.4,0.3,open-meteo
2026-06-28 19:50:28,Kurla,19.065,72.879,CR-hotspot,2026-06-28T19:45,1.1,0.2,open-meteo
2026-06-28 19:50:28,Thane,19.186,72.975,CR,,,,open-meteo-ERR
2026-06-28 19:50:28,Kalyan,19.243,73.13,CR,2026-06-28T19:45,0.6,0.4,open-meteo
2026-06-28 19:50:28,Chunnabhatti,19.046,72.875,Harbour-hotspot,2026-06-28T19:45,0.4,0.3,open-meteo
2026-06-28 19:50:28,Matunga,19.027,72.852,CR-hotspot,2026-06-28T19:45,0.4,0.3,open-meteo
2026-06-28 21:16:31,Churchgate,18.935,72.827,WR,2026-06-28T21:15,0.2,0.2,open-meteo
2026-06-28 21:16:31,Dadar,19.018,72.844,WR/CR,2026-06-28T21:15,0.2,0.2,open-meteo
2026-06-28 21:16:31,Andheri,19.119,72.846,WR,2026-06-28T21:15,0.4,0.3,open-meteo
2026-06-28 21:16:31,Borivali,19.231,72.857,WR,,,,open-meteo-ERR
2026-06-28 21:16:31,Virar,19.455,72.811,WR,2026-06-28T21:15,0.2,0.2,open-meteo
2026-06-28 21:16:31,CSMT,18.94,72.835,CR,2026-06-28T21:15,0.2,0.2,open-meteo
2026-06-28 21:16:31,Sion,19.043,72.862,CR-hotspot,2026-06-28T21:15,0.2,0.2,open-meteo
2026-06-28 21:16:31,Kurla,19.065,72.879,CR-hotspot,2026-06-28T21:15,0.4,0.3,open-meteo
2026-06-28 21:16:31,Thane,19.186,72.975,CR,,,,open-meteo-ERR
2026-06-28 21:16:31,Kalyan,19.243,73.13,CR,2026-06-28T21:15,0.2,0.2,open-meteo
2026-06-28 21:16:31,Chunnabhatti,19.046,72.875,Harbour-hotspot,2026-06-28T21:15,0.2,0.2,open-meteo
2026-06-28 21:16:31,Matunga,19.027,72.852,CR-hotspot,2026-06-28T21:15,0.2,0.2,open-meteo
2026-06-28 22:29:55,Churchgate,18.935,72.827,WR,2026-06-28T22:15,0.1,0.1,open-meteo
2026-06-28 22:29:55,Dadar,19.018,72.844,WR/CR,2026-06-28T22:15,0.1,0.1,open-meteo
2026-06-28 22:29:55,Andheri,19.119,72.846,WR,2026-06-28T22:15,0.2,0.2,open-meteo
2026-06-28 22:29:55,Borivali,19.231,72.857,WR,2026-06-28T22:30,0.1,0.1,open-meteo
2026-06-28 22:29:55,Virar,19.455,72.811,WR,,,,open-meteo-ERR
2026-06-28 22:29:55,CSMT,18.94,72.835,CR,2026-06-28T22:30,0.1,0.1,open-meteo
2026-06-28 22:29:55,Sion,19.043,72.862,CR-hotspot,2026-06-28T22:30,0.1,0.1,open-meteo
2026-06-28 22:29:55,Kurla,19.065,72.879,CR-hotspot,2026-06-28T22:30,0.2,0.2,open-meteo
2026-06-28 22:29:55,Thane,19.186,72.975,CR,2026-06-28T22:30,0.1,0.1,open-meteo
2026-06-28 22:29:55,Kalyan,19.243,73.13,CR,2026-06-28T22:30,0.0,0.0,open-meteo
2026-06-28 22:29:55,Chunnabhatti,19.046,72.875,Harbour-hotspot,,,,open-meteo-ERR
2026-06-28 22:29:55,Matunga,19.027,72.852,CR-hotspot,2026-06-28T22:30,0.1,0.1,open-meteo
2026-06-28 23:38:04,Churchgate,18.935,72.827,WR,2026-06-28T23:30,0.1,0.1,open-meteo
2026-06-28 23:38:04,Dadar,19.018,72.844,WR/CR,2026-06-28T23:30,0.1,0.1,open-meteo
2026-06-28 23:38:04,Andheri,19.119,72.846,WR,2026-06-28T23:30,0.1,0.1,open-meteo
2026-06-28 23:38:04,Borivali,19.231,72.857,WR,2026-06-28T23:30,0.0,0.0,open-meteo
2026-06-28 23:38:04,Virar,19.455,72.811,WR,,,,open-meteo-ERR
2026-06-28 23:38:04,CSMT,18.94,72.835,CR,2026-06-28T23:30,0.1,0.1,open-meteo
2026-06-28 23:38:04,Sion,19.043,72.862,CR-hotspot,2026-06-28T23:30,0.1,0.1,open-meteo
2026-06-28 23:38:04,Kurla,19.065,72.879,CR-hotspot,2026-06-28T23:30,0.1,0.1,open-meteo
2026-06-28 23:38:04,Thane,19.186,72.975,CR,2026-06-28T23:30,0.0,0.0,open-meteo
2026-06-28 23:38:04,Kalyan,19.243,73.13,CR,2026-06-28T23:30,0.0,0.0,open-meteo
2026-06-28 23:38:04,Chunnabhatti,19.046,72.875,Harbour-hotspot,,,,open-meteo-ERR
2026-06-28 23:38:04,Matunga,19.027,72.852,CR-hotspot,2026-06-28T23:30,0.1,0.1,open-meteo
2026-06-29 01:21:22,Churchgate,18.935,72.827,WR,2026-06-29T01:15,0.5,0.2,open-meteo
2026-06-29 01:21:22,Dadar,19.018,72.844,WR/CR,2026-06-29T01:15,0.5,0.2,open-meteo
2026-06-29 01:21:22,Andheri,19.119,72.846,WR,2026-06-29T01:15,0.7,0.2,open-meteo
2026-06-29 01:21:22,Borivali,19.231,72.857,WR,2026-06-29T01:15,0.2,0.1,open-meteo
2026-06-29 01:21:22,Virar,19.455,72.811,WR,,,,open-meteo-ERR
2026-06-29 01:21:22,CSMT,18.94,72.835,CR,2026-06-29T01:15,0.5,0.2,open-meteo
2026-06-29 01:21:22,Sion,19.043,72.862,CR-hotspot,2026-06-29T01:15,0.5,0.2,open-meteo
2026-06-29 01:21:22,Kurla,19.065,72.879,CR-hotspot,2026-06-29T01:15,0.7,0.2,open-meteo
2026-06-29 01:21:22,Thane,19.186,72.975,CR,2026-06-29T01:15,0.1,0.0,open-meteo
2026-06-29 01:21:22,Kalyan,19.243,73.13,CR,2026-06-29T01:15,0.0,0.0,open-meteo
2026-06-29 01:21:22,Chunnabhatti,19.046,72.875,Harbour-hotspot,,,,open-meteo-ERR
2026-06-29 01:21:22,Matunga,19.027,72.852,CR-hotspot,2026-06-29T01:15,0.5,0.2,open-meteo
2026-06-29 02:22:48,Churchgate,18.935,72.827,WR,2026-06-29T02:15,0.2,0.1,open-meteo
2026-06-29 02:22:48,Dadar,19.018,72.844,WR/CR,2026-06-29T02:15,0.2,0.1,open-meteo
2026-06-29 02:22:48,Andheri,19.119,72.846,WR,2026-06-29T02:15,0.3,0.3,open-meteo
2026-06-29 02:22:48,Borivali,19.231,72.857,WR,2026-06-29T02:15,0.1,0.1,open-meteo
2026-06-29 02:22:48,Virar,19.455,72.811,WR,,,,open-meteo-ERR
2026-06-29 02:22:48,CSMT,18.94,72.835,CR,2026-06-29T02:15,0.2,0.1,open-meteo
2026-06-29 02:22:48,Sion,19.043,72.862,CR-hotspot,2026-06-29T02:15,0.2,0.1,open-meteo
2026-06-29 02:22:48,Kurla,19.065,72.879,CR-hotspot,2026-06-29T02:15,0.3,0.3,open-meteo
2026-06-29 02:22:48,Thane,19.186,72.975,CR,2026-06-29T02:15,0.1,0.1,open-meteo
2026-06-29 02:22:48,Kalyan,19.243,73.13,CR,2026-06-29T02:15,0.0,0.0,open-meteo
2026-06-29 02:22:48,Chunnabhatti,19.046,72.875,Harbour-hotspot,2026-06-29T02:15,0.2,0.1,open-meteo
2026-06-29 02:22:48,Matunga,19.027,72.852,CR-hotspot,2026-06-29T02:15,0.2,0.1,open-meteo
2026-06-29 03:25:49,Churchgate,18.935,72.827,WR,2026-06-29T03:15,0.1,0.1,open-meteo
2026-06-29 03:25:49,Dadar,19.018,72.844,WR/CR,2026-06-29T03:15,0.1,0.1,open-meteo
2026-06-29 03:25:49,Andheri,19.119,72.846,WR,2026-06-29T03:15,0.1,0.1,open-meteo
2026-06-29 03:25:49,Borivali,19.231,72.857,WR,2026-06-29T03:15,0.1,0.1,open-meteo
2026-06-29 03:25:49,Virar,19.455,72.811,WR,,,,open-meteo-ERR
2026-06-29 03:25:49,CSMT,18.94,72.835,CR,2026-06-29T03:15,0.1,0.1,open-meteo
2026-06-29 03:25:49,Sion,19.043,72.862,CR-hotspot,2026-06-29T03:15,0.1,0.1,open-meteo
2026-06-29 03:25:49,Kurla,19.065,72.879,CR-hotspot,2026-06-29T03:15,0.1,0.1,open-meteo
2026-06-29 03:25:49,Thane,19.186,72.975,CR,2026-06-29T03:15,0.0,0.0,open-meteo
2026-06-29 03:25:49,Kalyan,19.243,73.13,CR,2026-06-29T03:15,0.0,0.0,open-meteo
2026-06-29 03:25:49,Chunnabhatti,19.046,72.875,Harbour-hotspot,,,,open-meteo-ERR
2026-06-29 03:25:49,Matunga,19.027,72.852,CR-hotspot,2026-06-29T03:15,0.1,0.1,open-meteo
2026-06-29 04:27:31,Churchgate,18.935,72.827,WR,2026-06-29T04:15,0.1,0.0,open-meteo
2026-06-29 04:27:31,Dadar,19.018,72.844,WR/CR,2026-06-29T04:15,0.1,0.0,open-meteo
2026-06-29 04:27:31,Andheri,19.119,72.846,WR,2026-06-29T04:15,0.2,0.1,open-meteo
2026-06-29 04:27:31,Borivali,19.231,72.857,WR,,,,open-meteo-ERR
2026-06-29 04:27:31,Virar,19.455,72.811,WR,2026-06-29T04:15,0.1,0.1,open-meteo
2026-06-29 04:27:31,CSMT,18.94,72.835,CR,2026-06-29T04:15,0.1,0.0,open-meteo
2026-06-29 04:27:31,Sion,19.043,72.862,CR-hotspot,2026-06-29T04:15,0.1,0.0,open-meteo
2026-06-29 04:27:31,Kurla,19.065,72.879,CR-hotspot,,,,open-meteo-ERR
2026-06-29 04:27:31,Thane,19.186,72.975,CR,2026-06-29T04:30,0.0,0.0,open-meteo
2026-06-29 04:27:31,Kalyan,19.243,73.13,CR,2026-06-29T04:30,0.0,0.0,open-meteo
2026-06-29 04:27:31,Chunnabhatti,19.046,72.875,Harbour-hotspot,2026-06-29T04:30,0.1,0.0,open-meteo
2026-06-29 04:27:31,Matunga,19.027,72.852,CR-hotspot,2026-06-29T04:30,0.1,0.0,open-meteo
2026-06-29 05:36:56,Churchgate,18.935,72.827,WR,2026-06-29T05:30,0.3,0.2,open-meteo
2026-06-29 05:36:56,Dadar,19.018,72.844,WR/CR,2026-06-29T05:30,0.3,0.2,open-meteo
2026-06-29 05:36:56,Andheri,19.119,72.846,WR,2026-06-29T05:30,0.4,0.2,open-meteo
2026-06-29 05:36:56,Borivali,19.231,72.857,WR,2026-06-29T05:30,0.3,0.1,open-meteo
2026-06-29 05:36:56,Virar,19.455,72.811,WR,2026-06-29T05:30,0.2,0.1,open-meteo
2026-06-29 05:36:56,CSMT,18.94,72.835,CR,2026-06-29T05:30,0.3,0.2,open-meteo
2026-06-29 05:36:56,Sion,19.043,72.862,CR-hotspot,2026-06-29T05:30,0.3,0.2,open-meteo
2026-06-29 05:36:56,Kurla,19.065,72.879,CR-hotspot,,,,open-meteo-ERR
2026-06-29 05:36:56,Thane,19.186,72.975,CR,2026-06-29T05:30,0.5,0.1,open-meteo
2026-06-29 05:36:56,Kalyan,19.243,73.13,CR,2026-06-29T05:30,0.3,0.1,open-meteo
2026-06-29 05:36:56,Chunnabhatti,19.046,72.875,Harbour-hotspot,2026-06-29T05:30,0.3,0.2,open-meteo
2026-06-29 05:36:56,Matunga,19.027,72.852,CR-hotspot,2026-06-29T05:30,0.3,0.2,open-meteo
2026-06-29 10:38:59,Churchgate,18.935,72.827,WR,2026-06-29T10:30,0.3,0.2,open-meteo
2026-06-29 10:38:59,Dadar,19.018,72.844,WR/CR,2026-06-29T10:30,0.3,0.2,open-meteo
2026-06-29 10:38:59,Andheri,19.119,72.846,WR,2026-06-29T10:30,0.1,0.0,open-meteo
2026-06-29 10:38:59,Borivali,19.231,72.857,WR,2026-06-29T10:30,0.3,0.1,open-meteo
2026-06-29 10:38:59,Virar,19.455,72.811,WR,,,,open-meteo-ERR
2026-06-29 10:38:59,CSMT,18.94,72.835,CR,2026-06-29T10:30,0.3,0.2,open-meteo
2026-06-29 10:38:59,Sion,19.043,72.862,CR-hotspot,2026-06-29T10:30,0.3,0.2,open-meteo
2026-06-29 10:38:59,Kurla,19.065,72.879,CR-hotspot,2026-06-29T10:30,0.1,0.0,open-meteo
2026-06-29 10:38:59,Thane,19.186,72.975,CR,2026-06-29T10:30,0.0,0.0,open-meteo
2026-06-29 10:38:59,Kalyan,19.243,73.13,CR,,,,open-meteo-ERR
2026-06-29 10:38:59,Chunnabhatti,19.046,72.875,Harbour-hotspot,2026-06-29T10:30,0.3,0.2,open-meteo
2026-06-29 10:38:59,Matunga,19.027,72.852,CR-hotspot,2026-06-29T10:30,0.3,0.2,open-meteo
2026-06-29 15:34:45,Churchgate,18.935,72.827,WR,2026-06-29T15:30,0.1,0.1,open-meteo
2026-06-29 15:34:45,Dadar,19.018,72.844,WR/CR,2026-06-29T15:30,0.1,0.1,open-meteo
2026-06-29 15:34:45,Andheri,19.119,72.846,WR,2026-06-29T15:30,0.2,0.1,open-meteo
2026-06-29 15:34:45,Borivali,19.231,72.857,WR,2026-06-29T15:30,0.1,0.0,open-meteo
2026-06-29 15:34:45,Virar,19.455,72.811,WR,,,,open-meteo-ERR
2026-06-29 15:34:45,CSMT,18.94,72.835,CR,2026-06-29T15:30,0.1,0.1,open-meteo
2026-06-29 15:34:45,Sion,19.043,72.862,CR-hotspot,2026-06-29T15:30,0.1,0.1,open-meteo
2026-06-29 15:34:45,Kurla,19.065,72.879,CR-hotspot,2026-06-29T15:30,0.2,0.1,open-meteo
2026-06-29 15:34:45,Thane,19.186,72.975,CR,2026-06-29T15:30,0.1,0.0,open-meteo
2026-06-29 15:34:45,Kalyan,19.243,73.13,CR,2026-06-29T15:30,0.1,0.0,open-meteo
2026-06-29 15:34:45,Chunnabhatti,19.046,72.875,Harbour-hotspot,,,,open-meteo-ERR
2026-06-29 15:34:45,Matunga,19.027,72.852,CR-hotspot,2026-06-29T15:30,0.1,0.1,open-meteo
2026-06-29 20:02:07,Churchgate,18.935,72.827,WR,2026-06-29T20:00,0.6,0.2,open-meteo
2026-06-29 20:02:07,Dadar,19.018,72.844,WR/CR,2026-06-29T20:00,0.6,0.2,open-meteo
2026-06-29 20:02:07,Andheri,19.119,72.846,WR,2026-06-29T20:00,0.5,0.1,open-meteo
2026-06-29 20:02:07,Borivali,19.231,72.857,WR,2026-06-29T20:00,0.2,0.1,open-meteo
2026-06-29 20:02:07,Virar,19.455,72.811,WR,,,,open-meteo-ERR
2026-06-29 20:02:07,CSMT,18.94,72.835,CR,2026-06-29T20:00,0.6,0.2,open-meteo
2026-06-29 20:02:07,Sion,19.043,72.862,CR-hotspot,2026-06-29T20:00,0.6,0.2,open-meteo
2026-06-29 20:02:07,Kurla,19.065,72.879,CR-hotspot,2026-06-29T20:00,0.5,0.1,open-meteo
2026-06-29 20:02:07,Thane,19.186,72.975,CR,2026-06-29T20:00,0.1,0.1,open-meteo
2026-06-29 20:02:07,Kalyan,19.243,73.13,CR,2026-06-29T20:00,0.1,0.1,open-meteo
2026-06-29 20:02:07,Chunnabhatti,19.046,72.875,Harbour-hotspot,,,,open-meteo-ERR
2026-06-29 20:02:07,Matunga,19.027,72.852,CR-hotspot,2026-06-29T20:00,0.6,0.2,open-meteo
2026-06-29 22:58:56,Churchgate,18.935,72.827,WR,2026-06-29T22:45,0.9,0.3,open-meteo
2026-06-29 22:58:56,Dadar,19.018,72.844,WR/CR,2026-06-29T22:45,0.9,0.3,open-meteo
2026-06-29 22:58:56,Andheri,19.119,72.846,WR,2026-06-29T22:45,0.3,0.2,open-meteo
2026-06-29 22:58:56,Borivali,19.231,72.857,WR,2026-06-29T22:45,0.4,0.2,open-meteo
2026-06-29 22:58:56,Virar,19.455,72.811,WR,,,,open-meteo-ERR
2026-06-29 22:58:56,CSMT,18.94,72.835,CR,2026-06-29T23:00,0.9,0.3,open-meteo
2026-06-29 22:58:56,Sion,19.043,72.862,CR-hotspot,2026-06-29T23:00,0.9,0.3,open-meteo
2026-06-29 22:58:56,Kurla,19.065,72.879,CR-hotspot,2026-06-29T23:00,0.3,0.2,open-meteo
2026-06-29 22:58:56,Thane,19.186,72.975,CR,2026-06-29T23:00,0.4,0.1,open-meteo
2026-06-29 22:58:56,Kalyan,19.243,73.13,CR,2026-06-29T23:00,0.6,0.4,open-meteo
2026-06-29 22:58:56,Chunnabhatti,19.046,72.875,Harbour-hotspot,2026-06-29T23:00,0.9,0.3,open-meteo
2026-06-29 22:58:56,Matunga,19.027,72.852,CR-hotspot,2026-06-29T23:00,0.9,0.3,open-meteo
2026-06-30 00:51:42,Churchgate,18.935,72.827,WR,2026-06-30T00:45,1.6,0.3,open-meteo
2026-06-30 00:51:42,Dadar,19.018,72.844,WR/CR,2026-06-30T00:45,1.6,0.3,open-meteo
2026-06-30 00:51:42,Andheri,19.119,72.846,WR,2026-06-30T00:45,1.1,0.4,open-meteo
2026-06-30 00:51:42,Borivali,19.231,72.857,WR,,,,open-meteo-ERR
2026-06-30 00:51:42,Virar,19.455,72.811,WR,2026-06-30T00:45,0.4,0.2,open-meteo
2026-06-30 00:51:42,CSMT,18.94,72.835,CR,2026-06-30T00:45,1.6,0.3,open-meteo
2026-06-30 00:51:42,Sion,19.043,72.862,CR-hotspot,2026-06-30T00:45,1.6,0.3,open-meteo
2026-06-30 00:51:42,Kurla,19.065,72.879,CR-hotspot,,,,open-meteo-ERR
2026-06-30 00:51:42,Thane,19.186,72.975,CR,2026-06-30T00:45,0.4,0.1,open-meteo
2026-06-30 00:51:42,Kalyan,19.243,73.13,CR,2026-06-30T00:45,0.3,0.0,open-meteo
2026-06-30 00:51:42,Chunnabhatti,19.046,72.875,Harbour-hotspot,2026-06-30T00:45,1.6,0.3,open-meteo
2026-06-30 00:51:42,Matunga,19.027,72.852,CR-hotspot,2026-06-30T00:45,1.6,0.3,open-meteo
2026-06-30 02:35:28,Churchgate,18.935,72.827,WR,2026-06-30T02:30,0.4,0.3,open-meteo
2026-06-30 02:35:28,Dadar,19.018,72.844,WR/CR,2026-06-30T02:30,0.4,0.3,open-meteo
2026-06-30 02:35:28,Andheri,19.119,72.846,WR,2026-06-30T02:30,0.7,0.5,open-meteo
2026-06-30 02:35:28,Borivali,19.231,72.857,WR,,,,open-meteo-ERR
2026-06-30 02:35:28,Virar,19.455,72.811,WR,2026-06-30T02:30,0.6,0.3,open-meteo
2026-06-30 02:35:28,CSMT,18.94,72.835,CR,2026-06-30T02:30,0.4,0.3,open-meteo
2026-06-30 02:35:28,Sion,19.043,72.862,CR-hotspot,2026-06-30T02:30,0.4,0.3,open-meteo
2026-06-30 02:35:28,Kurla,19.065,72.879,CR-hotspot,2026-06-30T02:30,0.7,0.5,open-meteo
2026-06-30 02:35:28,Thane,19.186,72.975,CR,,,,open-meteo-ERR
2026-06-30 02:35:28,Kalyan,19.243,73.13,CR,2026-06-30T02:30,0.6,0.5,open-meteo
2026-06-30 02:35:28,Chunnabhatti,19.046,72.875,Harbour-hotspot,2026-06-30T02:30,0.4,0.3,open-meteo
2026-06-30 02:35:28,Matunga,19.027,72.852,CR-hotspot,2026-06-30T02:30,0.4,0.3,open-meteo
2026-06-30 04:04:53,Churchgate,18.935,72.827,WR,2026-06-30T04:00,1.7,0.4,open-meteo
2026-06-30 04:04:53,Dadar,19.018,72.844,WR/CR,2026-06-30T04:00,1.7,0.4,open-meteo
2026-06-30 04:04:53,Andheri,19.119,72.846,WR,2026-06-30T04:00,1.1,0.3,open-meteo
2026-06-30 04:04:53,Borivali,19.231,72.857,WR,,,,open-meteo-ERR
2026-06-30 04:04:53,Virar,19.455,72.811,WR,2026-06-30T04:00,0.9,0.5,open-meteo
2026-06-30 04:04:53,CSMT,18.94,72.835,CR,2026-06-30T04:00,1.7,0.4,open-meteo
2026-06-30 04:04:53,Sion,19.043,72.862,CR-hotspot,2026-06-30T04:00,1.7,0.4,open-meteo
2026-06-30 04:04:53,Kurla,19.065,72.879,CR-hotspot,,,,open-meteo-ERR
2026-06-30 04:04:53,Thane,19.186,72.975,CR,2026-06-30T04:00,0.3,0.1,open-meteo
2026-06-30 04:04:53,Kalyan,19.243,73.13,CR,2026-06-30T04:00,0.2,0.1,open-meteo
2026-06-30 04:04:53,Chunnabhatti,19.046,72.875,Harbour-hotspot,2026-06-30T04:00,1.7,0.4,open-meteo
2026-06-30 04:04:53,Matunga,19.027,72.852,CR-hotspot,2026-06-30T04:00,1.7,0.4,open-meteo
2026-06-30 05:25:45,Churchgate,18.935,72.827,WR,2026-06-30T05:15,1.8,0.5,open-meteo
2026-06-30 05:25:45,Dadar,19.018,72.844,WR/CR,2026-06-30T05:15,1.8,0.5,open-meteo
2026-06-30 05:25:45,Andheri,19.119,72.846,WR,2026-06-30T05:15,0.9,0.6,open-meteo
2026-06-30 05:25:45,Borivali,19.231,72.857,WR,2026-06-30T05:15,1.2,0.5,open-meteo
2026-06-30 05:25:45,Virar,19.455,72.811,WR,,,,open-meteo-ERR
2026-06-30 05:25:45,CSMT,18.94,72.835,CR,2026-06-30T05:15,1.8,0.5,open-meteo
2026-06-30 05:25:45,Sion,19.043,72.862,CR-hotspot,2026-06-30T05:15,1.8,0.5,open-meteo
2026-06-30 05:25:45,Kurla,19.065,72.879,CR-hotspot,2026-06-30T05:15,0.9,0.6,open-meteo
2026-06-30 05:25:45,Thane,19.186,72.975,CR,2026-06-30T05:15,0.7,0.1,open-meteo
2026-06-30 05:25:45,Kalyan,19.243,73.13,CR,2026-06-30T05:15,0.7,0.1,open-meteo
2026-06-30 05:25:45,Chunnabhatti,19.046,72.875,Harbour-hotspot,,,,open-meteo-ERR
2026-06-30 05:25:45,Matunga,19.027,72.852,CR-hotspot,2026-06-30T05:15,1.8,0.5,open-meteo
2026-06-30 08:12:53,Churchgate,18.935,72.827,WR,2026-06-30T08:00,1.1,0.4,open-meteo
2026-06-30 08:12:53,Dadar,19.018,72.844,WR/CR,2026-06-30T08:00,1.1,0.4,open-meteo
2026-06-30 08:12:53,Andheri,19.119,72.846,WR,2026-06-30T08:00,0.8,0.3,open-meteo
2026-06-30 08:12:53,Borivali,19.231,72.857,WR,,,,open-meteo-ERR
2026-06-30 08:12:53,Virar,19.455,72.811,WR,2026-06-30T08:00,1.3,0.7,open-meteo
2026-06-30 08:12:53,CSMT,18.94,72.835,CR,2026-06-30T08:00,1.1,0.4,open-meteo
2026-06-30 08:12:53,Sion,19.043,72.862,CR-hotspot,2026-06-30T08:00,1.1,0.4,open-meteo
2026-06-30 08:12:53,Kurla,19.065,72.879,CR-hotspot,,,,open-meteo-ERR
2026-06-30 08:12:53,Thane,19.186,72.975,CR,2026-06-30T08:15,0.5,0.3,open-meteo
2026-06-30 08:12:53,Kalyan,19.243,73.13,CR,2026-06-30T08:15,0.4,0.2,open-meteo
2026-06-30 08:12:53,Chunnabhatti,19.046,72.875,Harbour-hotspot,2026-06-30T08:15,1.1,0.4,open-meteo
2026-06-30 08:12:53,Matunga,19.027,72.852,CR-hotspot,,,,open-meteo-ERR
2026-06-30 12:19:35,Churchgate,18.935,72.827,WR,2026-06-30T12:15,0.2,0.1,open-meteo
2026-06-30 12:19:35,Dadar,19.018,72.844,WR/CR,2026-06-30T12:15,0.2,0.1,open-meteo
2026-06-30 12:19:35,Andheri,19.119,72.846,WR,2026-06-30T12:15,0.3,0.2,open-meteo
2026-06-30 12:19:35,Borivali,19.231,72.857,WR,2026-06-30T12:15,0.5,0.1,open-meteo
2026-06-30 12:19:35,Virar,19.455,72.811,WR,,,,open-meteo-ERR
2026-06-30 12:19:35,CSMT,18.94,72.835,CR,2026-06-30T12:15,0.2,0.1,open-meteo
2026-06-30 12:19:35,Sion,19.043,72.862,CR-hotspot,2026-06-30T12:15,0.2,0.1,open-meteo
2026-06-30 12:19:35,Kurla,19.065,72.879,CR-hotspot,2026-06-30T12:15,0.3,0.2,open-meteo
2026-06-30 12:19:35,Thane,19.186,72.975,CR,2026-06-30T12:15,0.8,0.3,open-meteo
2026-06-30 12:19:35,Kalyan,19.243,73.13,CR,2026-06-30T12:15,0.8,0.2,open-meteo
2026-06-30 12:19:35,Chunnabhatti,19.046,72.875,Harbour-hotspot,,,,open-meteo-ERR
2026-06-30 12:19:35,Matunga,19.027,72.852,CR-hotspot,2026-06-30T12:15,0.2,0.1,open-meteo
2026-06-30 15:57:00,Churchgate,18.935,72.827,WR,2026-06-30T15:45,0.8,0.5,open-meteo
2026-06-30 15:57:00,Dadar,19.018,72.844,WR/CR,2026-06-30T15:45,0.8,0.5,open-meteo
2026-06-30 15:57:00,Andheri,19.119,72.846,WR,2026-06-30T15:45,0.6,0.3,open-meteo
2026-06-30 15:57:00,Borivali,19.231,72.857,WR,,,,open-meteo-ERR
2026-06-30 15:57:00,Virar,19.455,72.811,WR,2026-06-30T15:45,0.2,0.1,open-meteo
2026-06-30 15:57:00,CSMT,18.94,72.835,CR,2026-06-30T15:45,0.8,0.5,open-meteo
2026-06-30 15:57:00,Sion,19.043,72.862,CR-hotspot,2026-06-30T15:45,0.8,0.5,open-meteo
2026-06-30 15:57:00,Kurla,19.065,72.879,CR-hotspot,2026-06-30T15:45,0.6,0.3,open-meteo
2026-06-30 15:57:00,Thane,19.186,72.975,CR,,,,open-meteo-ERR
2026-06-30 15:57:00,Kalyan,19.243,73.13,CR,2026-06-30T16:00,0.6,0.3,open-meteo
2026-06-30 15:57:00,Chunnabhatti,19.046,72.875,Harbour-hotspot,2026-06-30T16:00,0.8,0.5,open-meteo
2026-06-30 15:57:00,Matunga,19.027,72.852,CR-hotspot,2026-06-30T16:00,0.8,0.5,open-meteo
2026-06-30 17:58:54,Churchgate,18.935,72.827,WR,2026-06-30T17:45,0.7,0.5,open-meteo
2026-06-30 17:58:54,Dadar,19.018,72.844,WR/CR,2026-06-30T17:45,0.7,0.5,open-meteo
2026-06-30 17:58:54,Andheri,19.119,72.846,WR,2026-06-30T17:45,0.7,0.4,open-meteo
2026-06-30 17:58:54,Borivali,19.231,72.857,WR,2026-06-30T17:45,0.7,0.5,open-meteo
2026-06-30 17:58:54,Virar,19.455,72.811,WR,2026-06-30T17:45,0.6,0.3,open-meteo
2026-06-30 17:58:54,CSMT,18.94,72.835,CR,2026-06-30T17:45,0.7,0.5,open-meteo
2026-06-30 17:58:54,Sion,19.043,72.862,CR-hotspot,2026-06-30T17:45,0.7,0.5,open-meteo
2026-06-30 17:58:54,Kurla,19.065,72.879,CR-hotspot,,,,open-meteo-ERR
2026-06-30 17:58:54,Thane,19.186,72.975,CR,2026-06-30T18:00,0.5,0.2,open-meteo
2026-06-30 17:58:54,Kalyan,19.243,73.13,CR,2026-06-30T18:00,0.5,0.3,open-meteo
2026-06-30 17:58:54,Chunnabhatti,19.046,72.875,Harbour-hotspot,2026-06-30T18:00,0.7,0.5,open-meteo
2026-06-30 17:58:54,Matunga,19.027,72.852,CR-hotspot,2026-06-30T18:00,0.7,0.5,open-meteo
2026-06-30 20:41:52,Churchgate,18.935,72.827,WR,2026-06-30T20:30,0.9,0.1,open-meteo
2026-06-30 20:41:52,Dadar,19.018,72.844,WR/CR,2026-06-30T20:30,0.9,0.1,open-meteo
2026-06-30 20:41:52,Andheri,19.119,72.846,WR,2026-06-30T20:30,0.8,0.1,open-meteo
2026-06-30 20:41:52,Borivali,19.231,72.857,WR,,,,open-meteo-ERR
2026-06-30 20:41:52,Virar,19.455,72.811,WR,2026-06-30T20:30,0.6,0.1,open-meteo
2026-06-30 20:41:52,CSMT,18.94,72.835,CR,2026-06-30T20:30,0.9,0.1,open-meteo
2026-06-30 20:41:52,Sion,19.043,72.862,CR-hotspot,2026-06-30T20:30,0.9,0.1,open-meteo
2026-06-30 20:41:52,Kurla,19.065,72.879,CR-hotspot,2026-06-30T20:30,0.8,0.1,open-meteo
2026-06-30 20:41:52,Thane,19.186,72.975,CR,,,,open-meteo-ERR
2026-06-30 20:41:52,Kalyan,19.243,73.13,CR,2026-06-30T20:30,0.2,0.1,open-meteo
2026-06-30 20:41:52,Chunnabhatti,19.046,72.875,Harbour-hotspot,2026-06-30T20:45,0.6,0.1,open-meteo
2026-06-30 20:41:52,Matunga,19.027,72.852,CR-hotspot,2026-06-30T20:45,0.6,0.1,open-meteo
2026-06-30 22:51:49,Churchgate,18.935,72.827,WR,2026-06-30T22:45,1.4,0.2,open-meteo
2026-06-30 22:51:49,Dadar,19.018,72.844,WR/CR,2026-06-30T22:45,1.4,0.2,open-meteo
2026-06-30 22:51:49,Andheri,19.119,72.846,WR,2026-06-30T22:45,1.6,0.2,open-meteo
2026-06-30 22:51:49,Borivali,19.231,72.857,WR,,,,open-meteo-ERR
2026-06-30 22:51:49,Virar,19.455,72.811,WR,2026-06-30T22:45,1.0,0.2,open-meteo
2026-06-30 22:51:49,CSMT,18.94,72.835,CR,2026-06-30T22:45,1.4,0.2,open-meteo
2026-06-30 22:51:49,Sion,19.043,72.862,CR-hotspot,2026-06-30T22:45,1.4,0.2,open-meteo
2026-06-30 22:51:49,Kurla,19.065,72.879,CR-hotspot,2026-06-30T22:45,1.6,0.2,open-meteo
2026-06-30 22:51:49,Thane,19.186,72.975,CR,,,,open-meteo-ERR
2026-06-30 22:51:49,Kalyan,19.243,73.13,CR,2026-06-30T22:45,0.6,0.2,open-meteo
2026-06-30 22:51:49,Chunnabhatti,19.046,72.875,Harbour-hotspot,2026-06-30T22:45,1.4,0.2,open-meteo
2026-06-30 22:51:49,Matunga,19.027,72.852,CR-hotspot,2026-06-30T22:45,1.4,0.2,open-meteo
2026-07-01 00:45:25,Churchgate,18.935,72.827,WR,2026-07-01T00:45,2.2,0.2,open-meteo
2026-07-01 00:45:25,Dadar,19.018,72.844,WR/CR,2026-07-01T00:45,2.2,0.2,open-meteo
2026-07-01 00:45:25,Andheri,19.119,72.846,WR,2026-07-01T00:45,1.5,0.2,open-meteo
2026-07-01 00:45:25,Borivali,19.231,72.857,WR,2026-07-01T00:45,1.5,0.1,open-meteo
2026-07-01 00:45:25,Virar,19.455,72.811,WR,,,,open-meteo-ERR
2026-07-01 00:45:25,CSMT,18.94,72.835,CR,2026-07-01T00:45,2.2,0.2,open-meteo
2026-07-01 00:45:25,Sion,19.043,72.862,CR-hotspot,2026-07-01T00:45,2.2,0.2,open-meteo
2026-07-01 00:45:25,Kurla,19.065,72.879,CR-hotspot,2026-07-01T00:45,1.5,0.2,open-meteo
2026-07-01 00:45:25,Thane,19.186,72.975,CR,2026-07-01T00:45,0.2,0.1,open-meteo
2026-07-01 00:45:25,Kalyan,19.243,73.13,CR,2026-07-01T00:45,0.1,0.0,open-meteo
2026-07-01 00:45:25,Chunnabhatti,19.046,72.875,Harbour-hotspot,,,,open-meteo-ERR
2026-07-01 00:45:25,Matunga,19.027,72.852,CR-hotspot,2026-07-01T00:45,2.2,0.2,open-meteo
2026-07-01 02:42:41,Churchgate,18.935,72.827,WR,2026-07-01T02:30,2.3,1.0,open-meteo
2026-07-01 02:42:41,Dadar,19.018,72.844,WR/CR,2026-07-01T02:30,2.3,1.0,open-meteo
2026-07-01 02:42:41,Andheri,19.119,72.846,WR,2026-07-01T02:30,2.8,1.2,open-meteo
2026-07-01 02:42:41,Borivali,19.231,72.857,WR,2026-07-01T02:30,3.4,0.7,open-meteo
2026-07-01 02:42:41,Virar,19.455,72.811,WR,,,,open-meteo-ERR
2026-07-01 02:42:41,CSMT,18.94,72.835,CR,2026-07-01T02:30,2.3,1.0,open-meteo
2026-07-01 02:42:41,Sion,19.043,72.862,CR-hotspot,2026-07-01T02:30,2.3,1.0,open-meteo
2026-07-01 02:42:41,Kurla,19.065,72.879,CR-hotspot,2026-07-01T02:30,2.8,1.2,open-meteo
2026-07-01 02:42:41,Thane,19.186,72.975,CR,2026-07-01T02:30,2.7,1.2,open-meteo
2026-07-01 02:42:41,Kalyan,19.243,73.13,CR,2026-07-01T02:30,2.2,0.7,open-meteo
2026-07-01 02:42:41,Chunnabhatti,19.046,72.875,Harbour-hotspot,,,,open-meteo-ERR
2026-07-01 02:42:41,Matunga,19.027,72.852,CR-hotspot,2026-07-01T02:45,1.9,1.3,open-meteo
2026-07-01 04:18:28,Churchgate,18.935,72.827,WR,2026-07-01T04:15,1.7,0.7,open-meteo
2026-07-01 04:18:28,Dadar,19.018,72.844,WR/CR,2026-07-01T04:15,1.7,0.7,open-meteo
2026-07-01 04:18:28,Andheri,19.119,72.846,WR,2026-07-01T04:15,1.7,0.8,open-meteo
2026-07-01 04:18:28,Borivali,19.231,72.857,WR,2026-07-01T04:15,1.8,0.7,open-meteo
2026-07-01 04:18:28,Virar,19.455,72.811,WR,,,,open-meteo-ERR
2026-07-01 04:18:28,CSMT,18.94,72.835,CR,2026-07-01T04:15,1.7,0.7,open-meteo
2026-07-01 04:18:28,Sion,19.043,72.862,CR-hotspot,2026-07-01T04:15,1.7,0.7,open-meteo
2026-07-01 04:18:28,Kurla,19.065,72.879,CR-hotspot,2026-07-01T04:15,1.7,0.8,open-meteo
2026-07-01 04:18:28,Thane,19.186,72.975,CR,2026-07-01T04:15,1.1,0.5,open-meteo
2026-07-01 04:18:28,Kalyan,19.243,73.13,CR,2026-07-01T04:15,0.7,0.4,open-meteo
2026-07-01 04:18:28,Chunnabhatti,19.046,72.875,Harbour-hotspot,,,,open-meteo-ERR
2026-07-01 04:18:28,Matunga,19.027,72.852,CR-hotspot,2026-07-01T04:15,1.7,0.7,open-meteo
2026-07-01 05:29:55,Churchgate,18.935,72.827,WR,2026-07-01T05:15,1.5,0.5,open-meteo
2026-07-01 05:29:55,Dadar,19.018,72.844,WR/CR,2026-07-01T05:15,1.5,0.5,open-meteo
2026-07-01 05:29:55,Andheri,19.119,72.846,WR,2026-07-01T05:30,0.9,0.5,open-meteo
2026-07-01 05:29:55,Borivali,19.231,72.857,WR,2026-07-01T05:30,1.3,0.4,open-meteo
2026-07-01 05:29:55,Virar,19.455,72.811,WR,2026-07-01T05:30,1.2,0.6,open-meteo
2026-07-01 05:29:55,CSMT,18.94,72.835,CR,2026-07-01T05:30,1.5,0.5,open-meteo
2026-07-01 05:29:55,Sion,19.043,72.862,CR-hotspot,2026-07-01T05:30,1.5,0.5,open-meteo
2026-07-01 05:29:55,Kurla,19.065,72.879,CR-hotspot,2026-07-01T05:30,0.9,0.5,open-meteo
2026-07-01 05:29:55,Thane,19.186,72.975,CR,2026-07-01T05:30,1.9,0.2,open-meteo
2026-07-01 05:29:55,Kalyan,19.243,73.13,CR,,,,open-meteo-ERR
2026-07-01 05:29:55,Chunnabhatti,19.046,72.875,Harbour-hotspot,2026-07-01T05:30,1.5,0.5,open-meteo
2026-07-01 05:29:55,Matunga,19.027,72.852,CR-hotspot,2026-07-01T05:30,1.5,0.5,open-meteo
2026-07-01 09:48:49,Churchgate,18.935,72.827,WR,2026-07-01T09:45,1.4,0.3,open-meteo
2026-07-01 09:48:49,Dadar,19.018,72.844,WR/CR,2026-07-01T09:45,1.4,0.3,open-meteo
2026-07-01 09:48:49,Andheri,19.119,72.846,WR,2026-07-01T09:45,1.3,0.4,open-meteo
2026-07-01 09:48:49,Borivali,19.231,72.857,WR,2026-07-01T09:45,2.1,0.4,open-meteo
2026-07-01 09:48:49,Virar,19.455,72.811,WR,,,,open-meteo-ERR
2026-07-01 09:48:49,CSMT,18.94,72.835,CR,2026-07-01T09:45,1.4,0.3,open-meteo
2026-07-01 09:48:49,Sion,19.043,72.862,CR-hotspot,2026-07-01T09:45,1.4,0.3,open-meteo
2026-07-01 09:48:49,Kurla,19.065,72.879,CR-hotspot,2026-07-01T09:45,1.3,0.4,open-meteo
2026-07-01 09:48:49,Thane,19.186,72.975,CR,,,,open-meteo-ERR
2026-07-01 09:48:49,Kalyan,19.243,73.13,CR,2026-07-01T09:45,2.1,0.2,open-meteo
2026-07-01 09:48:49,Chunnabhatti,19.046,72.875,Harbour-hotspot,2026-07-01T09:45,1.4,0.3,open-meteo
2026-07-01 09:48:49,Matunga,19.027,72.852,CR-hotspot,2026-07-01T09:45,1.4,0.3,open-meteo
2026-07-01 14:05:11,Churchgate,18.935,72.827,WR,2026-07-01T14:00,0.8,0.5,open-meteo
2026-07-01 14:05:11,Dadar,19.018,72.844,WR/CR,2026-07-01T14:00,0.8,0.5,open-meteo
2026-07-01 14:05:11,Andheri,19.119,72.846,WR,2026-07-01T14:00,0.9,0.7,open-meteo
2026-07-01 14:05:11,Borivali,19.231,72.857,WR,2026-07-01T14:00,1.3,0.8,open-meteo
2026-07-01 14:05:11,Virar,19.455,72.811,WR,,,,open-meteo-ERR
2026-07-01 14:05:11,CSMT,18.94,72.835,CR,2026-07-01T14:00,0.8,0.5,open-meteo
2026-07-01 14:05:11,Sion,19.043,72.862,CR-hotspot,2026-07-01T14:00,0.8,0.5,open-meteo
2026-07-01 14:05:11,Kurla,19.065,72.879,CR-hotspot,2026-07-01T14:00,0.9,0.7,open-meteo
2026-07-01 14:05:11,Thane,19.186,72.975,CR,2026-07-01T14:00,1.4,0.9,open-meteo
2026-07-01 14:05:11,Kalyan,19.243,73.13,CR,2026-07-01T14:00,1.4,1.0,open-meteo
2026-07-01 14:05:11,Chunnabhatti,19.046,72.875,Harbour-hotspot,,,,open-meteo-ERR
2026-07-01 14:05:11,Matunga,19.027,72.852,CR-hotspot,2026-07-01T14:00,0.8,0.5,open-meteo
2026-07-01 17:22:58,Churchgate,18.935,72.827,WR,2026-07-01T17:15,0.3,0.2,open-meteo
2026-07-01 17:22:58,Dadar,19.018,72.844,WR/CR,2026-07-01T17:15,0.3,0.2,open-meteo
2026-07-01 17:22:58,Andheri,19.119,72.846,WR,2026-07-01T17:15,0.3,0.3,open-meteo
2026-07-01 17:22:58,Borivali,19.231,72.857,WR,2026-07-01T17:15,0.7,0.4,open-meteo
2026-07-01 17:22:58,Virar,19.455,72.811,WR,2026-07-01T17:15,1.3,0.6,open-meteo
2026-07-01 17:22:58,CSMT,18.94,72.835,CR,2026-07-01T17:15,0.3,0.2,open-meteo
2026-07-01 17:22:58,Sion,19.043,72.862,CR-hotspot,2026-07-01T17:15,0.3,0.2,open-meteo
2026-07-01 17:22:58,Kurla,19.065,72.879,CR-hotspot,2026-07-01T17:15,0.3,0.3,open-meteo
2026-07-01 17:22:58,Thane,19.186,72.975,CR,2026-07-01T17:15,0.7,0.5,open-meteo
2026-07-01 17:22:58,Kalyan,19.243,73.13,CR,,,,open-meteo-ERR
2026-07-01 17:22:58,Chunnabhatti,19.046,72.875,Harbour-hotspot,2026-07-01T17:15,0.3,0.2,open-meteo
2026-07-01 17:22:58,Matunga,19.027,72.852,CR-hotspot,2026-07-01T17:15,0.3,0.2,open-meteo
2026-07-01 19:42:41,Churchgate,18.935,72.827,WR,2026-07-01T19:30,1.2,0.6,open-meteo
2026-07-01 19:42:41,Dadar,19.018,72.844,WR/CR,2026-07-01T19:30,1.2,0.6,open-meteo
2026-07-01 19:42:41,Andheri,19.119,72.846,WR,2026-07-01T19:30,1.3,0.4,open-meteo
2026-07-01 19:42:41,Borivali,19.231,72.857,WR,2026-07-01T19:30,1.1,0.4,open-meteo
2026-07-01 19:42:41,Virar,19.455,72.811,WR,2026-07-01T19:30,1.2,0.6,open-meteo
2026-07-01 19:42:41,CSMT,18.94,72.835,CR,2026-07-01T19:30,1.2,0.6,open-meteo
2026-07-01 19:42:41,Sion,19.043,72.862,CR-hotspot,2026-07-01T19:30,1.2,0.6,open-meteo
2026-07-01 19:42:41,Kurla,19.065,72.879,CR-hotspot,2026-07-01T19:30,1.3,0.4,open-meteo
2026-07-01 19:42:41,Thane,19.186,72.975,CR,2026-07-01T19:30,0.6,0.4,open-meteo
2026-07-01 19:42:41,Kalyan,19.243,73.13,CR,2026-07-01T19:30,0.5,0.3,open-meteo
2026-07-01 19:42:41,Chunnabhatti,19.046,72.875,Harbour-hotspot,2026-07-01T19:30,1.2,0.6,open-meteo
2026-07-01 19:42:41,Matunga,19.027,72.852,CR-hotspot,2026-07-01T19:30,1.2,0.6,open-meteo
2026-07-01 22:13:03,Churchgate,18.935,72.827,WR,2026-07-01T22:00,1.3,0.5,open-meteo
2026-07-01 22:13:03,Dadar,19.018,72.844,WR/CR,2026-07-01T22:00,1.3,0.5,open-meteo
2026-07-01 22:13:03,Andheri,19.119,72.846,WR,2026-07-01T22:00,0.6,0.2,open-meteo
2026-07-01 22:13:03,Borivali,19.231,72.857,WR,2026-07-01T22:00,0.9,0.3,open-meteo
2026-07-01 22:13:03,Virar,19.455,72.811,WR,,,,open-meteo-ERR
2026-07-01 22:13:03,CSMT,18.94,72.835,CR,2026-07-01T22:00,1.3,0.5,open-meteo
2026-07-01 22:13:03,Sion,19.043,72.862,CR-hotspot,2026-07-01T22:00,1.3,0.5,open-meteo
2026-07-01 22:13:03,Kurla,19.065,72.879,CR-hotspot,2026-07-01T22:00,0.6,0.2,open-meteo
2026-07-01 22:13:03,Thane,19.186,72.975,CR,2026-07-01T22:00,0.5,0.1,open-meteo
2026-07-01 22:13:03,Kalyan,19.243,73.13,CR,,,,open-meteo-ERR
2026-07-01 22:13:03,Chunnabhatti,19.046,72.875,Harbour-hotspot,2026-07-01T22:15,1.3,0.5,open-meteo
2026-07-01 22:13:03,Matunga,19.027,72.852,CR-hotspot,2026-07-01T22:15,1.3,0.5,open-meteo
2026-07-02 00:25:39,Churchgate,18.935,72.827,WR,2026-07-02T00:15,0.8,0.5,open-meteo
2026-07-02 00:25:39,Dadar,19.018,72.844,WR/CR,2026-07-02T00:15,0.8,0.5,open-meteo
2026-07-02 00:25:39,Andheri,19.119,72.846,WR,2026-07-02T00:15,0.9,0.4,open-meteo
2026-07-02 00:25:39,Borivali,19.231,72.857,WR,2026-07-02T00:15,1.0,0.4,open-meteo
2026-07-02 00:25:39,Virar,19.455,72.811,WR,,,,open-meteo-ERR
2026-07-02 00:25:39,CSMT,18.94,72.835,CR,2026-07-02T00:15,0.8,0.5,open-meteo
2026-07-02 00:25:39,Sion,19.043,72.862,CR-hotspot,2026-07-02T00:15,0.8,0.5,open-meteo
2026-07-02 00:25:39,Kurla,19.065,72.879,CR-hotspot,2026-07-02T00:15,0.9,0.4,open-meteo
2026-07-02 00:25:39,Thane,19.186,72.975,CR,2026-07-02T00:15,1.2,0.3,open-meteo
2026-07-02 00:25:39,Kalyan,19.243,73.13,CR,2026-07-02T00:15,1.0,0.3,open-meteo
2026-07-02 00:25:39,Chunnabhatti,19.046,72.875,Harbour-hotspot,,,,open-meteo-ERR
2026-07-02 00:25:39,Matunga,19.027,72.852,CR-hotspot,2026-07-02T00:15,0.8,0.5,open-meteo
2026-07-02 02:16:12,Churchgate,18.935,72.827,WR,2026-07-02T02:15,0.3,0.2,open-meteo
2026-07-02 02:16:12,Dadar,19.018,72.844,WR/CR,2026-07-02T02:15,0.3,0.2,open-meteo
2026-07-02 02:16:12,Andheri,19.119,72.846,WR,2026-07-02T02:15,0.2,0.1,open-meteo
2026-07-02 02:16:12,Borivali,19.231,72.857,WR,,,,open-meteo-ERR
2026-07-02 02:16:12,Virar,19.455,72.811,WR,2026-07-02T02:15,0.8,0.1,open-meteo
2026-07-02 02:16:12,CSMT,18.94,72.835,CR,2026-07-02T02:15,0.3,0.2,open-meteo
2026-07-02 02:16:12,Sion,19.043,72.862,CR-hotspot,2026-07-02T02:15,0.3,0.2,open-meteo
2026-07-02 02:16:12,Kurla,19.065,72.879,CR-hotspot,,,,open-meteo-ERR
2026-07-02 02:16:12,Thane,19.186,72.975,CR,2026-07-02T02:15,0.3,0.2,open-meteo
2026-07-02 02:16:12,Kalyan,19.243,73.13,CR,2026-07-02T02:15,0.3,0.1,open-meteo
2026-07-02 02:16:12,Chunnabhatti,19.046,72.875,Harbour-hotspot,2026-07-02T02:15,0.3,0.2,open-meteo
2026-07-02 02:16:12,Matunga,19.027,72.852,CR-hotspot,,,,open-meteo-ERR
2026-07-02 03:43:34,Churchgate,18.935,72.827,WR,2026-07-02T03:30,0.5,0.1,open-meteo
2026-07-02 03:43:34,Dadar,19.018,72.844,WR/CR,2026-07-02T03:30,0.5,0.1,open-meteo
2026-07-02 03:43:34,Andheri,19.119,72.846,WR,2026-07-02T03:30,0.4,0.1,open-meteo
2026-07-02 03:43:34,Borivali,19.231,72.857,WR,2026-07-02T03:30,0.7,0.3,open-meteo
2026-07-02 03:43:34,Virar,19.455,72.811,WR,,,,open-meteo-ERR
2026-07-02 03:43:34,CSMT,18.94,72.835,CR,2026-07-02T03:45,0.5,0.0,open-meteo
2026-07-02 03:43:34,Sion,19.043,72.862,CR-hotspot,2026-07-02T03:45,0.5,0.0,open-meteo
2026-07-02 03:43:34,Kurla,19.065,72.879,CR-hotspot,2026-07-02T03:45,0.3,0.1,open-meteo
2026-07-02 03:43:34,Thane,19.186,72.975,CR,2026-07-02T03:45,0.3,0.2,open-meteo
2026-07-02 03:43:34,Kalyan,19.243,73.13,CR,2026-07-02T03:45,0.3,0.2,open-meteo
2026-07-02 03:43:34,Chunnabhatti,19.046,72.875,Harbour-hotspot,2026-07-02T03:45,0.5,0.0,open-meteo
2026-07-02 03:43:34,Matunga,19.027,72.852,CR-hotspot,2026-07-02T03:45,0.5,0.0,open-meteo
2026-07-02 05:20:10,Churchgate,18.935,72.827,WR,2026-07-02T05:15,0.6,0.3,open-meteo
2026-07-02 05:20:10,Dadar,19.018,72.844,WR/CR,2026-07-02T05:15,0.6,0.3,open-meteo
2026-07-02 05:20:10,Andheri,19.119,72.846,WR,2026-07-02T05:15,0.7,0.3,open-meteo
2026-07-02 05:20:10,Borivali,19.231,72.857,WR,2026-07-02T05:15,0.8,0.0,open-meteo
2026-07-02 05:20:10,Virar,19.455,72.811,WR,,,,open-meteo-ERR
2026-07-02 05:20:10,CSMT,18.94,72.835,CR,2026-07-02T05:15,0.6,0.3,open-meteo
2026-07-02 05:20:10,Sion,19.043,72.862,CR-hotspot,2026-07-02T05:15,0.6,0.3,open-meteo
2026-07-02 05:20:10,Kurla,19.065,72.879,CR-hotspot,2026-07-02T05:15,0.7,0.3,open-meteo
2026-07-02 05:20:10,Thane,19.186,72.975,CR,2026-07-02T05:15,0.4,0.2,open-meteo
2026-07-02 05:20:10,Kalyan,19.243,73.13,CR,2026-07-02T05:15,0.2,0.1,open-meteo
2026-07-02 05:20:10,Chunnabhatti,19.046,72.875,Harbour-hotspot,,,,open-meteo-ERR
2026-07-02 05:20:10,Matunga,19.027,72.852,CR-hotspot,2026-07-02T05:15,0.6,0.3,open-meteo
2026-07-02 08:00:32,Churchgate,18.935,72.827,WR,2026-07-02T08:00,2.9,0.8,open-meteo
2026-07-02 08:00:32,Dadar,19.018,72.844,WR/CR,2026-07-02T08:00,2.9,0.8,open-meteo
2026-07-02 08:00:32,Andheri,19.119,72.846,WR,2026-07-02T08:00,1.8,0.5,open-meteo
2026-07-02 08:00:32,Borivali,19.231,72.857,WR,2026-07-02T08:00,2.0,0.3,open-meteo
2026-07-02 08:00:32,Virar,19.455,72.811,WR,,,,open-meteo-ERR
2026-07-02 08:00:32,CSMT,18.94,72.835,CR,2026-07-02T08:00,2.9,0.8,open-meteo
2026-07-02 08:00:32,Sion,19.043,72.862,CR-hotspot,2026-07-02T08:00,2.9,0.8,open-meteo
2026-07-02 08:00:32,Kurla,19.065,72.879,CR-hotspot,2026-07-02T08:00,1.8,0.5,open-meteo
2026-07-02 08:00:32,Thane,19.186,72.975,CR,2026-07-02T08:00,0.7,0.5,open-meteo
2026-07-02 08:00:32,Kalyan,19.243,73.13,CR,2026-07-02T08:00,0.4,0.2,open-meteo
2026-07-02 08:00:32,Chunnabhatti,19.046,72.875,Harbour-hotspot,,,,open-meteo-ERR
2026-07-02 08:00:32,Matunga,19.027,72.852,CR-hotspot,2026-07-02T08:00,2.9,0.8,open-meteo
2026-07-02 12:02:27,Churchgate,18.935,72.827,WR,2026-07-02T12:00,1.6,0.5,open-meteo
2026-07-02 12:02:27,Dadar,19.018,72.844,WR/CR,2026-07-02T12:00,1.6,0.5,open-meteo
2026-07-02 12:02:27,Andheri,19.119,72.846,WR,2026-07-02T12:00,2.0,0.9,open-meteo
2026-07-02 12:02:27,Borivali,19.231,72.857,WR,2026-07-02T12:00,1.8,0.9,open-meteo
2026-07-02 12:02:27,Virar,19.455,72.811,WR,,,,open-meteo-ERR
2026-07-02 12:02:27,CSMT,18.94,72.835,CR,2026-07-02T12:00,1.6,0.5,open-meteo
2026-07-02 12:02:27,Sion,19.043,72.862,CR-hotspot,2026-07-02T12:00,1.6,0.5,open-meteo
2026-07-02 12:02:27,Kurla,19.065,72.879,CR-hotspot,2026-07-02T12:00,2.0,0.9,open-meteo
2026-07-02 12:02:27,Thane,19.186,72.975,CR,2026-07-02T12:00,1.4,1.2,open-meteo
2026-07-02 12:02:27,Kalyan,19.243,73.13,CR,2026-07-02T12:00,1.3,0.9,open-meteo
2026-07-02 12:02:27,Chunnabhatti,19.046,72.875,Harbour-hotspot,,,,open-meteo-ERR
2026-07-02 12:02:27,Matunga,19.027,72.852,CR-hotspot,2026-07-02T12:00,1.6,0.5,open-meteo
2026-07-02 15:23:47,Churchgate,18.935,72.827,WR,2026-07-02T15:15,0.8,0.6,open-meteo
2026-07-02 15:23:47,Dadar,19.018,72.844,WR/CR,2026-07-02T15:15,0.8,0.6,open-meteo
2026-07-02 15:23:47,Andheri,19.119,72.846,WR,2026-07-02T15:15,0.7,0.7,open-meteo
2026-07-02 15:23:47,Borivali,19.231,72.857,WR,,,,open-meteo-ERR
2026-07-02 15:23:47,Virar,19.455,72.811,WR,2026-07-02T15:15,0.8,0.4,open-meteo
2026-07-02 15:23:47,CSMT,18.94,72.835,CR,2026-07-02T15:15,0.8,0.6,open-meteo
2026-07-02 15:23:47,Sion,19.043,72.862,CR-hotspot,2026-07-02T15:15,0.8,0.6,open-meteo
2026-07-02 15:23:47,Kurla,19.065,72.879,CR-hotspot,2026-07-02T15:15,0.7,0.7,open-meteo
2026-07-02 15:23:47,Thane,19.186,72.975,CR,2026-07-02T15:15,0.7,0.5,open-meteo
2026-07-02 15:23:47,Kalyan,19.243,73.13,CR,2026-07-02T15:15,0.8,0.5,open-meteo
2026-07-02 15:23:47,Chunnabhatti,19.046,72.875,Harbour-hotspot,2026-07-02T15:15,0.8,0.6,open-meteo
2026-07-02 15:23:47,Matunga,19.027,72.852,CR-hotspot,2026-07-02T15:15,0.8,0.6,open-meteo
2026-07-02 17:33:56,Churchgate,18.935,72.827,WR,2026-07-02T17:30,0.4,0.2,open-meteo
2026-07-02 17:33:56,Dadar,19.018,72.844,WR/CR,2026-07-02T17:30,0.4,0.2,open-meteo
2026-07-02 17:33:56,Andheri,19.119,72.846,WR,2026-07-02T17:30,0.6,0.3,open-meteo
2026-07-02 17:33:56,Borivali,19.231,72.857,WR,2026-07-02T17:30,0.4,0.1,open-meteo
2026-07-02 17:33:56,Virar,19.455,72.811,WR,,,,open-meteo-ERR
2026-07-02 17:33:56,CSMT,18.94,72.835,CR,2026-07-02T17:30,0.4,0.2,open-meteo
2026-07-02 17:33:56,Sion,19.043,72.862,CR-hotspot,2026-07-02T17:30,0.4,0.2,open-meteo
2026-07-02 17:33:56,Kurla,19.065,72.879,CR-hotspot,2026-07-02T17:30,0.6,0.3,open-meteo
2026-07-02 17:33:56,Thane,19.186,72.975,CR,2026-07-02T17:30,0.6,0.2,open-meteo
2026-07-02 17:33:56,Kalyan,19.243,73.13,CR,2026-07-02T17:30,0.6,0.2,open-meteo
2026-07-02 17:33:56,Chunnabhatti,19.046,72.875,Harbour-hotspot,,,,open-meteo-ERR
2026-07-02 17:33:56,Matunga,19.027,72.852,CR-hotspot,2026-07-02T17:30,0.4,0.2,open-meteo
2026-07-02 20:06:21,Churchgate,18.935,72.827,WR,2026-07-02T20:00,0.6,0.3,open-meteo
2026-07-02 20:06:21,Dadar,19.018,72.844,WR/CR,2026-07-02T20:00,0.6,0.3,open-meteo
2026-07-02 20:06:21,Andheri,19.119,72.846,WR,2026-07-02T20:00,0.6,0.3,open-meteo
2026-07-02 20:06:21,Borivali,19.231,72.857,WR,,,,open-meteo-ERR
2026-07-02 20:06:21,Virar,19.455,72.811,WR,2026-07-02T20:00,0.5,0.3,open-meteo
2026-07-02 20:06:21,CSMT,18.94,72.835,CR,2026-07-02T20:00,0.6,0.3,open-meteo
2026-07-02 20:06:21,Sion,19.043,72.862,CR-hotspot,2026-07-02T20:00,0.6,0.3,open-meteo
2026-07-02 20:06:21,Kurla,19.065,72.879,CR-hotspot,2026-07-02T20:00,0.6,0.3,open-meteo
2026-07-02 20:06:21,Thane,19.186,72.975,CR,,,,open-meteo-ERR
2026-07-02 20:06:21,Kalyan,19.243,73.13,CR,2026-07-02T20:00,0.7,0.4,open-meteo
2026-07-02 20:06:21,Chunnabhatti,19.046,72.875,Harbour-hotspot,2026-07-02T20:00,0.6,0.3,open-meteo
2026-07-02 20:06:21,Matunga,19.027,72.852,CR-hotspot,2026-07-02T20:00,0.6,0.3,open-meteo
2026-07-02 22:15:16,Churchgate,18.935,72.827,WR,2026-07-02T22:15,0.6,0.4,open-meteo
2026-07-02 22:15:16,Dadar,19.018,72.844,WR/CR,2026-07-02T22:15,0.6,0.4,open-meteo
2026-07-02 22:15:16,Andheri,19.119,72.846,WR,2026-07-02T22:15,0.7,0.3,open-meteo
2026-07-02 22:15:16,Borivali,19.231,72.857,WR,,,,open-meteo-ERR
2026-07-02 22:15:16,Virar,19.455,72.811,WR,2026-07-02T22:15,0.9,0.3,open-meteo
2026-07-02 22:15:16,CSMT,18.94,72.835,CR,2026-07-02T22:15,0.6,0.4,open-meteo
2026-07-02 22:15:16,Sion,19.043,72.862,CR-hotspot,2026-07-02T22:15,0.6,0.4,open-meteo
2026-07-02 22:15:16,Kurla,19.065,72.879,CR-hotspot,2026-07-02T22:15,0.7,0.3,open-meteo
2026-07-02 22:15:16,Thane,19.186,72.975,CR,2026-07-02T22:15,0.6,0.4,open-meteo
2026-07-02 22:15:16,Kalyan,19.243,73.13,CR,2026-07-02T22:15,0.6,0.3,open-meteo
2026-07-02 22:15:16,Chunnabhatti,19.046,72.875,Harbour-hotspot,2026-07-02T22:15,0.6,0.4,open-meteo
2026-07-02 22:15:16,Matunga,19.027,72.852,CR-hotspot,,,,open-meteo-ERR
2026-07-02 23:53:00,Churchgate,18.935,72.827,WR,2026-07-02T23:45,1.0,0.6,open-meteo
2026-07-02 23:53:00,Dadar,19.018,72.844,WR/CR,2026-07-02T23:45,1.0,0.6,open-meteo
2026-07-02 23:53:00,Andheri,19.119,72.846,WR,2026-07-02T23:45,1.2,1.0,open-meteo
2026-07-02 23:53:00,Borivali,19.231,72.857,WR,,,,open-meteo-ERR
2026-07-02 23:53:00,Virar,19.455,72.811,WR,2026-07-02T23:45,1.8,0.6,open-meteo
2026-07-02 23:53:00,CSMT,18.94,72.835,CR,2026-07-02T23:45,1.0,0.6,open-meteo
2026-07-02 23:53:00,Sion,19.043,72.862,CR-hotspot,2026-07-02T23:45,1.0,0.6,open-meteo
2026-07-02 23:53:00,Kurla,19.065,72.879,CR-hotspot,2026-07-02T23:45,1.2,1.0,open-meteo
2026-07-02 23:53:00,Thane,19.186,72.975,CR,2026-07-02T23:45,0.6,0.2,open-meteo
2026-07-02 23:53:00,Kalyan,19.243,73.13,CR,2026-07-02T23:45,0.5,0.2,open-meteo
2026-07-02 23:53:00,Chunnabhatti,19.046,72.875,Harbour-hotspot,2026-07-02T23:45,1.0,0.6,open-meteo
2026-07-02 23:53:00,Matunga,19.027,72.852,CR-hotspot,2026-07-02T23:45,1.0,0.6,open-meteo
2026-07-03 01:29:11,Churchgate,18.935,72.827,WR,2026-07-03T01:15,0.6,0.4,open-meteo
2026-07-03 01:29:11,Dadar,19.018,72.844,WR/CR,2026-07-03T01:15,0.6,0.4,open-meteo
2026-07-03 01:29:11,Andheri,19.119,72.846,WR,2026-07-03T01:15,0.6,0.3,open-meteo
2026-07-03 01:29:11,Borivali,19.231,72.857,WR,,,,open-meteo-ERR
2026-07-03 01:29:11,Virar,19.455,72.811,WR,2026-07-03T01:30,1.6,0.4,open-meteo
2026-07-03 01:29:11,CSMT,18.94,72.835,CR,2026-07-03T01:30,0.6,0.4,open-meteo
2026-07-03 01:29:11,Sion,19.043,72.862,CR-hotspot,2026-07-03T01:30,0.6,0.4,open-meteo
2026-07-03 01:29:11,Kurla,19.065,72.879,CR-hotspot,,,,open-meteo-ERR
2026-07-03 01:29:11,Thane,19.186,72.975,CR,2026-07-03T01:30,0.6,0.3,open-meteo
2026-07-03 01:29:11,Kalyan,19.243,73.13,CR,2026-07-03T01:30,0.5,0.1,open-meteo
2026-07-03 01:29:11,Chunnabhatti,19.046,72.875,Harbour-hotspot,2026-07-03T01:30,0.6,0.4,open-meteo
2026-07-03 01:29:11,Matunga,19.027,72.852,CR-hotspot,,,,open-meteo-ERR
2026-07-03 02:40:31,Churchgate,18.935,72.827,WR,2026-07-03T02:30,0.8,0.1,open-meteo
2026-07-03 02:40:31,Dadar,19.018,72.844,WR/CR,2026-07-03T02:30,0.8,0.1,open-meteo
2026-07-03 02:40:31,Andheri,19.119,72.846,WR,2026-07-03T02:30,0.4,0.1,open-meteo
2026-07-03 02:40:31,Borivali,19.231,72.857,WR,2026-07-03T02:30,0.4,0.1,open-meteo
2026-07-03 02:40:31,Virar,19.455,72.811,WR,,,,open-meteo-ERR
2026-07-03 02:40:31,CSMT,18.94,72.835,CR,2026-07-03T02:30,0.8,0.1,open-meteo
2026-07-03 02:40:31,Sion,19.043,72.862,CR-hotspot,2026-07-03T02:30,0.8,0.1,open-meteo
2026-07-03 02:40:31,Kurla,19.065,72.879,CR-hotspot,2026-07-03T02:30,0.4,0.1,open-meteo
2026-07-03 02:40:31,Thane,19.186,72.975,CR,2026-07-03T02:30,0.2,0.1,open-meteo
2026-07-03 02:40:31,Kalyan,19.243,73.13,CR,2026-07-03T02:30,0.2,0.1,open-meteo
2026-07-03 02:40:31,Chunnabhatti,19.046,72.875,Harbour-hotspot,,,,open-meteo-ERR
2026-07-03 02:40:31,Matunga,19.027,72.852,CR-hotspot,2026-07-03T02:30,0.8,0.1,open-meteo
2026-07-03 04:04:55,Churchgate,18.935,72.827,WR,2026-07-03T04:00,0.2,0.1,open-meteo
2026-07-03 04:04:55,Dadar,19.018,72.844,WR/CR,2026-07-03T04:00,0.2,0.1,open-meteo
2026-07-03 04:04:55,Andheri,19.119,72.846,WR,2026-07-03T04:00,0.2,0.0,open-meteo
2026-07-03 04:04:55,Borivali,19.231,72.857,WR,2026-07-03T04:00,0.9,0.1,open-meteo
2026-07-03 04:04:55,Virar,19.455,72.811,WR,,,,open-meteo-ERR
2026-07-03 04:04:55,CSMT,18.94,72.835,CR,2026-07-03T04:00,0.2,0.1,open-meteo
2026-07-03 04:04:55,Sion,19.043,72.862,CR-hotspot,2026-07-03T04:00,0.2,0.1,open-meteo
2026-07-03 04:04:55,Kurla,19.065,72.879,CR-hotspot,2026-07-03T04:00,0.2,0.0,open-meteo
2026-07-03 04:04:55,Thane,19.186,72.975,CR,2026-07-03T04:00,0.4,0.2,open-meteo
2026-07-03 04:04:55,Kalyan,19.243,73.13,CR,2026-07-03T04:00,0.3,0.1,open-meteo
2026-07-03 04:04:55,Chunnabhatti,19.046,72.875,Harbour-hotspot,,,,open-meteo-ERR
2026-07-03 04:04:55,Matunga,19.027,72.852,CR-hotspot,2026-07-03T04:00,0.2,0.1,open-meteo
2026-07-03 05:26:56,Churchgate,18.935,72.827,WR,2026-07-03T05:15,0.7,0.1,open-meteo
2026-07-03 05:26:56,Dadar,19.018,72.844,WR/CR,2026-07-03T05:15,0.7,0.1,open-meteo
2026-07-03 05:26:56,Andheri,19.119,72.846,WR,2026-07-03T05:15,0.5,0.2,open-meteo
2026-07-03 05:26:56,Borivali,19.231,72.857,WR,2026-07-03T05:15,1.1,0.3,open-meteo
2026-07-03 05:26:56,Virar,19.455,72.811,WR,,,,open-meteo-ERR
2026-07-03 05:26:56,CSMT,18.94,72.835,CR,2026-07-03T05:15,0.7,0.1,open-meteo
2026-07-03 05:26:56,Sion,19.043,72.862,CR-hotspot,2026-07-03T05:15,0.7,0.1,open-meteo
2026-07-03 05:26:56,Kurla,19.065,72.879,CR-hotspot,2026-07-03T05:15,0.5,0.2,open-meteo
2026-07-03 05:26:56,Thane,19.186,72.975,CR,2026-07-03T05:15,0.6,0.2,open-meteo
2026-07-03 05:26:56,Kalyan,19.243,73.13,CR,2026-07-03T05:15,0.4,0.1,open-meteo
2026-07-03 05:26:56,Chunnabhatti,19.046,72.875,Harbour-hotspot,,,,open-meteo-ERR
2026-07-03 05:26:56,Matunga,19.027,72.852,CR-hotspot,2026-07-03T05:30,0.7,0.1,open-meteo
2026-07-03 08:07:21,Churchgate,18.935,72.827,WR,2026-07-03T08:00,0.7,0.5,open-meteo
2026-07-03 08:07:21,Dadar,19.018,72.844,WR/CR,2026-07-03T08:00,0.7,0.5,open-meteo
2026-07-03 08:07:21,Andheri,19.119,72.846,WR,2026-07-03T08:00,0.6,0.2,open-meteo
2026-07-03 08:07:21,Borivali,19.231,72.857,WR,2026-07-03T08:00,0.2,0.1,open-meteo
2026-07-03 08:07:21,Virar,19.455,72.811,WR,,,,open-meteo-ERR
2026-07-03 08:07:21,CSMT,18.94,72.835,CR,2026-07-03T08:00,0.7,0.5,open-meteo
2026-07-03 08:07:21,Sion,19.043,72.862,CR-hotspot,2026-07-03T08:00,0.7,0.5,open-meteo
2026-07-03 08:07:21,Kurla,19.065,72.879,CR-hotspot,,,,open-meteo-ERR
2026-07-03 08:07:21,Thane,19.186,72.975,CR,2026-07-03T08:00,0.2,0.1,open-meteo
2026-07-03 08:07:21,Kalyan,19.243,73.13,CR,2026-07-03T08:00,0.2,0.1,open-meteo
2026-07-03 08:07:21,Chunnabhatti,19.046,72.875,Harbour-hotspot,2026-07-03T08:00,0.7,0.5,open-meteo
2026-07-03 08:07:21,Matunga,19.027,72.852,CR-hotspot,2026-07-03T08:00,0.7,0.5,open-meteo
2026-07-03 11:53:05,Churchgate,18.935,72.827,WR,2026-07-03T11:45,0.6,0.2,open-meteo
2026-07-03 11:53:05,Dadar,19.018,72.844,WR/CR,2026-07-03T11:45,0.6,0.2,open-meteo
2026-07-03 11:53:05,Andheri,19.119,72.846,WR,2026-07-03T11:45,0.6,0.2,open-meteo
2026-07-03 11:53:05,Borivali,19.231,72.857,WR,2026-07-03T11:45,0.2,0.0,open-meteo
2026-07-03 11:53:05,Virar,19.455,72.811,WR,2026-07-03T11:45,0.2,0.1,open-meteo
2026-07-03 11:53:05,CSMT,18.94,72.835,CR,2026-07-03T11:45,0.6,0.2,open-meteo
2026-07-03 11:53:05,Sion,19.043,72.862,CR-hotspot,2026-07-03T11:45,0.6,0.2,open-meteo
2026-07-03 11:53:05,Kurla,19.065,72.879,CR-hotspot,2026-07-03T11:45,0.6,0.2,open-meteo
2026-07-03 11:53:05,Thane,19.186,72.975,CR,2026-07-03T11:45,0.3,0.1,open-meteo
2026-07-03 11:53:05,Kalyan,19.243,73.13,CR,2026-07-03T11:45,0.4,0.1,open-meteo
2026-07-03 11:53:05,Chunnabhatti,19.046,72.875,Harbour-hotspot,2026-07-03T11:45,0.6,0.2,open-meteo
2026-07-03 11:53:05,Matunga,19.027,72.852,CR-hotspot,2026-07-03T11:45,0.6,0.2,open-meteo
2026-07-03 15:10:14,Churchgate,18.935,72.827,WR,2026-07-03T15:00,0.4,0.1,open-meteo
2026-07-03 15:10:14,Dadar,19.018,72.844,WR/CR,2026-07-03T15:00,0.4,0.1,open-meteo
2026-07-03 15:10:14,Andheri,19.119,72.846,WR,2026-07-03T15:00,0.2,0.1,open-meteo
2026-07-03 15:10:14,Borivali,19.231,72.857,WR,,,,open-meteo-ERR
2026-07-03 15:10:14,Virar,19.455,72.811,WR,2026-07-03T15:00,0.5,0.4,open-meteo
2026-07-03 15:10:14,CSMT,18.94,72.835,CR,2026-07-03T15:00,0.4,0.1,open-meteo
2026-07-03 15:10:14,Sion,19.043,72.862,CR-hotspot,2026-07-03T15:00,0.4,0.1,open-meteo
2026-07-03 15:10:14,Kurla,19.065,72.879,CR-hotspot,,,,open-meteo-ERR
2026-07-03 15:10:14,Thane,19.186,72.975,CR,2026-07-03T15:00,0.3,0.2,open-meteo
2026-07-03 15:10:14,Kalyan,19.243,73.13,CR,2026-07-03T15:00,0.2,0.1,open-meteo
2026-07-03 15:10:14,Chunnabhatti,19.046,72.875,Harbour-hotspot,2026-07-03T15:00,0.4,0.1,open-meteo
2026-07-03 15:10:14,Matunga,19.027,72.852,CR-hotspot,,,,open-meteo-ERR
2026-07-03 17:31:49,Churchgate,18.935,72.827,WR,2026-07-03T17:30,1.3,0.3,open-meteo
2026-07-03 17:31:49,Dadar,19.018,72.844,WR/CR,2026-07-03T17:30,1.3,0.3,open-meteo
2026-07-03 17:31:49,Andheri,19.119,72.846,WR,2026-07-03T17:30,0.8,0.2,open-meteo
2026-07-03 17:31:49,Borivali,19.231,72.857,WR,,,,open-meteo-ERR
2026-07-03 17:31:49,Virar,19.455,72.811,WR,2026-07-03T17:30,0.4,0.3,open-meteo
2026-07-03 17:31:49,CSMT,18.94,72.835,CR,2026-07-03T17:30,1.3,0.3,open-meteo
2026-07-03 17:31:49,Sion,19.043,72.862,CR-hotspot,2026-07-03T17:30,1.3,0.3,open-meteo
2026-07-03 17:31:49,Kurla,19.065,72.879,CR-hotspot,,,,open-meteo-ERR
2026-07-03 17:31:49,Thane,19.186,72.975,CR,2026-07-03T17:30,0.6,0.3,open-meteo
2026-07-03 17:31:49,Kalyan,19.243,73.13,CR,2026-07-03T17:30,0.5,0.3,open-meteo
2026-07-03 17:31:49,Chunnabhatti,19.046,72.875,Harbour-hotspot,2026-07-03T17:30,1.3,0.3,open-meteo
2026-07-03 17:31:49,Matunga,19.027,72.852,CR-hotspot,,,,open-meteo-ERR
2026-07-03 20:08:04,Churchgate,18.935,72.827,WR,2026-07-03T20:00,0.7,0.1,open-meteo
2026-07-03 20:08:04,Dadar,19.018,72.844,WR/CR,2026-07-03T20:00,0.7,0.1,open-meteo
2026-07-03 20:08:04,Andheri,19.119,72.846,WR,2026-07-03T20:00,0.5,0.2,open-meteo
2026-07-03 20:08:04,Borivali,19.231,72.857,WR,,,,open-meteo-ERR
2026-07-03 20:08:04,Virar,19.455,72.811,WR,2026-07-03T20:00,0.5,0.3,open-meteo
2026-07-03 20:08:04,CSMT,18.94,72.835,CR,2026-07-03T20:00,0.7,0.1,open-meteo
2026-07-03 20:08:04,Sion,19.043,72.862,CR-hotspot,2026-07-03T20:00,0.7,0.1,open-meteo
2026-07-03 20:08:04,Kurla,19.065,72.879,CR-hotspot,,,,open-meteo-ERR
2026-07-03 20:08:04,Thane,19.186,72.975,CR,2026-07-03T20:00,0.5,0.1,open-meteo
2026-07-03 20:08:04,Kalyan,19.243,73.13,CR,2026-07-03T20:00,0.8,0.3,open-meteo
2026-07-03 20:08:04,Chunnabhatti,19.046,72.875,Harbour-hotspot,2026-07-03T20:00,0.7,0.1,open-meteo
2026-07-03 20:08:04,Matunga,19.027,72.852,CR-hotspot,,,,open-meteo-ERR
2026-07-03 21:49:41,Churchgate,18.935,72.827,WR,2026-07-03T21:45,0.6,0.3,open-meteo
2026-07-03 21:49:41,Dadar,19.018,72.844,WR/CR,2026-07-03T21:45,0.6,0.3,open-meteo
2026-07-03 21:49:41,Andheri,19.119,72.846,WR,2026-07-03T21:45,0.7,0.3,open-meteo
2026-07-03 21:49:41,Borivali,19.231,72.857,WR,2026-07-03T21:45,0.5,0.3,open-meteo
2026-07-03 21:49:41,Virar,19.455,72.811,WR,,,,open-meteo-ERR
2026-07-03 21:49:41,CSMT,18.94,72.835,CR,2026-07-03T21:45,0.6,0.3,open-meteo
2026-07-03 21:49:41,Sion,19.043,72.862,CR-hotspot,2026-07-03T21:45,0.6,0.3,open-meteo
2026-07-03 21:49:41,Kurla,19.065,72.879,CR-hotspot,2026-07-03T21:45,0.7,0.3,open-meteo
2026-07-03 21:49:41,Thane,19.186,72.975,CR,2026-07-03T21:45,0.5,0.2,open-meteo
2026-07-03 21:49:41,Kalyan,19.243,73.13,CR,2026-07-03T21:45,0.3,0.0,open-meteo
2026-07-03 21:49:41,Chunnabhatti,19.046,72.875,Harbour-hotspot,,,,open-meteo-ERR
2026-07-03 21:49:41,Matunga,19.027,72.852,CR-hotspot,2026-07-03T21:45,0.6,0.3,open-meteo
2026-07-03 23:24:52,Churchgate,18.935,72.827,WR,2026-07-03T23:15,0.5,0.2,open-meteo
2026-07-03 23:24:52,Dadar,19.018,72.844,WR/CR,2026-07-03T23:15,0.5,0.2,open-meteo
2026-07-03 23:24:52,Andheri,19.119,72.846,WR,2026-07-03T23:15,0.6,0.2,open-meteo
2026-07-03 23:24:52,Borivali,19.231,72.857,WR,2026-07-03T23:15,0.5,0.2,open-meteo
2026-07-03 23:24:52,Virar,19.455,72.811,WR,,,,open-meteo-ERR
2026-07-03 23:24:52,CSMT,18.94,72.835,CR,2026-07-03T23:15,0.5,0.2,open-meteo
2026-07-03 23:24:52,Sion,19.043,72.862,CR-hotspot,2026-07-03T23:15,0.5,0.2,open-meteo
2026-07-03 23:24:52,Kurla,19.065,72.879,CR-hotspot,2026-07-03T23:15,0.6,0.2,open-meteo
2026-07-03 23:24:52,Thane,19.186,72.975,CR,2026-07-03T23:15,0.6,0.2,open-meteo
2026-07-03 23:24:52,Kalyan,19.243,73.13,CR,2026-07-03T23:15,0.4,0.2,open-meteo
2026-07-03 23:24:52,Chunnabhatti,19.046,72.875,Harbour-hotspot,,,,open-meteo-ERR
2026-07-03 23:24:52,Matunga,19.027,72.852,CR-hotspot,2026-07-03T23:15,0.5,0.2,open-meteo
2026-07-04 00:34:37,Churchgate,18.935,72.827,WR,2026-07-04T00:30,0.5,0.1,open-meteo
2026-07-04 00:34:37,Dadar,19.018,72.844,WR/CR,2026-07-04T00:30,0.5,0.1,open-meteo
2026-07-04 00:34:37,Andheri,19.119,72.846,WR,2026-07-04T00:30,0.6,0.2,open-meteo
2026-07-04 00:34:37,Borivali,19.231,72.857,WR,2026-07-04T00:30,0.5,0.2,open-meteo
2026-07-04 00:34:37,Virar,19.455,72.811,WR,,,,open-meteo-ERR
2026-07-04 00:34:37,CSMT,18.94,72.835,CR,2026-07-04T00:30,0.5,0.1,open-meteo
2026-07-04 00:34:37,Sion,19.043,72.862,CR-hotspot,2026-07-04T00:30,0.5,0.1,open-meteo
2026-07-04 00:34:37,Kurla,19.065,72.879,CR-hotspot,2026-07-04T00:30,0.6,0.2,open-meteo
2026-07-04 00:34:37,Thane,19.186,72.975,CR,2026-07-04T00:30,0.5,0.2,open-meteo
2026-07-04 00:34:37,Kalyan,19.243,73.13,CR,2026-07-04T00:30,0.6,0.3,open-meteo
2026-07-04 00:34:37,Chunnabhatti,19.046,72.875,Harbour-hotspot,,,,open-meteo-ERR
2026-07-04 00:34:37,Matunga,19.027,72.852,CR-hotspot,2026-07-04T00:30,0.5,0.1,open-meteo
2026-07-04 02:06:01,Churchgate,18.935,72.827,WR,2026-07-04T02:00,3.8,0.7,open-meteo
2026-07-04 02:06:01,Dadar,19.018,72.844,WR/CR,2026-07-04T02:00,3.8,0.7,open-meteo
2026-07-04 02:06:01,Andheri,19.119,72.846,WR,2026-07-04T02:00,3.3,0.7,open-meteo
2026-07-04 02:06:01,Borivali,19.231,72.857,WR,,,,open-meteo-ERR
2026-07-04 02:06:01,Virar,19.455,72.811,WR,2026-07-04T02:00,1.4,0.5,open-meteo
2026-07-04 02:06:01,CSMT,18.94,72.835,CR,2026-07-04T02:00,3.8,0.7,open-meteo
2026-07-04 02:06:01,Sion,19.043,72.862,CR-hotspot,2026-07-04T02:00,3.8,0.7,open-meteo
2026-07-04 02:06:01,Kurla,19.065,72.879,CR-hotspot,,,,open-meteo-ERR
2026-07-04 02:06:01,Thane,19.186,72.975,CR,2026-07-04T02:00,1.6,0.7,open-meteo
2026-07-04 02:06:01,Kalyan,19.243,73.13,CR,2026-07-04T02:00,1.0,0.3,open-meteo
2026-07-04 02:06:01,Chunnabhatti,19.046,72.875,Harbour-hotspot,2026-07-04T02:00,3.8,0.7,open-meteo
2026-07-04 02:06:01,Matunga,19.027,72.852,CR-hotspot,2026-07-04T02:00,3.8,0.7,open-meteo
2026-07-04 03:28:38,Churchgate,18.935,72.827,WR,2026-07-04T03:15,2.6,0.9,open-meteo
2026-07-04 03:28:38,Dadar,19.018,72.844,WR/CR,2026-07-04T03:15,2.6,0.9,open-meteo
2026-07-04 03:28:38,Andheri,19.119,72.846,WR,2026-07-04T03:15,3.2,0.9,open-meteo
2026-07-04 03:28:38,Borivali,19.231,72.857,WR,,,,open-meteo-ERR
2026-07-04 03:28:38,Virar,19.455,72.811,WR,2026-07-04T03:15,3.1,0.7,open-meteo
2026-07-04 03:28:38,CSMT,18.94,72.835,CR,2026-07-04T03:30,2.6,0.9,open-meteo
2026-07-04 03:28:38,Sion,19.043,72.862,CR-hotspot,2026-07-04T03:30,2.6,0.9,open-meteo
2026-07-04 03:28:38,Kurla,19.065,72.879,CR-hotspot,,,,open-meteo-ERR
2026-07-04 03:28:38,Thane,19.186,72.975,CR,2026-07-04T03:30,1.4,0.7,open-meteo
2026-07-04 03:28:38,Kalyan,19.243,73.13,CR,2026-07-04T03:30,1.3,0.6,open-meteo
2026-07-04 03:28:38,Chunnabhatti,19.046,72.875,Harbour-hotspot,2026-07-04T03:30,2.6,0.9,open-meteo
2026-07-04 03:28:38,Matunga,19.027,72.852,CR-hotspot,,,,open-meteo-ERR
2026-07-04 04:35:39,Churchgate,18.935,72.827,WR,2026-07-04T04:30,3.0,1.3,open-meteo
2026-07-04 04:35:39,Dadar,19.018,72.844,WR/CR,2026-07-04T04:30,3.0,1.3,open-meteo
2026-07-04 04:35:39,Andheri,19.119,72.846,WR,2026-07-04T04:30,3.0,1.4,open-meteo
2026-07-04 04:35:39,Borivali,19.231,72.857,WR,,,,open-meteo-ERR
2026-07-04 04:35:39,Virar,19.455,72.811,WR,2026-07-04T04:30,3.2,0.9,open-meteo
2026-07-04 04:35:39,CSMT,18.94,72.835,CR,2026-07-04T04:30,3.0,1.3,open-meteo
2026-07-04 04:35:39,Sion,19.043,72.862,CR-hotspot,2026-07-04T04:30,3.0,1.3,open-meteo
2026-07-04 04:35:39,Kurla,19.065,72.879,CR-hotspot,,,,open-meteo-ERR
2026-07-04 04:35:39,Thane,19.186,72.975,CR,2026-07-04T04:30,1.3,0.6,open-meteo
2026-07-04 04:35:39,Kalyan,19.243,73.13,CR,2026-07-04T04:30,0.7,0.2,open-meteo
2026-07-04 04:35:39,Chunnabhatti,19.046,72.875,Harbour-hotspot,2026-07-04T04:30,3.0,1.3,open-meteo
2026-07-04 04:35:39,Matunga,19.027,72.852,CR-hotspot,,,,open-meteo-ERR
2026-07-04 06:35:21,Churchgate,18.935,72.827,WR,,,,open-meteo-ERR
2026-07-04 06:35:21,Dadar,19.018,72.844,WR/CR,,,,open-meteo-ERR
2026-07-04 06:35:21,Andheri,19.119,72.846,WR,,,,open-meteo-ERR
2026-07-04 06:35:21,Borivali,19.231,72.857,WR,,,,open-meteo-ERR
2026-07-04 06:35:21,Virar,19.455,72.811,WR,,,,open-meteo-ERR
2026-07-04 06:35:21,CSMT,18.94,72.835,CR,,,,open-meteo-ERR
2026-07-04 06:35:21,Sion,19.043,72.862,CR-hotspot,,,,open-meteo-ERR
2026-07-04 06:35:21,Kurla,19.065,72.879,CR-hotspot,,,,open-meteo-ERR
2026-07-04 06:35:21,Thane,19.186,72.975,CR,,,,open-meteo-ERR
2026-07-04 06:35:21,Kalyan,19.243,73.13,CR,,,,open-meteo-ERR
2026-07-04 06:35:21,Chunnabhatti,19.046,72.875,Harbour-hotspot,,,,open-meteo-ERR
2026-07-04 06:35:21,Matunga,19.027,72.852,CR-hotspot,,,,open-meteo-ERR
2026-07-04 10:32:10,Churchgate,18.935,72.827,WR,2026-07-04T10:30,2.1,1.0,open-meteo
2026-07-04 10:32:10,Dadar,19.018,72.844,WR/CR,2026-07-04T10:30,2.1,1.0,open-meteo
2026-07-04 10:32:10,Andheri,19.119,72.846,WR,2026-07-04T10:30,2.3,1.1,open-meteo
2026-07-04 10:32:10,Borivali,19.231,72.857,WR,2026-07-04T10:30,3.1,0.7,open-meteo
2026-07-04 10:32:10,Virar,19.455,72.811,WR,,,,open-meteo-ERR
2026-07-04 10:32:10,CSMT,18.94,72.835,CR,2026-07-04T10:30,2.1,1.0,open-meteo
2026-07-04 10:32:10,Sion,19.043,72.862,CR-hotspot,2026-07-04T10:30,2.1,1.0,open-meteo
2026-07-04 10:32:10,Kurla,19.065,72.879,CR-hotspot,2026-07-04T10:30,2.3,1.1,open-meteo
2026-07-04 10:32:10,Thane,19.186,72.975,CR,2026-07-04T10:30,1.4,0.7,open-meteo
2026-07-04 10:32:10,Kalyan,19.243,73.13,CR,2026-07-04T10:30,1.3,0.6,open-meteo
2026-07-04 10:32:10,Chunnabhatti,19.046,72.875,Harbour-hotspot,,,,open-meteo-ERR
2026-07-04 10:32:10,Matunga,19.027,72.852,CR-hotspot,2026-07-04T10:30,2.1,1.0,open-meteo
2026-07-04 13:38:16,Churchgate,18.935,72.827,WR,2026-07-04T13:30,2.1,1.0,open-meteo
2026-07-04 13:38:16,Dadar,19.018,72.844,WR/CR,2026-07-04T13:30,2.1,1.0,open-meteo
2026-07-04 13:38:16,Andheri,19.119,72.846,WR,2026-07-04T13:30,2.4,1.1,open-meteo
2026-07-04 13:38:16,Borivali,19.231,72.857,WR,2026-07-04T13:30,2.6,1.1,open-meteo
2026-07-04 13:38:16,Virar,19.455,72.811,WR,,,,open-meteo-ERR
2026-07-04 13:38:16,CSMT,18.94,72.835,CR,2026-07-04T13:30,2.1,1.0,open-meteo
2026-07-04 13:38:16,Sion,19.043,72.862,CR-hotspot,2026-07-04T13:30,2.1,1.0,open-meteo
2026-07-04 13:38:16,Kurla,19.065,72.879,CR-hotspot,2026-07-04T13:30,2.4,1.1,open-meteo
2026-07-04 13:38:16,Thane,19.186,72.975,CR,2026-07-04T13:30,1.8,0.7,open-meteo
2026-07-04 13:38:16,Kalyan,19.243,73.13,CR,2026-07-04T13:30,1.9,0.6,open-meteo
2026-07-04 13:38:16,Chunnabhatti,19.046,72.875,Harbour-hotspot,,,,open-meteo-ERR
2026-07-04 13:38:16,Matunga,19.027,72.852,CR-hotspot,2026-07-04T13:30,2.1,1.0,open-meteo
2026-07-04 16:00:43,Churchgate,18.935,72.827,WR,2026-07-04T16:00,1.2,0.5,open-meteo
2026-07-04 16:00:43,Dadar,19.018,72.844,WR/CR,2026-07-04T16:00,1.2,0.5,open-meteo
2026-07-04 16:00:43,Andheri,19.119,72.846,WR,2026-07-04T16:00,1.3,0.6,open-meteo
2026-07-04 16:00:43,Borivali,19.231,72.857,WR,2026-07-04T16:00,1.6,0.7,open-meteo
2026-07-04 16:00:43,Virar,19.455,72.811,WR,2026-07-04T16:00,0.5,0.2,open-meteo
2026-07-04 16:00:43,CSMT,18.94,72.835,CR,2026-07-04T16:00,1.2,0.5,open-meteo
2026-07-04 16:00:43,Sion,19.043,72.862,CR-hotspot,2026-07-04T16:00,1.2,0.5,open-meteo
2026-07-04 16:00:43,Kurla,19.065,72.879,CR-hotspot,2026-07-04T16:00,1.3,0.6,open-meteo
2026-07-04 16:00:43,Thane,19.186,72.975,CR,2026-07-04T16:00,0.8,0.4,open-meteo
2026-07-04 16:00:43,Kalyan,19.243,73.13,CR,,,,open-meteo-ERR
2026-07-04 16:00:43,Chunnabhatti,19.046,72.875,Harbour-hotspot,2026-07-04T16:00,1.2,0.5,open-meteo
2026-07-04 16:00:43,Matunga,19.027,72.852,CR-hotspot,2026-07-04T16:00,1.2,0.5,open-meteo
2026-07-04 17:32:00,Churchgate,18.935,72.827,WR,2026-07-04T17:30,1.1,0.5,open-meteo
2026-07-04 17:32:00,Dadar,19.018,72.844,WR/CR,2026-07-04T17:30,1.1,0.5,open-meteo
2026-07-04 17:32:00,Andheri,19.119,72.846,WR,2026-07-04T17:30,1.2,0.6,open-meteo
2026-07-04 17:32:00,Borivali,19.231,72.857,WR,,,,open-meteo-ERR
2026-07-04 17:32:00,Virar,19.455,72.811,WR,2026-07-04T17:30,0.7,0.7,open-meteo
2026-07-04 17:32:00,CSMT,18.94,72.835,CR,2026-07-04T17:30,1.1,0.5,open-meteo
2026-07-04 17:32:00,Sion,19.043,72.862,CR-hotspot,2026-07-04T17:30,1.1,0.5,open-meteo
2026-07-04 17:32:00,Kurla,19.065,72.879,CR-hotspot,,,,open-meteo-ERR
2026-07-04 17:32:00,Thane,19.186,72.975,CR,2026-07-04T17:30,0.8,0.5,open-meteo
2026-07-04 17:32:00,Kalyan,19.243,73.13,CR,2026-07-04T17:30,0.5,0.2,open-meteo
2026-07-04 17:32:00,Chunnabhatti,19.046,72.875,Harbour-hotspot,2026-07-04T17:30,1.1,0.5,open-meteo
2026-07-04 17:32:00,Matunga,19.027,72.852,CR-hotspot,,,,open-meteo-ERR
2026-07-04 19:36:37,Churchgate,18.935,72.827,WR,2026-07-04T19:30,1.0,0.3,open-meteo
2026-07-04 19:36:37,Dadar,19.018,72.844,WR/CR,2026-07-04T19:30,1.0,0.3,open-meteo
2026-07-04 19:36:37,Andheri,19.119,72.846,WR,2026-07-04T19:30,0.7,0.3,open-meteo
2026-07-04 19:36:37,Borivali,19.231,72.857,WR,,,,open-meteo-ERR
2026-07-04 19:36:37,Virar,19.455,72.811,WR,2026-07-04T19:30,0.5,0.3,open-meteo
2026-07-04 19:36:37,CSMT,18.94,72.835,CR,2026-07-04T19:30,1.0,0.3,open-meteo
2026-07-04 19:36:37,Sion,19.043,72.862,CR-hotspot,2026-07-04T19:30,1.0,0.3,open-meteo
2026-07-04 19:36:37,Kurla,19.065,72.879,CR-hotspot,,,,open-meteo-ERR
2026-07-04 19:36:37,Thane,19.186,72.975,CR,2026-07-04T19:30,0.3,0.2,open-meteo
2026-07-04 19:36:37,Kalyan,19.243,73.13,CR,2026-07-04T19:30,0.2,0.1,open-meteo
2026-07-04 19:36:37,Chunnabhatti,19.046,72.875,Harbour-hotspot,2026-07-04T19:30,1.0,0.3,open-meteo
2026-07-04 19:36:37,Matunga,19.027,72.852,CR-hotspot,2026-07-04T19:30,1.0,0.3,open-meteo
2026-07-04 21:09:09,Churchgate,18.935,72.827,WR,2026-07-04T21:00,1.2,0.2,open-meteo
2026-07-04 21:09:09,Dadar,19.018,72.844,WR/CR,2026-07-04T21:00,1.2,0.2,open-meteo
2026-07-04 21:09:09,Andheri,19.119,72.846,WR,2026-07-04T21:00,0.9,0.2,open-meteo
2026-07-04 21:09:09,Borivali,19.231,72.857,WR,2026-07-04T21:00,2.0,0.7,open-meteo
2026-07-04 21:09:09,Virar,19.455,72.811,WR,,,,open-meteo-ERR
2026-07-04 21:09:09,CSMT,18.94,72.835,CR,2026-07-04T21:00,1.2,0.2,open-meteo
2026-07-04 21:09:09,Sion,19.043,72.862,CR-hotspot,2026-07-04T21:00,1.2,0.2,open-meteo
2026-07-04 21:09:09,Kurla,19.065,72.879,CR-hotspot,2026-07-04T21:00,0.9,0.2,open-meteo
2026-07-04 21:09:09,Thane,19.186,72.975,CR,2026-07-04T21:00,1.3,0.7,open-meteo
2026-07-04 21:09:09,Kalyan,19.243,73.13,CR,2026-07-04T21:00,0.9,0.5,open-meteo
2026-07-04 21:09:09,Chunnabhatti,19.046,72.875,Harbour-hotspot,,,,open-meteo-ERR
2026-07-04 21:09:09,Matunga,19.027,72.852,CR-hotspot,2026-07-04T21:00,1.2,0.2,open-meteo
2026-07-04 22:25:09,Churchgate,18.935,72.827,WR,2026-07-04T22:15,1.7,0.6,open-meteo
2026-07-04 22:25:09,Dadar,19.018,72.844,WR/CR,2026-07-04T22:15,1.7,0.6,open-meteo
2026-07-04 22:25:09,Andheri,19.119,72.846,WR,2026-07-04T22:15,1.9,0.7,open-meteo
2026-07-04 22:25:09,Borivali,19.231,72.857,WR,2026-07-04T22:15,2.0,0.5,open-meteo
2026-07-04 22:25:09,Virar,19.455,72.811,WR,,,,open-meteo-ERR
2026-07-04 22:25:09,CSMT,18.94,72.835,CR,2026-07-04T22:15,1.7,0.6,open-meteo
2026-07-04 22:25:09,Sion,19.043,72.862,CR-hotspot,2026-07-04T22:15,1.7,0.6,open-meteo
2026-07-04 22:25:09,Kurla,19.065,72.879,CR-hotspot,2026-07-04T22:15,1.9,0.7,open-meteo
2026-07-04 22:25:09,Thane,19.186,72.975,CR,2026-07-04T22:15,1.1,0.5,open-meteo
2026-07-04 22:25:09,Kalyan,19.243,73.13,CR,2026-07-04T22:15,0.8,0.3,open-meteo
2026-07-04 22:25:09,Chunnabhatti,19.046,72.875,Harbour-hotspot,,,,open-meteo-ERR
2026-07-04 22:25:09,Matunga,19.027,72.852,CR-hotspot,2026-07-04T22:15,1.7,0.6,open-meteo
2026-07-04 23:27:46,Churchgate,18.935,72.827,WR,2026-07-04T23:15,1.9,0.6,open-meteo
2026-07-04 23:27:46,Dadar,19.018,72.844,WR/CR,2026-07-04T23:15,1.9,0.6,open-meteo
2026-07-04 23:27:46,Andheri,19.119,72.846,WR,2026-07-04T23:15,1.3,0.6,open-meteo
2026-07-04 23:27:46,Borivali,19.231,72.857,WR,2026-07-04T23:15,1.5,0.6,open-meteo
2026-07-04 23:27:46,Virar,19.455,72.811,WR,,,,open-meteo-ERR
2026-07-04 23:27:46,CSMT,18.94,72.835,CR,2026-07-04T23:15,1.9,0.6,open-meteo
2026-07-04 23:27:46,Sion,19.043,72.862,CR-hotspot,2026-07-04T23:15,1.9,0.6,open-meteo
2026-07-04 23:27:46,Kurla,19.065,72.879,CR-hotspot,2026-07-04T23:15,1.3,0.6,open-meteo
2026-07-04 23:27:46,Thane,19.186,72.975,CR,2026-07-04T23:15,0.8,0.3,open-meteo
2026-07-04 23:27:46,Kalyan,19.243,73.13,CR,2026-07-04T23:15,0.6,0.3,open-meteo
2026-07-04 23:27:46,Chunnabhatti,19.046,72.875,Harbour-hotspot,,,,open-meteo-ERR
2026-07-04 23:27:46,Matunga,19.027,72.852,CR-hotspot,2026-07-04T23:30,1.9,0.6,open-meteo
2026-07-05 00:40:41,Churchgate,18.935,72.827,WR,2026-07-05T00:30,1.3,0.6,open-meteo
2026-07-05 00:40:41,Dadar,19.018,72.844,WR/CR,2026-07-05T00:30,1.3,0.6,open-meteo
2026-07-05 00:40:41,Andheri,19.119,72.846,WR,2026-07-05T00:30,1.3,0.6,open-meteo
2026-07-05 00:40:41,Borivali,19.231,72.857,WR,2026-07-05T00:30,1.0,0.5,open-meteo
2026-07-05 00:40:41,Virar,19.455,72.811,WR,,,,open-meteo-ERR
2026-07-05 00:40:41,CSMT,18.94,72.835,CR,2026-07-05T00:30,1.3,0.6,open-meteo
2026-07-05 00:40:41,Sion,19.043,72.862,CR-hotspot,2026-07-05T00:30,1.3,0.6,open-meteo
2026-07-05 00:40:41,Kurla,19.065,72.879,CR-hotspot,2026-07-05T00:30,1.3,0.6,open-meteo
2026-07-05 00:40:41,Thane,19.186,72.975,CR,2026-07-05T00:30,0.6,0.2,open-meteo
2026-07-05 00:40:41,Kalyan,19.243,73.13,CR,2026-07-05T00:30,0.5,0.1,open-meteo
2026-07-05 00:40:41,Chunnabhatti,19.046,72.875,Harbour-hotspot,,,,open-meteo-ERR
2026-07-05 00:40:41,Matunga,19.027,72.852,CR-hotspot,2026-07-05T00:30,1.3,0.6,open-meteo
2026-07-05 01:57:27,Churchgate,18.935,72.827,WR,2026-07-05T01:45,1.9,0.5,open-meteo
2026-07-05 01:57:27,Dadar,19.018,72.844,WR/CR,2026-07-05T01:45,1.9,0.5,open-meteo
2026-07-05 01:57:27,Andheri,19.119,72.846,WR,2026-07-05T01:45,1.4,0.6,open-meteo
2026-07-05 01:57:27,Borivali,19.231,72.857,WR,,,,open-meteo-ERR
2026-07-05 01:57:27,Virar,19.455,72.811,WR,2026-07-05T01:45,1.6,0.1,open-meteo
2026-07-05 01:57:27,CSMT,18.94,72.835,CR,2026-07-05T01:45,1.9,0.5,open-meteo
2026-07-05 01:57:27,Sion,19.043,72.862,CR-hotspot,2026-07-05T01:45,1.9,0.5,open-meteo
2026-07-05 01:57:27,Kurla,19.065,72.879,CR-hotspot,2026-07-05T01:45,1.4,0.6,open-meteo
2026-07-05 01:57:27,Thane,19.186,72.975,CR,2026-07-05T01:45,0.7,0.4,open-meteo
2026-07-05 01:57:27,Kalyan,19.243,73.13,CR,2026-07-05T01:45,0.4,0.1,open-meteo
2026-07-05 01:57:27,Chunnabhatti,19.046,72.875,Harbour-hotspot,,,,open-meteo-ERR
2026-07-05 01:57:27,Matunga,19.027,72.852,CR-hotspot,2026-07-05T02:00,1.9,0.5,open-meteo
2026-07-05 02:56:44,Churchgate,18.935,72.827,WR,2026-07-05T02:45,2.8,0.8,open-meteo
2026-07-05 02:56:44,Dadar,19.018,72.844,WR/CR,2026-07-05T02:45,2.8,0.8,open-meteo
2026-07-05 02:56:44,Andheri,19.119,72.846,WR,2026-07-05T02:45,2.5,0.7,open-meteo
2026-07-05 02:56:44,Borivali,19.231,72.857,WR,2026-07-05T02:45,2.5,0.6,open-meteo
2026-07-05 02:56:44,Virar,19.455,72.811,WR,,,,open-meteo-ERR
2026-07-05 02:56:44,CSMT,18.94,72.835,CR,2026-07-05T02:45,2.8,0.8,open-meteo
2026-07-05 02:56:44,Sion,19.043,72.862,CR-hotspot,2026-07-05T02:45,2.8,0.8,open-meteo
2026-07-05 02:56:44,Kurla,19.065,72.879,CR-hotspot,2026-07-05T02:45,2.5,0.7,open-meteo
2026-07-05 02:56:44,Thane,19.186,72.975,CR,2026-07-05T02:45,0.8,0.4,open-meteo
2026-07-05 02:56:44,Kalyan,19.243,73.13,CR,,,,open-meteo-ERR
2026-07-05 02:56:44,Chunnabhatti,19.046,72.875,Harbour-hotspot,2026-07-05T02:45,2.8,0.8,open-meteo
2026-07-05 02:56:44,Matunga,19.027,72.852,CR-hotspot,2026-07-05T02:45,2.8,0.8,open-meteo
2026-07-05 03:56:24,Churchgate,18.935,72.827,WR,2026-07-05T03:45,2.5,0.5,open-meteo
2026-07-05 03:56:24,Dadar,19.018,72.844,WR/CR,2026-07-05T03:45,2.5,0.5,open-meteo
2026-07-05 03:56:24,Andheri,19.119,72.846,WR,2026-07-05T03:45,2.2,0.9,open-meteo
2026-07-05 03:56:24,Borivali,19.231,72.857,WR,2026-07-05T03:45,1.3,0.6,open-meteo
2026-07-05 03:56:24,Virar,19.455,72.811,WR,2026-07-05T03:45,0.4,0.3,open-meteo
2026-07-05 03:56:24,CSMT,18.94,72.835,CR,2026-07-05T03:45,2.5,0.5,open-meteo
2026-07-05 03:56:24,Sion,19.043,72.862,CR-hotspot,,,,open-meteo-ERR
2026-07-05 03:56:24,Kurla,19.065,72.879,CR-hotspot,2026-07-05T03:45,2.2,0.9,open-meteo
2026-07-05 03:56:24,Thane,19.186,72.975,CR,2026-07-05T03:45,1.2,0.8,open-meteo
2026-07-05 03:56:24,Kalyan,19.243,73.13,CR,2026-07-05T03:45,0.6,0.4,open-meteo
2026-07-05 03:56:24,Chunnabhatti,19.046,72.875,Harbour-hotspot,2026-07-05T03:45,2.5,0.5,open-meteo
2026-07-05 03:56:24,Matunga,19.027,72.852,CR-hotspot,,,,open-meteo-ERR
2026-07-05 04:59:36,Churchgate,18.935,72.827,WR,2026-07-05T04:45,2.6,1.2,open-meteo
2026-07-05 04:59:36,Dadar,19.018,72.844,WR/CR,2026-07-05T04:45,2.6,1.2,open-meteo
2026-07-05 04:59:36,Andheri,19.119,72.846,WR,2026-07-05T04:45,2.1,1.0,open-meteo
2026-07-05 04:59:36,Borivali,19.231,72.857,WR,,,,open-meteo-ERR
2026-07-05 04:59:36,Virar,19.455,72.811,WR,2026-07-05T05:00,0.1,0.0,open-meteo
2026-07-05 04:59:36,CSMT,18.94,72.835,CR,2026-07-05T05:00,2.6,1.2,open-meteo
2026-07-05 04:59:36,Sion,19.043,72.862,CR-hotspot,2026-07-05T05:00,2.6,1.2,open-meteo
2026-07-05 04:59:36,Kurla,19.065,72.879,CR-hotspot,,,,open-meteo-ERR
2026-07-05 04:59:36,Thane,19.186,72.975,CR,2026-07-05T05:00,1.1,0.7,open-meteo
2026-07-05 04:59:36,Kalyan,19.243,73.13,CR,2026-07-05T05:00,0.8,0.6,open-meteo
2026-07-05 04:59:36,Chunnabhatti,19.046,72.875,Harbour-hotspot,2026-07-05T05:00,2.6,1.2,open-meteo
2026-07-05 04:59:36,Matunga,19.027,72.852,CR-hotspot,,,,open-meteo-ERR
2026-07-05 06:46:21,Churchgate,18.935,72.827,WR,2026-07-05T06:45,2.7,1.2,open-meteo
2026-07-05 06:46:21,Dadar,19.018,72.844,WR/CR,2026-07-05T06:45,2.7,1.2,open-meteo
2026-07-05 06:46:21,Andheri,19.119,72.846,WR,2026-07-05T06:45,1.4,0.7,open-meteo
2026-07-05 06:46:21,Borivali,19.231,72.857,WR,2026-07-05T06:45,1.6,0.3,open-meteo
2026-07-05 06:46:21,Virar,19.455,72.811,WR,2026-07-05T06:45,0.6,0.2,open-meteo
2026-07-05 06:46:21,CSMT,18.94,72.835,CR,2026-07-05T06:45,2.7,1.2,open-meteo
2026-07-05 06:46:21,Sion,19.043,72.862,CR-hotspot,2026-07-05T06:45,2.7,1.2,open-meteo
2026-07-05 06:46:21,Kurla,19.065,72.879,CR-hotspot,2026-07-05T06:45,1.4,0.7,open-meteo
2026-07-05 06:46:21,Thane,19.186,72.975,CR,,,,open-meteo-ERR
2026-07-05 06:46:21,Kalyan,19.243,73.13,CR,2026-07-05T06:45,1.7,0.8,open-meteo
2026-07-05 06:46:21,Chunnabhatti,19.046,72.875,Harbour-hotspot,2026-07-05T06:45,2.7,1.2,open-meteo
2026-07-05 06:46:21,Matunga,19.027,72.852,CR-hotspot,2026-07-05T06:45,2.7,1.2,open-meteo
2026-07-05 11:00:29,Churchgate,18.935,72.827,WR,2026-07-05T11:00,0.5,0.2,open-meteo
2026-07-05 11:00:29,Dadar,19.018,72.844,WR/CR,2026-07-05T11:00,0.5,0.2,open-meteo
2026-07-05 11:00:29,Andheri,19.119,72.846,WR,2026-07-05T11:00,0.7,0.3,open-meteo
2026-07-05 11:00:29,Borivali,19.231,72.857,WR,2026-07-05T11:00,1.0,0.4,open-meteo
2026-07-05 11:00:29,Virar,19.455,72.811,WR,,,,open-meteo-ERR
2026-07-05 11:00:29,CSMT,18.94,72.835,CR,2026-07-05T11:00,0.5,0.2,open-meteo
2026-07-05 11:00:29,Sion,19.043,72.862,CR-hotspot,2026-07-05T11:00,0.5,0.2,open-meteo
2026-07-05 11:00:29,Kurla,19.065,72.879,CR-hotspot,2026-07-05T11:00,0.7,0.3,open-meteo
2026-07-05 11:00:29,Thane,19.186,72.975,CR,2026-07-05T11:00,0.7,0.4,open-meteo
2026-07-05 11:00:29,Kalyan,19.243,73.13,CR,2026-07-05T11:00,0.5,0.3,open-meteo
2026-07-05 11:00:29,Chunnabhatti,19.046,72.875,Harbour-hotspot,,,,open-meteo-ERR
2026-07-05 11:00:29,Matunga,19.027,72.852,CR-hotspot,2026-07-05T11:00,0.5,0.2,open-meteo
2026-07-05 14:12:41,Churchgate,18.935,72.827,WR,2026-07-05T14:00,1.2,0.0,open-meteo
2026-07-05 14:12:41,Dadar,19.018,72.844,WR/CR,2026-07-05T14:00,1.2,0.0,open-meteo
2026-07-05 14:12:41,Andheri,19.119,72.846,WR,2026-07-05T14:00,1.2,0.0,open-meteo
2026-07-05 14:12:41,Borivali,19.231,72.857,WR,2026-07-05T14:00,0.9,0.4,open-meteo
2026-07-05 14:12:41,Virar,19.455,72.811,WR,,,,open-meteo-ERR
2026-07-05 14:12:41,CSMT,18.94,72.835,CR,2026-07-05T14:00,1.2,0.0,open-meteo
2026-07-05 14:12:41,Sion,19.043,72.862,CR-hotspot,2026-07-05T14:00,1.2,0.0,open-meteo
2026-07-05 14:12:41,Kurla,19.065,72.879,CR-hotspot,2026-07-05T14:00,1.2,0.0,open-meteo
2026-07-05 14:12:41,Thane,19.186,72.975,CR,2026-07-05T14:00,0.8,0.2,open-meteo
2026-07-05 14:12:41,Kalyan,19.243,73.13,CR,2026-07-05T14:00,0.8,0.5,open-meteo
2026-07-05 14:12:41,Chunnabhatti,19.046,72.875,Harbour-hotspot,,,,open-meteo-ERR
2026-07-05 14:12:41,Matunga,19.027,72.852,CR-hotspot,2026-07-05T14:15,1.2,0.0,open-meteo
2026-07-05 16:29:33,Churchgate,18.935,72.827,WR,2026-07-05T16:15,0.4,0.4,open-meteo
2026-07-05 16:29:33,Dadar,19.018,72.844,WR/CR,2026-07-05T16:15,0.4,0.4,open-meteo
2026-07-05 16:29:33,Andheri,19.119,72.846,WR,2026-07-05T16:15,0.6,0.5,open-meteo
2026-07-05 16:29:33,Borivali,19.231,72.857,WR,2026-07-05T16:15,0.6,0.4,open-meteo
2026-07-05 16:29:33,Virar,19.455,72.811,WR,,,,open-meteo-ERR
2026-07-05 16:29:33,CSMT,18.94,72.835,CR,2026-07-05T16:30,0.4,0.4,open-meteo
2026-07-05 16:29:33,Sion,19.043,72.862,CR-hotspot,2026-07-05T16:30,0.4,0.4,open-meteo
2026-07-05 16:29:33,Kurla,19.065,72.879,CR-hotspot,2026-07-05T16:30,0.6,0.5,open-meteo
2026-07-05 16:29:33,Thane,19.186,72.975,CR,2026-07-05T16:30,0.5,0.5,open-meteo
2026-07-05 16:29:33,Kalyan,19.243,73.13,CR,2026-07-05T16:30,0.4,0.3,open-meteo
2026-07-05 16:29:33,Chunnabhatti,19.046,72.875,Harbour-hotspot,,,,open-meteo-ERR
2026-07-05 16:29:33,Matunga,19.027,72.852,CR-hotspot,2026-07-05T16:30,0.4,0.4,open-meteo
2026-07-05 17:49:03,Churchgate,18.935,72.827,WR,2026-07-05T17:45,0.7,0.3,open-meteo
2026-07-05 17:49:03,Dadar,19.018,72.844,WR/CR,2026-07-05T17:45,0.7,0.3,open-meteo
2026-07-05 17:49:03,Andheri,19.119,72.846,WR,2026-07-05T17:45,0.5,0.2,open-meteo
2026-07-05 17:49:03,Borivali,19.231,72.857,WR,2026-07-05T17:45,0.7,0.2,open-meteo
2026-07-05 17:49:03,Virar,19.455,72.811,WR,,,,open-meteo-ERR
2026-07-05 17:49:03,CSMT,18.94,72.835,CR,2026-07-05T17:45,0.7,0.3,open-meteo
2026-07-05 17:49:03,Sion,19.043,72.862,CR-hotspot,2026-07-05T17:45,0.7,0.3,open-meteo
2026-07-05 17:49:03,Kurla,19.065,72.879,CR-hotspot,2026-07-05T17:45,0.5,0.2,open-meteo
2026-07-05 17:49:03,Thane,19.186,72.975,CR,2026-07-05T17:45,0.4,0.3,open-meteo
2026-07-05 17:49:03,Kalyan,19.243,73.13,CR,,,,open-meteo-ERR
2026-07-05 17:49:03,Chunnabhatti,19.046,72.875,Harbour-hotspot,2026-07-05T17:45,0.7,0.3,open-meteo
2026-07-05 17:49:03,Matunga,19.027,72.852,CR-hotspot,2026-07-05T17:45,0.7,0.3,open-meteo
2026-07-05 19:44:43,Churchgate,18.935,72.827,WR,2026-07-05T19:30,1.1,0.4,open-meteo
2026-07-05 19:44:43,Dadar,19.018,72.844,WR/CR,2026-07-05T19:30,1.1,0.4,open-meteo
2026-07-05 19:44:43,Andheri,19.119,72.846,WR,2026-07-05T19:30,0.9,0.4,open-meteo
2026-07-05 19:44:43,Borivali,19.231,72.857,WR,2026-07-05T19:30,1.0,0.4,open-meteo
2026-07-05 19:44:43,Virar,19.455,72.811,WR,,,,open-meteo-ERR
2026-07-05 19:44:43,CSMT,18.94,72.835,CR,2026-07-05T19:45,1.3,0.5,open-meteo
2026-07-05 19:44:43,Sion,19.043,72.862,CR-hotspot,2026-07-05T19:45,1.3,0.5,open-meteo
2026-07-05 19:44:43,Kurla,19.065,72.879,CR-hotspot,2026-07-05T19:45,1.4,0.5,open-meteo
2026-07-05 19:44:43,Thane,19.186,72.975,CR,2026-07-05T19:45,1.3,0.5,open-meteo
2026-07-05 19:44:43,Kalyan,19.243,73.13,CR,2026-07-05T19:45,1.1,0.5,open-meteo
2026-07-05 19:44:43,Chunnabhatti,19.046,72.875,Harbour-hotspot,,,,open-meteo-ERR
2026-07-05 19:44:43,Matunga,19.027,72.852,CR-hotspot,2026-07-05T19:45,1.3,0.5,open-meteo
2026-07-05 21:14:03,Churchgate,18.935,72.827,WR,2026-07-05T21:00,1.4,0.6,open-meteo
2026-07-05 21:14:03,Dadar,19.018,72.844,WR/CR,2026-07-05T21:00,1.4,0.6,open-meteo
2026-07-05 21:14:03,Andheri,19.119,72.846,WR,2026-07-05T21:00,1.8,0.6,open-meteo
2026-07-05 21:14:03,Borivali,19.231,72.857,WR,2026-07-05T21:00,0.9,0.4,open-meteo
2026-07-05 21:14:03,Virar,19.455,72.811,WR,,,,open-meteo-ERR
2026-07-05 21:14:03,CSMT,18.94,72.835,CR,2026-07-05T21:15,1.4,0.6,open-meteo
2026-07-05 21:14:03,Sion,19.043,72.862,CR-hotspot,2026-07-05T21:15,1.4,0.6,open-meteo
2026-07-05 21:14:03,Kurla,19.065,72.879,CR-hotspot,2026-07-05T21:15,1.8,0.6,open-meteo
2026-07-05 21:14:03,Thane,19.186,72.975,CR,2026-07-05T21:15,0.8,0.3,open-meteo
2026-07-05 21:14:03,Kalyan,19.243,73.13,CR,2026-07-05T21:15,1.0,0.4,open-meteo
2026-07-05 21:14:03,Chunnabhatti,19.046,72.875,Harbour-hotspot,,,,open-meteo-ERR
2026-07-05 21:14:03,Matunga,19.027,72.852,CR-hotspot,2026-07-05T21:15,1.4,0.6,open-meteo
2026-07-05 22:27:42,Churchgate,18.935,72.827,WR,2026-07-05T22:15,1.2,0.5,open-meteo
2026-07-05 22:27:42,Dadar,19.018,72.844,WR/CR,2026-07-05T22:15,1.2,0.5,open-meteo
2026-07-05 22:27:42,Andheri,19.119,72.846,WR,2026-07-05T22:15,1.2,0.6,open-meteo
2026-07-05 22:27:42,Borivali,19.231,72.857,WR,2026-07-05T22:15,1.8,0.7,open-meteo
2026-07-05 22:27:42,Virar,19.455,72.811,WR,,,,open-meteo-ERR
2026-07-05 22:27:42,CSMT,18.94,72.835,CR,2026-07-05T22:15,1.2,0.5,open-meteo
2026-07-05 22:27:42,Sion,19.043,72.862,CR-hotspot,2026-07-05T22:15,1.2,0.5,open-meteo
2026-07-05 22:27:42,Kurla,19.065,72.879,CR-hotspot,,,,open-meteo-ERR
2026-07-05 22:27:42,Thane,19.186,72.975,CR,2026-07-05T22:30,0.9,0.4,open-meteo
2026-07-05 22:27:42,Kalyan,19.243,73.13,CR,2026-07-05T22:30,0.7,0.3,open-meteo
2026-07-05 22:27:42,Chunnabhatti,19.046,72.875,Harbour-hotspot,2026-07-05T22:30,1.2,0.5,open-meteo
2026-07-05 22:27:42,Matunga,19.027,72.852,CR-hotspot,2026-07-05T22:30,1.2,0.5,open-meteo
2026-07-05 23:31:49,Churchgate,18.935,72.827,WR,2026-07-05T23:30,1.3,0.4,open-meteo
2026-07-05 23:31:49,Dadar,19.018,72.844,WR/CR,2026-07-05T23:30,1.3,0.4,open-meteo
2026-07-05 23:31:49,Andheri,19.119,72.846,WR,2026-07-05T23:30,1.4,0.5,open-meteo
2026-07-05 23:31:49,Borivali,19.231,72.857,WR,2026-07-05T23:30,2.2,0.5,open-meteo
2026-07-05 23:31:49,Virar,19.455,72.811,WR,,,,open-meteo-ERR
2026-07-05 23:31:49,CSMT,18.94,72.835,CR,2026-07-05T23:30,1.3,0.4,open-meteo
2026-07-05 23:31:49,Sion,19.043,72.862,CR-hotspot,2026-07-05T23:30,1.3,0.4,open-meteo
2026-07-05 23:31:49,Kurla,19.065,72.879,CR-hotspot,2026-07-05T23:30,1.4,0.5,open-meteo
2026-07-05 23:31:49,Thane,19.186,72.975,CR,2026-07-05T23:30,1.9,0.9,open-meteo
2026-07-05 23:31:49,Kalyan,19.243,73.13,CR,2026-07-05T23:30,1.7,0.8,open-meteo
2026-07-05 23:31:49,Chunnabhatti,19.046,72.875,Harbour-hotspot,,,,open-meteo-ERR
2026-07-05 23:31:49,Matunga,19.027,72.852,CR-hotspot,2026-07-05T23:30,1.3,0.4,open-meteo
2026-07-06 01:18:39,Churchgate,18.935,72.827,WR,2026-07-06T01:15,0.6,0.2,open-meteo
2026-07-06 01:18:39,Dadar,19.018,72.844,WR/CR,2026-07-06T01:15,0.6,0.2,open-meteo
2026-07-06 01:18:39,Andheri,19.119,72.846,WR,2026-07-06T01:15,0.8,0.2,open-meteo
2026-07-06 01:18:39,Borivali,19.231,72.857,WR,,,,open-meteo-ERR
2026-07-06 01:18:39,Virar,19.455,72.811,WR,2026-07-06T01:15,1.7,0.6,open-meteo
2026-07-06 01:18:39,CSMT,18.94,72.835,CR,2026-07-06T01:15,0.6,0.2,open-meteo
2026-07-06 01:18:39,Sion,19.043,72.862,CR-hotspot,2026-07-06T01:15,0.6,0.2,open-meteo
2026-07-06 01:18:39,Kurla,19.065,72.879,CR-hotspot,2026-07-06T01:15,0.8,0.2,open-meteo
2026-07-06 01:18:39,Thane,19.186,72.975,CR,2026-07-06T01:15,1.0,0.4,open-meteo
2026-07-06 01:18:39,Kalyan,19.243,73.13,CR,2026-07-06T01:15,2.3,0.8,open-meteo
2026-07-06 01:18:39,Chunnabhatti,19.046,72.875,Harbour-hotspot,,,,open-meteo-ERR
2026-07-06 01:18:39,Matunga,19.027,72.852,CR-hotspot,2026-07-06T01:15,0.6,0.2,open-meteo
2026-07-06 02:19:07,Churchgate,18.935,72.827,WR,2026-07-06T02:15,0.6,0.2,open-meteo
2026-07-06 02:19:07,Dadar,19.018,72.844,WR/CR,2026-07-06T02:15,0.6,0.2,open-meteo
2026-07-06 02:19:07,Andheri,19.119,72.846,WR,2026-07-06T02:15,0.5,0.2,open-meteo
2026-07-06 02:19:07,Borivali,19.231,72.857,WR,2026-07-06T02:15,0.6,0.3,open-meteo
2026-07-06 02:19:07,Virar,19.455,72.811,WR,,,,open-meteo-ERR
2026-07-06 02:19:07,CSMT,18.94,72.835,CR,2026-07-06T02:15,0.6,0.2,open-meteo
2026-07-06 02:19:07,Sion,19.043,72.862,CR-hotspot,2026-07-06T02:15,0.6,0.2,open-meteo
2026-07-06 02:19:07,Kurla,19.065,72.879,CR-hotspot,2026-07-06T02:15,0.5,0.2,open-meteo
2026-07-06 02:19:07,Thane,19.186,72.975,CR,2026-07-06T02:15,0.7,0.4,open-meteo
2026-07-06 02:19:07,Kalyan,19.243,73.13,CR,2026-07-06T02:15,0.6,0.2,open-meteo
2026-07-06 02:19:07,Chunnabhatti,19.046,72.875,Harbour-hotspot,2026-07-06T02:15,0.6,0.2,open-meteo
2026-07-06 02:19:07,Matunga,19.027,72.852,CR-hotspot,,,,open-meteo-ERR
2026-07-06 03:23:36,Churchgate,18.935,72.827,WR,2026-07-06T03:15,1.1,0.5,open-meteo
2026-07-06 03:23:36,Dadar,19.018,72.844,WR/CR,2026-07-06T03:15,1.1,0.5,open-meteo
2026-07-06 03:23:36,Andheri,19.119,72.846,WR,2026-07-06T03:15,1.0,0.4,open-meteo
2026-07-06 03:23:36,Borivali,19.231,72.857,WR,2026-07-06T03:15,0.6,0.2,open-meteo
2026-07-06 03:23:36,Virar,19.455,72.811,WR,,,,open-meteo-ERR
2026-07-06 03:23:36,CSMT,18.94,72.835,CR,2026-07-06T03:15,1.1,0.5,open-meteo
2026-07-06 03:23:36,Sion,19.043,72.862,CR-hotspot,2026-07-06T03:15,1.1,0.5,open-meteo
2026-07-06 03:23:36,Kurla,19.065,72.879,CR-hotspot,2026-07-06T03:15,1.0,0.4,open-meteo
2026-07-06 03:23:36,Thane,19.186,72.975,CR,2026-07-06T03:15,0.7,0.0,open-meteo
2026-07-06 03:23:36,Kalyan,19.243,73.13,CR,,,,open-meteo-ERR
2026-07-06 03:23:36,Chunnabhatti,19.046,72.875,Harbour-hotspot,2026-07-06T03:15,1.1,0.5,open-meteo
2026-07-06 03:23:36,Matunga,19.027,72.852,CR-hotspot,2026-07-06T03:15,1.1,0.5,open-meteo
2026-07-06 04:24:36,Churchgate,18.935,72.827,WR,2026-07-06T04:15,0.5,0.2,open-meteo
2026-07-06 04:24:36,Dadar,19.018,72.844,WR/CR,2026-07-06T04:15,0.5,0.2,open-meteo
2026-07-06 04:24:36,Andheri,19.119,72.846,WR,2026-07-06T04:15,0.8,0.3,open-meteo
2026-07-06 04:24:36,Borivali,19.231,72.857,WR,,,,open-meteo-ERR
2026-07-06 04:24:36,Virar,19.455,72.811,WR,2026-07-06T04:15,1.5,0.7,open-meteo
2026-07-06 04:24:36,CSMT,18.94,72.835,CR,2026-07-06T04:15,0.5,0.2,open-meteo
2026-07-06 04:24:36,Sion,19.043,72.862,CR-hotspot,2026-07-06T04:15,0.5,0.2,open-meteo
2026-07-06 04:24:36,Kurla,19.065,72.879,CR-hotspot,,,,open-meteo-ERR
2026-07-06 04:24:36,Thane,19.186,72.975,CR,2026-07-06T04:15,1.8,0.4,open-meteo
2026-07-06 04:24:36,Kalyan,19.243,73.13,CR,2026-07-06T04:15,2.1,0.2,open-meteo
2026-07-06 04:24:36,Chunnabhatti,19.046,72.875,Harbour-hotspot,2026-07-06T04:15,0.5,0.2,open-meteo
2026-07-06 04:24:36,Matunga,19.027,72.852,CR-hotspot,,,,open-meteo-ERR
2026-07-06 05:29:13,Churchgate,18.935,72.827,WR,2026-07-06T05:15,0.7,0.3,open-meteo
2026-07-06 05:29:13,Dadar,19.018,72.844,WR/CR,2026-07-06T05:15,0.7,0.3,open-meteo
2026-07-06 05:29:13,Andheri,19.119,72.846,WR,2026-07-06T05:15,1.0,0.2,open-meteo
2026-07-06 05:29:13,Borivali,19.231,72.857,WR,2026-07-06T05:15,1.1,0.4,open-meteo
2026-07-06 05:29:13,Virar,19.455,72.811,WR,,,,open-meteo-ERR
2026-07-06 05:29:13,CSMT,18.94,72.835,CR,2026-07-06T05:30,0.7,0.3,open-meteo
2026-07-06 05:29:13,Sion,19.043,72.862,CR-hotspot,2026-07-06T05:30,0.7,0.3,open-meteo
2026-07-06 05:29:13,Kurla,19.065,72.879,CR-hotspot,2026-07-06T05:30,1.0,0.2,open-meteo
2026-07-06 05:29:13,Thane,19.186,72.975,CR,2026-07-06T05:30,0.9,0.5,open-meteo
2026-07-06 05:29:13,Kalyan,19.243,73.13,CR,,,,open-meteo-ERR
2026-07-06 05:29:13,Chunnabhatti,19.046,72.875,Harbour-hotspot,2026-07-06T05:30,0.7,0.3,open-meteo
2026-07-06 05:29:13,Matunga,19.027,72.852,CR-hotspot,2026-07-06T05:30,0.7,0.3,open-meteo
2026-07-06 09:19:41,Churchgate,18.935,72.827,WR,2026-07-06T09:15,3.0,1.4,open-meteo
2026-07-06 09:19:41,Dadar,19.018,72.844,WR/CR,2026-07-06T09:15,3.0,1.4,open-meteo
2026-07-06 09:19:41,Andheri,19.119,72.846,WR,2026-07-06T09:15,6.5,2.2,open-meteo
2026-07-06 09:19:41,Borivali,19.231,72.857,WR,,,,open-meteo-ERR
2026-07-06 09:19:41,Virar,19.455,72.811,WR,2026-07-06T09:15,1.1,0.4,open-meteo
2026-07-06 09:19:41,CSMT,18.94,72.835,CR,2026-07-06T09:15,3.0,1.4,open-meteo
2026-07-06 09:19:41,Sion,19.043,72.862,CR-hotspot,2026-07-06T09:15,3.0,1.4,open-meteo
2026-07-06 09:19:41,Kurla,19.065,72.879,CR-hotspot,2026-07-06T09:15,6.5,2.2,open-meteo
2026-07-06 09:19:41,Thane,19.186,72.975,CR,,,,open-meteo-ERR
2026-07-06 09:19:41,Kalyan,19.243,73.13,CR,2026-07-06T09:15,4.8,2.5,open-meteo
2026-07-06 09:19:41,Chunnabhatti,19.046,72.875,Harbour-hotspot,2026-07-06T09:15,3.0,1.4,open-meteo
2026-07-06 09:19:41,Matunga,19.027,72.852,CR-hotspot,2026-07-06T09:15,3.0,1.4,open-meteo
2026-07-06 13:41:50,Churchgate,18.935,72.827,WR,2026-07-06T13:30,2.5,0.8,open-meteo
2026-07-06 13:41:50,Dadar,19.018,72.844,WR/CR,2026-07-06T13:30,2.5,0.8,open-meteo
2026-07-06 13:41:50,Andheri,19.119,72.846,WR,2026-07-06T13:30,1.5,0.7,open-meteo
2026-07-06 13:41:50,Borivali,19.231,72.857,WR,2026-07-06T13:30,0.5,0.3,open-meteo
2026-07-06 13:41:50,Virar,19.455,72.811,WR,,,,open-meteo-ERR
2026-07-06 13:41:50,CSMT,18.94,72.835,CR,2026-07-06T13:30,2.5,0.8,open-meteo
2026-07-06 13:41:50,Sion,19.043,72.862,CR-hotspot,2026-07-06T13:30,2.5,0.8,open-meteo
2026-07-06 13:41:50,Kurla,19.065,72.879,CR-hotspot,2026-07-06T13:30,1.5,0.7,open-meteo
2026-07-06 13:41:50,Thane,19.186,72.975,CR,2026-07-06T13:30,0.5,0.5,open-meteo
2026-07-06 13:41:50,Kalyan,19.243,73.13,CR,,,,open-meteo-ERR
2026-07-06 13:41:50,Chunnabhatti,19.046,72.875,Harbour-hotspot,2026-07-06T13:30,2.5,1.1,open-meteo
2026-07-06 13:41:50,Matunga,19.027,72.852,CR-hotspot,2026-07-06T13:45,0.7,0.6,open-meteo
2026-07-06 17:51:45,Churchgate,18.935,72.827,WR,2026-07-06T17:45,0.1,0.1,open-meteo
2026-07-06 17:51:45,Dadar,19.018,72.844,WR/CR,2026-07-06T17:45,0.1,0.1,open-meteo
2026-07-06 17:51:45,Andheri,19.119,72.846,WR,2026-07-06T17:45,0.1,0.1,open-meteo
2026-07-06 17:51:45,Borivali,19.231,72.857,WR,2026-07-06T17:45,0.2,0.1,open-meteo
2026-07-06 17:51:45,Virar,19.455,72.811,WR,,,,open-meteo-ERR
2026-07-06 17:51:45,CSMT,18.94,72.835,CR,2026-07-06T17:45,0.1,0.1,open-meteo
2026-07-06 17:51:45,Sion,19.043,72.862,CR-hotspot,2026-07-06T17:45,0.1,0.1,open-meteo
2026-07-06 17:51:45,Kurla,19.065,72.879,CR-hotspot,2026-07-06T17:45,0.1,0.1,open-meteo
2026-07-06 17:51:45,Thane,19.186,72.975,CR,2026-07-06T17:45,0.1,0.1,open-meteo
2026-07-06 17:51:45,Kalyan,19.243,73.13,CR,2026-07-06T17:45,0.1,0.1,open-meteo
2026-07-06 17:51:45,Chunnabhatti,19.046,72.875,Harbour-hotspot,,,,open-meteo-ERR
2026-07-06 17:51:45,Matunga,19.027,72.852,CR-hotspot,2026-07-06T17:45,0.1,0.1,open-meteo
2026-07-06 21:28:32,Churchgate,18.935,72.827,WR,2026-07-06T21:15,1.1,0.6,open-meteo
2026-07-06 21:28:32,Dadar,19.018,72.844,WR/CR,2026-07-06T21:15,1.1,0.6,open-meteo
2026-07-06 21:28:32,Andheri,19.119,72.846,WR,2026-07-06T21:15,1.4,0.5,open-meteo
2026-07-06 21:28:32,Borivali,19.231,72.857,WR,,,,open-meteo-ERR
2026-07-06 21:28:32,Virar,19.455,72.811,WR,2026-07-06T21:15,1.4,0.2,open-meteo
2026-07-06 21:28:32,CSMT,18.94,72.835,CR,2026-07-06T21:15,1.1,0.6,open-meteo
2026-07-06 21:28:32,Sion,19.043,72.862,CR-hotspot,2026-07-06T21:15,1.1,0.6,open-meteo
2026-07-06 21:28:32,Kurla,19.065,72.879,CR-hotspot,2026-07-06T21:15,1.4,0.5,open-meteo
2026-07-06 21:28:32,Thane,19.186,72.975,CR,,,,open-meteo-ERR
2026-07-06 21:28:32,Kalyan,19.243,73.13,CR,2026-07-06T21:30,1.1,0.5,open-meteo
2026-07-06 21:28:32,Chunnabhatti,19.046,72.875,Harbour-hotspot,2026-07-06T21:30,1.1,0.6,open-meteo
2026-07-06 21:28:32,Matunga,19.027,72.852,CR-hotspot,2026-07-06T21:30,1.1,0.6,open-meteo
2026-07-06 23:41:29,Churchgate,18.935,72.827,WR,2026-07-06T23:30,3.3,0.8,open-meteo
2026-07-06 23:41:29,Dadar,19.018,72.844,WR/CR,2026-07-06T23:30,3.3,0.8,open-meteo
2026-07-06 23:41:29,Andheri,19.119,72.846,WR,2026-07-06T23:30,3.8,0.7,open-meteo
2026-07-06 23:41:29,Borivali,19.231,72.857,WR,2026-07-06T23:30,3.2,1.3,open-meteo
2026-07-06 23:41:29,Virar,19.455,72.811,WR,,,,open-meteo-ERR
2026-07-06 23:41:29,CSMT,18.94,72.835,CR,2026-07-06T23:30,3.3,0.8,open-meteo
2026-07-06 23:41:29,Sion,19.043,72.862,CR-hotspot,2026-07-06T23:30,3.3,0.8,open-meteo
2026-07-06 23:41:29,Kurla,19.065,72.879,CR-hotspot,2026-07-06T23:30,3.8,0.7,open-meteo
2026-07-06 23:41:29,Thane,19.186,72.975,CR,2026-07-06T23:30,2.4,0.9,open-meteo
2026-07-06 23:41:29,Kalyan,19.243,73.13,CR,,,,open-meteo-ERR
2026-07-06 23:41:29,Chunnabhatti,19.046,72.875,Harbour-hotspot,2026-07-06T23:30,3.3,0.8,open-meteo
2026-07-06 23:41:29,Matunga,19.027,72.852,CR-hotspot,2026-07-06T23:30,3.3,0.8,open-meteo
2026-07-07 01:50:39,Churchgate,18.935,72.827,WR,2026-07-07T01:45,0.6,0.4,open-meteo
2026-07-07 01:50:39,Dadar,19.018,72.844,WR/CR,2026-07-07T01:45,0.6,0.4,open-meteo
2026-07-07 01:50:39,Andheri,19.119,72.846,WR,2026-07-07T01:45,0.5,0.3,open-meteo
2026-07-07 01:50:39,Borivali,19.231,72.857,WR,,,,open-meteo-ERR
2026-07-07 01:50:39,Virar,19.455,72.811,WR,2026-07-07T01:45,1.4,0.6,open-meteo
2026-07-07 01:50:39,CSMT,18.94,72.835,CR,2026-07-07T01:45,0.6,0.4,open-meteo
2026-07-07 01:50:39,Sion,19.043,72.862,CR-hotspot,2026-07-07T01:45,0.6,0.4,open-meteo
2026-07-07 01:50:39,Kurla,19.065,72.879,CR-hotspot,,,,open-meteo-ERR
2026-07-07 01:50:39,Thane,19.186,72.975,CR,2026-07-07T01:45,0.9,0.4,open-meteo
2026-07-07 01:50:39,Kalyan,19.243,73.13,CR,2026-07-07T01:45,0.7,0.2,open-meteo
2026-07-07 01:50:39,Chunnabhatti,19.046,72.875,Harbour-hotspot,2026-07-07T01:45,0.6,0.4,open-meteo
2026-07-07 01:50:39,Matunga,19.027,72.852,CR-hotspot,,,,open-meteo-ERR
2026-07-07 03:22:45,Churchgate,18.935,72.827,WR,2026-07-07T03:15,0.8,0.5,open-meteo
2026-07-07 03:22:45,Dadar,19.018,72.844,WR/CR,2026-07-07T03:15,0.8,0.5,open-meteo
2026-07-07 03:22:45,Andheri,19.119,72.846,WR,2026-07-07T03:15,1.0,0.5,open-meteo
2026-07-07 03:22:45,Borivali,19.231,72.857,WR,2026-07-07T03:15,1.5,0.5,open-meteo
2026-07-07 03:22:45,Virar,19.455,72.811,WR,,,,open-meteo-ERR
2026-07-07 03:22:45,CSMT,18.94,72.835,CR,2026-07-07T03:15,0.8,0.5,open-meteo
2026-07-07 03:22:45,Sion,19.043,72.862,CR-hotspot,2026-07-07T03:15,0.8,0.5,open-meteo
2026-07-07 03:22:45,Kurla,19.065,72.879,CR-hotspot,2026-07-07T03:15,1.0,0.5,open-meteo
2026-07-07 03:22:45,Thane,19.186,72.975,CR,,,,open-meteo-ERR
2026-07-07 03:22:45,Kalyan,19.243,73.13,CR,2026-07-07T03:15,1.0,0.4,open-meteo
2026-07-07 03:22:45,Chunnabhatti,19.046,72.875,Harbour-hotspot,2026-07-07T03:15,0.8,0.5,open-meteo
2026-07-07 03:22:45,Matunga,19.027,72.852,CR-hotspot,2026-07-07T03:15,0.8,0.5,open-meteo
2026-07-07 04:29:17,Churchgate,18.935,72.827,WR,2026-07-07T04:15,1.1,0.3,open-meteo
2026-07-07 04:29:17,Dadar,19.018,72.844,WR/CR,2026-07-07T04:15,1.1,0.3,open-meteo
2026-07-07 04:29:17,Andheri,19.119,72.846,WR,2026-07-07T04:15,1.6,0.3,open-meteo
2026-07-07 04:29:17,Borivali,19.231,72.857,WR,,,,open-meteo-ERR
2026-07-07 04:29:17,Virar,19.455,72.811,WR,2026-07-07T04:30,2.2,0.5,open-meteo
2026-07-07 04:29:17,CSMT,18.94,72.835,CR,2026-07-07T04:30,1.1,0.3,open-meteo
2026-07-07 04:29:17,Sion,19.043,72.862,CR-hotspot,2026-07-07T04:30,1.1,0.3,open-meteo
2026-07-07 04:29:17,Kurla,19.065,72.879,CR-hotspot,,,,open-meteo-ERR
2026-07-07 04:29:17,Thane,19.186,72.975,CR,2026-07-07T04:30,1.3,0.7,open-meteo
2026-07-07 04:29:17,Kalyan,19.243,73.13,CR,2026-07-07T04:30,1.0,0.5,open-meteo
2026-07-07 04:29:17,Chunnabhatti,19.046,72.875,Harbour-hotspot,2026-07-07T04:30,1.1,0.3,open-meteo
2026-07-07 04:29:17,Matunga,19.027,72.852,CR-hotspot,,,,open-meteo-ERR
2026-07-07 05:40:59,Churchgate,18.935,72.827,WR,2026-07-07T05:30,1.0,0.4,open-meteo
2026-07-07 05:40:59,Dadar,19.018,72.844,WR/CR,2026-07-07T05:30,1.0,0.4,open-meteo
2026-07-07 05:40:59,Andheri,19.119,72.846,WR,2026-07-07T05:30,1.0,0.5,open-meteo
2026-07-07 05:40:59,Borivali,19.231,72.857,WR,2026-07-07T05:30,2.6,0.5,open-meteo
2026-07-07 05:40:59,Virar,19.455,72.811,WR,,,,open-meteo-ERR
2026-07-07 05:40:59,CSMT,18.94,72.835,CR,2026-07-07T05:30,1.0,0.4,open-meteo
2026-07-07 05:40:59,Sion,19.043,72.862,CR-hotspot,2026-07-07T05:30,1.0,0.4,open-meteo
2026-07-07 05:40:59,Kurla,19.065,72.879,CR-hotspot,2026-07-07T05:30,1.0,0.5,open-meteo
2026-07-07 05:40:59,Thane,19.186,72.975,CR,2026-07-07T05:30,3.1,1.2,open-meteo
2026-07-07 05:40:59,Kalyan,19.243,73.13,CR,2026-07-07T05:30,3.0,1.4,open-meteo
2026-07-07 05:40:59,Chunnabhatti,19.046,72.875,Harbour-hotspot,,,,open-meteo-ERR
2026-07-07 05:40:59,Matunga,19.027,72.852,CR-hotspot,2026-07-07T05:30,1.0,0.4,open-meteo
2026-07-07 10:00:11,Churchgate,18.935,72.827,WR,2026-07-07T10:00,0.9,0.2,open-meteo
2026-07-07 10:00:11,Dadar,19.018,72.844,WR/CR,2026-07-07T10:00,0.9,0.2,open-meteo
2026-07-07 10:00:11,Andheri,19.119,72.846,WR,2026-07-07T10:00,0.9,0.4,open-meteo
2026-07-07 10:00:11,Borivali,19.231,72.857,WR,2026-07-07T10:00,0.6,0.2,open-meteo
2026-07-07 10:00:11,Virar,19.455,72.811,WR,,,,open-meteo-ERR
2026-07-07 10:00:11,CSMT,18.94,72.835,CR,2026-07-07T10:00,0.9,0.2,open-meteo
2026-07-07 10:00:11,Sion,19.043,72.862,CR-hotspot,2026-07-07T10:00,0.9,0.2,open-meteo
2026-07-07 10:00:11,Kurla,19.065,72.879,CR-hotspot,2026-07-07T10:00,0.9,0.4,open-meteo
2026-07-07 10:00:11,Thane,19.186,72.975,CR,2026-07-07T10:00,0.5,0.3,open-meteo
2026-07-07 10:00:11,Kalyan,19.243,73.13,CR,2026-07-07T10:00,0.4,0.1,open-meteo
2026-07-07 10:00:11,Chunnabhatti,19.046,72.875,Harbour-hotspot,2026-07-07T10:00,0.9,0.2,open-meteo
2026-07-07 10:00:11,Matunga,19.027,72.852,CR-hotspot,2026-07-07T10:00,0.9,0.2,open-meteo
2026-07-07 13:29:42,Churchgate,18.935,72.827,WR,2026-07-07T13:15,0.4,0.2,open-meteo
2026-07-07 13:29:42,Dadar,19.018,72.844,WR/CR,2026-07-07T13:15,0.4,0.2,open-meteo
2026-07-07 13:29:42,Andheri,19.119,72.846,WR,2026-07-07T13:15,0.6,0.3,open-meteo
2026-07-07 13:29:42,Borivali,19.231,72.857,WR,2026-07-07T13:15,0.6,0.2,open-meteo
2026-07-07 13:29:42,Virar,19.455,72.811,WR,,,,open-meteo-ERR
2026-07-07 13:29:42,CSMT,18.94,72.835,CR,2026-07-07T13:30,0.4,0.2,open-meteo
2026-07-07 13:29:42,Sion,19.043,72.862,CR-hotspot,2026-07-07T13:30,0.4,0.2,open-meteo
2026-07-07 13:29:42,Kurla,19.065,72.879,CR-hotspot,2026-07-07T13:30,0.6,0.3,open-meteo
2026-07-07 13:29:42,Thane,19.186,72.975,CR,2026-07-07T13:30,0.6,0.2,open-meteo
2026-07-07 13:29:42,Kalyan,19.243,73.13,CR,2026-07-07T13:30,0.6,0.1,open-meteo
2026-07-07 13:29:42,Chunnabhatti,19.046,72.875,Harbour-hotspot,,,,open-meteo-ERR
2026-07-07 13:29:42,Matunga,19.027,72.852,CR-hotspot,2026-07-07T13:30,0.4,0.2,open-meteo
2026-07-07 16:42:06,Churchgate,18.935,72.827,WR,2026-07-07T16:30,0.3,0.2,open-meteo
2026-07-07 16:42:06,Dadar,19.018,72.844,WR/CR,2026-07-07T16:30,0.3,0.2,open-meteo
2026-07-07 16:42:06,Andheri,19.119,72.846,WR,2026-07-07T16:30,0.1,0.0,open-meteo
2026-07-07 16:42:06,Borivali,19.231,72.857,WR,2026-07-07T16:30,0.1,0.0,open-meteo
2026-07-07 16:42:06,Virar,19.455,72.811,WR,,,,open-meteo-ERR
2026-07-07 16:42:06,CSMT,18.94,72.835,CR,2026-07-07T16:30,0.3,0.2,open-meteo
2026-07-07 16:42:06,Sion,19.043,72.862,CR-hotspot,2026-07-07T16:30,0.3,0.2,open-meteo
2026-07-07 16:42:06,Kurla,19.065,72.879,CR-hotspot,,,,open-meteo-ERR
2026-07-07 16:42:06,Thane,19.186,72.975,CR,2026-07-07T16:30,0.3,0.1,open-meteo
2026-07-07 16:42:06,Kalyan,19.243,73.13,CR,2026-07-07T16:30,0.4,0.2,open-meteo
2026-07-07 16:42:06,Chunnabhatti,19.046,72.875,Harbour-hotspot,2026-07-07T16:30,0.3,0.2,open-meteo
2026-07-07 16:42:06,Matunga,19.027,72.852,CR-hotspot,2026-07-07T16:30,0.3,0.2,open-meteo
2026-07-07 19:01:01,Churchgate,18.935,72.827,WR,2026-07-07T19:00,0.8,0.3,open-meteo
2026-07-07 19:01:01,Dadar,19.018,72.844,WR/CR,2026-07-07T19:00,0.8,0.3,open-meteo
2026-07-07 19:01:01,Andheri,19.119,72.846,WR,2026-07-07T19:00,0.8,0.3,open-meteo
2026-07-07 19:01:01,Borivali,19.231,72.857,WR,2026-07-07T19:00,0.9,0.2,open-meteo
2026-07-07 19:01:01,Virar,19.455,72.811,WR,,,,open-meteo-ERR
2026-07-07 19:01:01,CSMT,18.94,72.835,CR,2026-07-07T19:00,0.8,0.3,open-meteo
2026-07-07 19:01:01,Sion,19.043,72.862,CR-hotspot,2026-07-07T19:00,0.8,0.3,open-meteo
2026-07-07 19:01:01,Kurla,19.065,72.879,CR-hotspot,2026-07-07T19:00,0.8,0.3,open-meteo
2026-07-07 19:01:01,Thane,19.186,72.975,CR,2026-07-07T19:00,0.4,0.2,open-meteo
2026-07-07 19:01:01,Kalyan,19.243,73.13,CR,2026-07-07T19:00,0.3,0.1,open-meteo
2026-07-07 19:01:01,Chunnabhatti,19.046,72.875,Harbour-hotspot,,,,open-meteo-ERR
2026-07-07 19:01:01,Matunga,19.027,72.852,CR-hotspot,2026-07-07T19:00,0.8,0.3,open-meteo
2026-07-07 21:50:40,Churchgate,18.935,72.827,WR,2026-07-07T21:45,2.5,0.6,open-meteo
2026-07-07 21:50:40,Dadar,19.018,72.844,WR/CR,2026-07-07T21:45,2.5,0.6,open-meteo
2026-07-07 21:50:40,Andheri,19.119,72.846,WR,2026-07-07T21:45,2.1,0.8,open-meteo
2026-07-07 21:50:40,Borivali,19.231,72.857,WR,,,,open-meteo-ERR
2026-07-07 21:50:40,Virar,19.455,72.811,WR,2026-07-07T21:45,0.5,0.0,open-meteo
2026-07-07 21:50:40,CSMT,18.94,72.835,CR,2026-07-07T21:45,2.5,0.6,open-meteo
2026-07-07 21:50:40,Sion,19.043,72.862,CR-hotspot,2026-07-07T21:45,2.5,0.6,open-meteo
2026-07-07 21:50:40,Kurla,19.065,72.879,CR-hotspot,,,,open-meteo-ERR
2026-07-07 21:50:40,Thane,19.186,72.975,CR,2026-07-07T21:45,0.5,0.2,open-meteo
2026-07-07 21:50:40,Kalyan,19.243,73.13,CR,2026-07-07T21:45,0.3,0.1,open-meteo
2026-07-07 21:50:40,Chunnabhatti,19.046,72.875,Harbour-hotspot,2026-07-07T21:45,2.5,0.6,open-meteo
2026-07-07 21:50:40,Matunga,19.027,72.852,CR-hotspot,,,,open-meteo-ERR
2026-07-07 23:56:17,Churchgate,18.935,72.827,WR,2026-07-07T23:45,0.5,0.3,open-meteo
2026-07-07 23:56:17,Dadar,19.018,72.844,WR/CR,2026-07-07T23:45,0.5,0.3,open-meteo
2026-07-07 23:56:17,Andheri,19.119,72.846,WR,2026-07-07T23:45,0.5,0.3,open-meteo
2026-07-07 23:56:17,Borivali,19.231,72.857,WR,2026-07-07T23:45,0.8,0.3,open-meteo
2026-07-07 23:56:17,Virar,19.455,72.811,WR,2026-07-07T23:45,0.6,0.2,open-meteo
2026-07-07 23:56:17,CSMT,18.94,72.835,CR,2026-07-07T23:45,0.5,0.3,open-meteo
2026-07-07 23:56:17,Sion,19.043,72.862,CR-hotspot,2026-07-07T23:45,0.5,0.3,open-meteo
2026-07-07 23:56:17,Kurla,19.065,72.879,CR-hotspot,2026-07-07T23:45,0.5,0.3,open-meteo
2026-07-07 23:56:17,Thane,19.186,72.975,CR,,,,open-meteo-ERR
2026-07-07 23:56:17,Kalyan,19.243,73.13,CR,2026-07-07T23:45,0.2,0.1,open-meteo
2026-07-07 23:56:17,Chunnabhatti,19.046,72.875,Harbour-hotspot,2026-07-07T23:45,0.5,0.3,open-meteo
2026-07-07 23:56:17,Matunga,19.027,72.852,CR-hotspot,2026-07-07T23:45,0.5,0.3,open-meteo
2026-07-08 01:52:46,Churchgate,18.935,72.827,WR,2026-07-08T01:45,1.2,0.2,open-meteo
2026-07-08 01:52:46,Dadar,19.018,72.844,WR/CR,2026-07-08T01:45,1.2,0.2,open-meteo
2026-07-08 01:52:46,Andheri,19.119,72.846,WR,2026-07-08T01:45,1.1,0.3,open-meteo
2026-07-08 01:52:46,Borivali,19.231,72.857,WR,,,,open-meteo-ERR
2026-07-08 01:52:46,Virar,19.455,72.811,WR,2026-07-08T01:45,1.0,0.2,open-meteo
2026-07-08 01:52:46,CSMT,18.94,72.835,CR,2026-07-08T01:45,1.2,0.2,open-meteo
2026-07-08 01:52:46,Sion,19.043,72.862,CR-hotspot,2026-07-08T01:45,1.2,0.2,open-meteo
2026-07-08 01:52:46,Kurla,19.065,72.879,CR-hotspot,2026-07-08T01:45,1.1,0.3,open-meteo
2026-07-08 01:52:46,Thane,19.186,72.975,CR,,,,open-meteo-ERR
2026-07-08 01:52:46,Kalyan,19.243,73.13,CR,2026-07-08T01:45,0.8,0.3,open-meteo
2026-07-08 01:52:46,Chunnabhatti,19.046,72.875,Harbour-hotspot,2026-07-08T01:45,1.2,0.2,open-meteo
2026-07-08 01:52:46,Matunga,19.027,72.852,CR-hotspot,2026-07-08T01:45,1.2,0.2,open-meteo
2026-07-08 03:20:08,Churchgate,18.935,72.827,WR,2026-07-08T03:15,0.8,0.3,open-meteo
2026-07-08 03:20:08,Dadar,19.018,72.844,WR/CR,2026-07-08T03:15,0.8,0.3,open-meteo
2026-07-08 03:20:08,Andheri,19.119,72.846,WR,2026-07-08T03:15,0.6,0.2,open-meteo
2026-07-08 03:20:08,Borivali,19.231,72.857,WR,2026-07-08T03:15,0.5,0.2,open-meteo
2026-07-08 03:20:08,Virar,19.455,72.811,WR,,,,open-meteo-ERR
2026-07-08 03:20:08,CSMT,18.94,72.835,CR,2026-07-08T03:15,0.8,0.3,open-meteo
2026-07-08 03:20:08,Sion,19.043,72.862,CR-hotspot,2026-07-08T03:15,0.8,0.3,open-meteo
2026-07-08 03:20:08,Kurla,19.065,72.879,CR-hotspot,2026-07-08T03:15,0.6,0.2,open-meteo
2026-07-08 03:20:08,Thane,19.186,72.975,CR,2026-07-08T03:15,0.4,0.2,open-meteo
2026-07-08 03:20:08,Kalyan,19.243,73.13,CR,2026-07-08T03:15,0.5,0.4,open-meteo
2026-07-08 03:20:08,Chunnabhatti,19.046,72.875,Harbour-hotspot,,,,open-meteo-ERR
2026-07-08 03:20:08,Matunga,19.027,72.852,CR-hotspot,2026-07-08T03:15,0.8,0.3,open-meteo
2026-07-08 04:22:33,Churchgate,18.935,72.827,WR,2026-07-08T04:15,0.5,0.2,open-meteo
2026-07-08 04:22:33,Dadar,19.018,72.844,WR/CR,2026-07-08T04:15,0.5,0.2,open-meteo
2026-07-08 04:22:33,Andheri,19.119,72.846,WR,2026-07-08T04:15,0.8,0.4,open-meteo
2026-07-08 04:22:33,Borivali,19.231,72.857,WR,2026-07-08T04:15,1.3,0.4,open-meteo
2026-07-08 04:22:33,Virar,19.455,72.811,WR,,,,open-meteo-ERR
2026-07-08 04:22:33,CSMT,18.94,72.835,CR,2026-07-08T04:15,0.5,0.2,open-meteo
2026-07-08 04:22:33,Sion,19.043,72.862,CR-hotspot,2026-07-08T04:15,0.5,0.2,open-meteo
2026-07-08 04:22:33,Kurla,19.065,72.879,CR-hotspot,2026-07-08T04:15,0.8,0.4,open-meteo
2026-07-08 04:22:33,Thane,19.186,72.975,CR,2026-07-08T04:15,0.5,0.3,open-meteo
2026-07-08 04:22:33,Kalyan,19.243,73.13,CR,2026-07-08T04:15,0.2,0.1,open-meteo
2026-07-08 04:22:33,Chunnabhatti,19.046,72.875,Harbour-hotspot,2026-07-08T04:15,0.5,0.2,open-meteo
2026-07-08 04:22:33,Matunga,19.027,72.852,CR-hotspot,,,,open-meteo-ERR
2026-07-08 05:20:24,Churchgate,18.935,72.827,WR,2026-07-08T05:15,0.3,0.1,open-meteo
2026-07-08 05:20:24,Dadar,19.018,72.844,WR/CR,2026-07-08T05:15,0.3,0.1,open-meteo
2026-07-08 05:20:24,Andheri,19.119,72.846,WR,2026-07-08T05:15,0.2,0.1,open-meteo
2026-07-08 05:20:24,Borivali,19.231,72.857,WR,2026-07-08T05:15,0.5,0.4,open-meteo
2026-07-08 05:20:24,Virar,19.455,72.811,WR,,,,open-meteo-ERR
2026-07-08 05:20:24,CSMT,18.94,72.835,CR,2026-07-08T05:15,0.3,0.1,open-meteo
2026-07-08 05:20:24,Sion,19.043,72.862,CR-hotspot,2026-07-08T05:15,0.3,0.1,open-meteo
2026-07-08 05:20:24,Kurla,19.065,72.879,CR-hotspot,2026-07-08T05:15,0.2,0.1,open-meteo
2026-07-08 05:20:24,Thane,19.186,72.975,CR,2026-07-08T05:15,0.5,0.4,open-meteo
2026-07-08 05:20:24,Kalyan,19.243,73.13,CR,2026-07-08T05:15,0.4,0.2,open-meteo
2026-07-08 05:20:24,Chunnabhatti,19.046,72.875,Harbour-hotspot,,,,open-meteo-ERR
2026-07-08 05:20:24,Matunga,19.027,72.852,CR-hotspot,2026-07-08T05:15,0.3,0.1,open-meteo
2026-07-08 07:23:11,Churchgate,18.935,72.827,WR,2026-07-08T07:15,0.0,0.0,open-meteo
2026-07-08 07:23:11,Dadar,19.018,72.844,WR/CR,2026-07-08T07:15,0.0,0.0,open-meteo
2026-07-08 07:23:11,Andheri,19.119,72.846,WR,2026-07-08T07:15,0.0,0.0,open-meteo
2026-07-08 07:23:11,Borivali,19.231,72.857,WR,2026-07-08T07:15,0.1,0.0,open-meteo
2026-07-08 07:23:11,Virar,19.455,72.811,WR,,,,open-meteo-ERR
2026-07-08 07:23:11,CSMT,18.94,72.835,CR,2026-07-08T07:15,0.0,0.0,open-meteo
2026-07-08 07:23:11,Sion,19.043,72.862,CR-hotspot,2026-07-08T07:15,0.0,0.0,open-meteo
2026-07-08 07:23:11,Kurla,19.065,72.879,CR-hotspot,2026-07-08T07:15,0.0,0.0,open-meteo
2026-07-08 07:23:11,Thane,19.186,72.975,CR,2026-07-08T07:15,0.2,0.1,open-meteo
2026-07-08 07:23:11,Kalyan,19.243,73.13,CR,2026-07-08T07:15,0.2,0.1,open-meteo
2026-07-08 07:23:11,Chunnabhatti,19.046,72.875,Harbour-hotspot,,,,open-meteo-ERR
2026-07-08 07:23:11,Matunga,19.027,72.852,CR-hotspot,2026-07-08T07:15,0.0,0.0,open-meteo
2026-07-08 10:43:58,Churchgate,18.935,72.827,WR,2026-07-08T10:30,0.1,0.0,open-meteo
2026-07-08 10:43:58,Dadar,19.018,72.844,WR/CR,2026-07-08T10:30,0.1,0.0,open-meteo
2026-07-08 10:43:58,Andheri,19.119,72.846,WR,2026-07-08T10:30,0.1,0.0,open-meteo
2026-07-08 10:43:58,Borivali,19.231,72.857,WR,2026-07-08T10:30,0.0,0.0,open-meteo
2026-07-08 10:43:58,Virar,19.455,72.811,WR,,,,open-meteo-ERR
2026-07-08 10:43:58,CSMT,18.94,72.835,CR,2026-07-08T10:45,0.0,0.0,open-meteo
2026-07-08 10:43:58,Sion,19.043,72.862,CR-hotspot,2026-07-08T10:45,0.0,0.0,open-meteo
2026-07-08 10:43:58,Kurla,19.065,72.879,CR-hotspot,2026-07-08T10:45,0.0,0.0,open-meteo
2026-07-08 10:43:58,Thane,19.186,72.975,CR,2026-07-08T10:45,0.1,0.1,open-meteo
2026-07-08 10:43:58,Kalyan,19.243,73.13,CR,,,,open-meteo-ERR
2026-07-08 10:43:58,Chunnabhatti,19.046,72.875,Harbour-hotspot,2026-07-08T10:45,0.0,0.0,open-meteo
2026-07-08 10:43:58,Matunga,19.027,72.852,CR-hotspot,2026-07-08T10:45,0.0,0.0,open-meteo
2026-07-08 13:14:26,Churchgate,18.935,72.827,WR,2026-07-08T13:00,0.1,0.1,open-meteo
2026-07-08 13:14:26,Dadar,19.018,72.844,WR/CR,2026-07-08T13:00,0.1,0.1,open-meteo
2026-07-08 13:14:26,Andheri,19.119,72.846,WR,2026-07-08T13:00,0.1,0.1,open-meteo
2026-07-08 13:14:26,Borivali,19.231,72.857,WR,2026-07-08T13:00,0.1,0.0,open-meteo
2026-07-08 13:14:26,Virar,19.455,72.811,WR,,,,open-meteo-ERR
2026-07-08 13:14:26,CSMT,18.94,72.835,CR,2026-07-08T13:15,0.1,0.1,open-meteo
2026-07-08 13:14:26,Sion,19.043,72.862,CR-hotspot,2026-07-08T13:15,0.1,0.1,open-meteo
2026-07-08 13:14:26,Kurla,19.065,72.879,CR-hotspot,2026-07-08T13:15,0.1,0.1,open-meteo
2026-07-08 13:14:26,Thane,19.186,72.975,CR,2026-07-08T13:15,0.4,0.3,open-meteo
2026-07-08 13:14:26,Kalyan,19.243,73.13,CR,2026-07-08T13:15,0.3,0.3,open-meteo
2026-07-08 13:14:26,Chunnabhatti,19.046,72.875,Harbour-hotspot,,,,open-meteo-ERR
2026-07-08 13:14:26,Matunga,19.027,72.852,CR-hotspot,2026-07-08T13:15,0.1,0.1,open-meteo
2026-07-08 15:38:54,Churchgate,18.935,72.827,WR,2026-07-08T15:30,0.0,0.0,open-meteo
2026-07-08 15:38:54,Dadar,19.018,72.844,WR/CR,2026-07-08T15:30,0.0,0.0,open-meteo
2026-07-08 15:38:54,Andheri,19.119,72.846,WR,2026-07-08T15:30,0.2,0.0,open-meteo
2026-07-08 15:38:54,Borivali,19.231,72.857,WR,2026-07-08T15:30,0.2,0.0,open-meteo
2026-07-08 15:38:54,Virar,19.455,72.811,WR,,,,open-meteo-ERR
2026-07-08 15:38:54,CSMT,18.94,72.835,CR,2026-07-08T15:30,0.0,0.0,open-meteo
2026-07-08 15:38:54,Sion,19.043,72.862,CR-hotspot,2026-07-08T15:30,0.0,0.0,open-meteo
2026-07-08 15:38:54,Kurla,19.065,72.879,CR-hotspot,2026-07-08T15:30,0.2,0.0,open-meteo
2026-07-08 15:38:54,Thane,19.186,72.975,CR,2026-07-08T15:30,0.1,0.1,open-meteo
2026-07-08 15:38:54,Kalyan,19.243,73.13,CR,2026-07-08T15:30,0.0,0.0,open-meteo
2026-07-08 15:38:54,Chunnabhatti,19.046,72.875,Harbour-hotspot,,,,open-meteo-ERR
2026-07-08 15:38:54,Matunga,19.027,72.852,CR-hotspot,2026-07-08T15:30,0.0,0.0,open-meteo
2026-07-08 17:30:35,Churchgate,18.935,72.827,WR,2026-07-08T17:30,0.1,0.0,open-meteo
2026-07-08 17:30:35,Dadar,19.018,72.844,WR/CR,2026-07-08T17:30,0.1,0.0,open-meteo
2026-07-08 17:30:35,Andheri,19.119,72.846,WR,2026-07-08T17:30,0.1,0.0,open-meteo
2026-07-08 17:30:35,Borivali,19.231,72.857,WR,2026-07-08T17:30,0.0,0.0,open-meteo
2026-07-08 17:30:35,Virar,19.455,72.811,WR,,,,open-meteo-ERR
2026-07-08 17:30:35,CSMT,18.94,72.835,CR,2026-07-08T17:30,0.1,0.0,open-meteo
2026-07-08 17:30:35,Sion,19.043,72.862,CR-hotspot,2026-07-08T17:30,0.1,0.0,open-meteo
2026-07-08 17:30:35,Kurla,19.065,72.879,CR-hotspot,2026-07-08T17:30,0.1,0.0,open-meteo
2026-07-08 17:30:35,Thane,19.186,72.975,CR,2026-07-08T17:30,0.1,0.0,open-meteo
2026-07-08 17:30:35,Kalyan,19.243,73.13,CR,2026-07-08T17:30,0.0,0.0,open-meteo
2026-07-08 17:30:35,Chunnabhatti,19.046,72.875,Harbour-hotspot,,,,open-meteo-ERR
2026-07-08 17:30:35,Matunga,19.027,72.852,CR-hotspot,2026-07-08T17:30,0.1,0.0,open-meteo
2026-07-08 20:23:33,Churchgate,18.935,72.827,WR,2026-07-08T20:15,0.0,0.0,open-meteo
2026-07-08 20:23:33,Dadar,19.018,72.844,WR/CR,2026-07-08T20:15,0.0,0.0,open-meteo
2026-07-08 20:23:33,Andheri,19.119,72.846,WR,2026-07-08T20:15,0.0,0.0,open-meteo
2026-07-08 20:23:33,Borivali,19.231,72.857,WR,2026-07-08T20:15,0.3,0.0,open-meteo
2026-07-08 20:23:33,Virar,19.455,72.811,WR,,,,open-meteo-ERR
2026-07-08 20:23:33,CSMT,18.94,72.835,CR,2026-07-08T20:15,0.0,0.0,open-meteo
2026-07-08 20:23:33,Sion,19.043,72.862,CR-hotspot,2026-07-08T20:15,0.0,0.0,open-meteo
2026-07-08 20:23:33,Kurla,19.065,72.879,CR-hotspot,2026-07-08T20:15,0.0,0.0,open-meteo
2026-07-08 20:23:33,Thane,19.186,72.975,CR,2026-07-08T20:15,0.1,0.1,open-meteo
2026-07-08 20:23:33,Kalyan,19.243,73.13,CR,2026-07-08T20:15,0.0,0.0,open-meteo
2026-07-08 20:23:33,Chunnabhatti,19.046,72.875,Harbour-hotspot,2026-07-08T20:15,0.0,0.0,open-meteo
2026-07-08 20:23:33,Matunga,19.027,72.852,CR-hotspot,,,,open-meteo-ERR
2026-07-08 21:55:20,Churchgate,18.935,72.827,WR,2026-07-08T21:45,0.0,0.0,open-meteo
2026-07-08 21:55:20,Dadar,19.018,72.844,WR/CR,2026-07-08T21:45,0.0,0.0,open-meteo
2026-07-08 21:55:20,Andheri,19.119,72.846,WR,2026-07-08T21:45,0.0,0.0,open-meteo
2026-07-08 21:55:20,Borivali,19.231,72.857,WR,2026-07-08T21:45,0.1,0.0,open-meteo
2026-07-08 21:55:20,Virar,19.455,72.811,WR,,,,open-meteo-ERR
2026-07-08 21:55:20,CSMT,18.94,72.835,CR,2026-07-08T21:45,0.0,0.0,open-meteo
2026-07-08 21:55:20,Sion,19.043,72.862,CR-hotspot,2026-07-08T21:45,0.0,0.0,open-meteo
2026-07-08 21:55:20,Kurla,19.065,72.879,CR-hotspot,2026-07-08T21:45,0.0,0.0,open-meteo
2026-07-08 21:55:20,Thane,19.186,72.975,CR,2026-07-08T21:45,0.2,0.0,open-meteo
2026-07-08 21:55:20,Kalyan,19.243,73.13,CR,2026-07-08T21:45,0.1,0.1,open-meteo
2026-07-08 21:55:20,Chunnabhatti,19.046,72.875,Harbour-hotspot,,,,open-meteo-ERR
2026-07-08 21:55:20,Matunga,19.027,72.852,CR-hotspot,2026-07-08T21:45,0.0,0.0,open-meteo
2026-07-08 23:26:40,Churchgate,18.935,72.827,WR,2026-07-08T23:15,0.0,0.0,open-meteo
2026-07-08 23:26:40,Dadar,19.018,72.844,WR/CR,2026-07-08T23:15,0.0,0.0,open-meteo
2026-07-08 23:26:40,Andheri,19.119,72.846,WR,2026-07-08T23:15,0.0,0.0,open-meteo
2026-07-08 23:26:40,Borivali,19.231,72.857,WR,,,,open-meteo-ERR
2026-07-08 23:26:40,Virar,19.455,72.811,WR,2026-07-08T23:15,0.0,0.0,open-meteo
2026-07-08 23:26:40,CSMT,18.94,72.835,CR,2026-07-08T23:15,0.0,0.0,open-meteo
2026-07-08 23:26:40,Sion,19.043,72.862,CR-hotspot,2026-07-08T23:15,0.0,0.0,open-meteo
2026-07-08 23:26:40,Kurla,19.065,72.879,CR-hotspot,,,,open-meteo-ERR
2026-07-08 23:26:40,Thane,19.186,72.975,CR,2026-07-08T23:15,0.1,0.0,open-meteo
2026-07-08 23:26:40,Kalyan,19.243,73.13,CR,2026-07-08T23:15,0.1,0.1,open-meteo
2026-07-08 23:26:40,Chunnabhatti,19.046,72.875,Harbour-hotspot,2026-07-08T23:15,0.0,0.0,open-meteo
2026-07-08 23:26:40,Matunga,19.027,72.852,CR-hotspot,,,,open-meteo-ERR
2026-07-09 00:48:39,Churchgate,18.935,72.827,WR,2026-07-09T00:45,0.0,0.0,open-meteo
2026-07-09 00:48:39,Dadar,19.018,72.844,WR/CR,2026-07-09T00:45,0.0,0.0,open-meteo
2026-07-09 00:48:39,Andheri,19.119,72.846,WR,2026-07-09T00:45,0.0,0.0,open-meteo
2026-07-09 00:48:39,Borivali,19.231,72.857,WR,,,,open-meteo-ERR
2026-07-09 00:48:39,Virar,19.455,72.811,WR,2026-07-09T00:45,0.0,0.0,open-meteo
2026-07-09 00:48:39,CSMT,18.94,72.835,CR,2026-07-09T00:45,0.0,0.0,open-meteo
2026-07-09 00:48:39,Sion,19.043,72.862,CR-hotspot,2026-07-09T00:45,0.0,0.0,open-meteo
2026-07-09 00:48:39,Kurla,19.065,72.879,CR-hotspot,2026-07-09T00:45,0.0,0.0,open-meteo
2026-07-09 00:48:39,Thane,19.186,72.975,CR,,,,open-meteo-ERR
2026-07-09 00:48:39,Kalyan,19.243,73.13,CR,2026-07-09T00:45,0.0,0.0,open-meteo
2026-07-09 00:48:39,Chunnabhatti,19.046,72.875,Harbour-hotspot,2026-07-09T00:45,0.0,0.0,open-meteo
2026-07-09 00:48:39,Matunga,19.027,72.852,CR-hotspot,2026-07-09T00:45,0.0,0.0,open-meteo
2026-07-09 02:11:16,Churchgate,18.935,72.827,WR,2026-07-09T02:00,0.0,0.0,open-meteo
2026-07-09 02:11:16,Dadar,19.018,72.844,WR/CR,2026-07-09T02:00,0.0,0.0,open-meteo
2026-07-09 02:11:16,Andheri,19.119,72.846,WR,2026-07-09T02:00,0.0,0.0,open-meteo
2026-07-09 02:11:16,Borivali,19.231,72.857,WR,,,,open-meteo-ERR
2026-07-09 02:11:16,Virar,19.455,72.811,WR,2026-07-09T02:00,0.0,0.0,open-meteo
2026-07-09 02:11:16,CSMT,18.94,72.835,CR,2026-07-09T02:00,0.0,0.0,open-meteo
2026-07-09 02:11:16,Sion,19.043,72.862,CR-hotspot,2026-07-09T02:00,0.0,0.0,open-meteo
2026-07-09 02:11:16,Kurla,19.065,72.879,CR-hotspot,2026-07-09T02:00,0.0,0.0,open-meteo
2026-07-09 02:11:16,Thane,19.186,72.975,CR,,,,open-meteo-ERR
2026-07-09 02:11:16,Kalyan,19.243,73.13,CR,2026-07-09T02:00,0.0,0.0,open-meteo
2026-07-09 02:11:16,Chunnabhatti,19.046,72.875,Harbour-hotspot,2026-07-09T02:00,0.0,0.0,open-meteo
2026-07-09 02:11:16,Matunga,19.027,72.852,CR-hotspot,2026-07-09T02:00,0.0,0.0,open-meteo
2026-07-09 03:29:27,Churchgate,18.935,72.827,WR,2026-07-09T03:15,0.0,0.0,open-meteo
2026-07-09 03:29:27,Dadar,19.018,72.844,WR/CR,2026-07-09T03:15,0.0,0.0,open-meteo
2026-07-09 03:29:27,Andheri,19.119,72.846,WR,2026-07-09T03:15,0.0,0.0,open-meteo
2026-07-09 03:29:27,Borivali,19.231,72.857,WR,2026-07-09T03:15,0.0,0.0,open-meteo
2026-07-09 03:29:27,Virar,19.455,72.811,WR,,,,open-meteo-ERR
2026-07-09 03:29:27,CSMT,18.94,72.835,CR,2026-07-09T03:30,0.0,0.0,open-meteo
2026-07-09 03:29:27,Sion,19.043,72.862,CR-hotspot,2026-07-09T03:30,0.0,0.0,open-meteo
2026-07-09 03:29:27,Kurla,19.065,72.879,CR-hotspot,2026-07-09T03:30,0.0,0.0,open-meteo
2026-07-09 03:29:27,Thane,19.186,72.975,CR,2026-07-09T03:30,0.0,0.0,open-meteo
2026-07-09 03:29:27,Kalyan,19.243,73.13,CR,2026-07-09T03:30,0.0,0.0,open-meteo
2026-07-09 03:29:27,Chunnabhatti,19.046,72.875,Harbour-hotspot,,,,open-meteo-ERR
2026-07-09 03:29:27,Matunga,19.027,72.852,CR-hotspot,2026-07-09T03:30,0.0,0.0,open-meteo
2026-07-09 04:41:10,Churchgate,18.935,72.827,WR,2026-07-09T04:30,0.0,0.0,open-meteo
2026-07-09 04:41:10,Dadar,19.018,72.844,WR/CR,2026-07-09T04:30,0.0,0.0,open-meteo
2026-07-09 04:41:10,Andheri,19.119,72.846,WR,2026-07-09T04:30,0.0,0.0,open-meteo
2026-07-09 04:41:10,Borivali,19.231,72.857,WR,2026-07-09T04:30,0.1,0.0,open-meteo
2026-07-09 04:41:10,Virar,19.455,72.811,WR,,,,open-meteo-ERR
2026-07-09 04:41:10,CSMT,18.94,72.835,CR,2026-07-09T04:30,0.0,0.0,open-meteo
2026-07-09 04:41:10,Sion,19.043,72.862,CR-hotspot,2026-07-09T04:30,0.0,0.0,open-meteo
2026-07-09 04:41:10,Kurla,19.065,72.879,CR-hotspot,2026-07-09T04:30,0.0,0.0,open-meteo
2026-07-09 04:41:10,Thane,19.186,72.975,CR,2026-07-09T04:30,0.0,0.0,open-meteo
2026-07-09 04:41:10,Kalyan,19.243,73.13,CR,2026-07-09T04:30,0.0,0.0,open-meteo
2026-07-09 04:41:10,Chunnabhatti,19.046,72.875,Harbour-hotspot,,,,open-meteo-ERR
2026-07-09 04:41:10,Matunga,19.027,72.852,CR-hotspot,2026-07-09T04:30,0.0,0.0,open-meteo
2026-07-09 06:38:00,Churchgate,18.935,72.827,WR,2026-07-09T06:30,0.0,0.0,open-meteo
2026-07-09 06:38:00,Dadar,19.018,72.844,WR/CR,2026-07-09T06:30,0.0,0.0,open-meteo
2026-07-09 06:38:00,Andheri,19.119,72.846,WR,2026-07-09T06:30,0.0,0.0,open-meteo
2026-07-09 06:38:00,Borivali,19.231,72.857,WR,2026-07-09T06:30,0.0,0.0,open-meteo
2026-07-09 06:38:00,Virar,19.455,72.811,WR,,,,open-meteo-ERR
2026-07-09 06:38:00,CSMT,18.94,72.835,CR,2026-07-09T06:30,0.0,0.0,open-meteo
2026-07-09 06:38:00,Sion,19.043,72.862,CR-hotspot,2026-07-09T06:30,0.0,0.0,open-meteo
2026-07-09 06:38:00,Kurla,19.065,72.879,CR-hotspot,2026-07-09T06:30,0.0,0.0,open-meteo
2026-07-09 06:38:00,Thane,19.186,72.975,CR,2026-07-09T06:30,0.0,0.0,open-meteo
2026-07-09 06:38:00,Kalyan,19.243,73.13,CR,,,,open-meteo-ERR
2026-07-09 06:38:00,Chunnabhatti,19.046,72.875,Harbour-hotspot,2026-07-09T06:30,0.0,0.0,open-meteo
2026-07-09 06:38:00,Matunga,19.027,72.852,CR-hotspot,2026-07-09T06:30,0.0,0.0,open-meteo
2026-07-09 10:59:59,Churchgate,18.935,72.827,WR,2026-07-09T11:00,0.1,0.0,open-meteo
2026-07-09 10:59:59,Dadar,19.018,72.844,WR/CR,2026-07-09T11:00,0.1,0.0,open-meteo
2026-07-09 10:59:59,Andheri,19.119,72.846,WR,2026-07-09T11:00,0.1,0.1,open-meteo
2026-07-09 10:59:59,Borivali,19.231,72.857,WR,2026-07-09T11:00,0.1,0.0,open-meteo
2026-07-09 10:59:59,Virar,19.455,72.811,WR,2026-07-09T11:00,0.1,0.0,open-meteo
2026-07-09 10:59:59,CSMT,18.94,72.835,CR,2026-07-09T11:00,0.1,0.0,open-meteo
2026-07-09 10:59:59,Sion,19.043,72.862,CR-hotspot,2026-07-09T11:00,0.1,0.0,open-meteo
2026-07-09 10:59:59,Kurla,19.065,72.879,CR-hotspot,,,,open-meteo-ERR
2026-07-09 10:59:59,Thane,19.186,72.975,CR,2026-07-09T11:00,0.1,0.0,open-meteo
2026-07-09 10:59:59,Kalyan,19.243,73.13,CR,2026-07-09T11:00,0.1,0.1,open-meteo
2026-07-09 10:59:59,Chunnabhatti,19.046,72.875,Harbour-hotspot,2026-07-09T11:00,0.1,0.0,open-meteo
2026-07-09 10:59:59,Matunga,19.027,72.852,CR-hotspot,2026-07-09T11:00,0.1,0.0,open-meteo
2026-07-09 14:31:39,Churchgate,18.935,72.827,WR,2026-07-09T14:30,0.0,0.0,open-meteo
2026-07-09 14:31:39,Dadar,19.018,72.844,WR/CR,2026-07-09T14:30,0.0,0.0,open-meteo
2026-07-09 14:31:39,Andheri,19.119,72.846,WR,2026-07-09T14:30,0.0,0.0,open-meteo
2026-07-09 14:31:39,Borivali,19.231,72.857,WR,2026-07-09T14:30,0.0,0.0,open-meteo
2026-07-09 14:31:39,Virar,19.455,72.811,WR,,,,open-meteo-ERR
2026-07-09 14:31:39,CSMT,18.94,72.835,CR,2026-07-09T14:30,0.0,0.0,open-meteo
2026-07-09 14:31:39,Sion,19.043,72.862,CR-hotspot,2026-07-09T14:30,0.0,0.0,open-meteo
2026-07-09 14:31:39,Kurla,19.065,72.879,CR-hotspot,2026-07-09T14:30,0.0,0.0,open-meteo
2026-07-09 14:31:39,Thane,19.186,72.975,CR,,,,open-meteo-ERR
2026-07-09 14:31:39,Kalyan,19.243,73.13,CR,2026-07-09T14:30,0.3,0.2,open-meteo
2026-07-09 14:31:39,Chunnabhatti,19.046,72.875,Harbour-hotspot,2026-07-09T14:30,0.0,0.0,open-meteo
2026-07-09 14:31:39,Matunga,19.027,72.852,CR-hotspot,2026-07-09T14:30,0.0,0.0,open-meteo
2026-07-09 17:22:01,Churchgate,18.935,72.827,WR,2026-07-09T17:15,0.1,0.0,open-meteo
2026-07-09 17:22:01,Dadar,19.018,72.844,WR/CR,2026-07-09T17:15,0.1,0.0,open-meteo
2026-07-09 17:22:01,Andheri,19.119,72.846,WR,2026-07-09T17:15,0.1,0.0,open-meteo
2026-07-09 17:22:01,Borivali,19.231,72.857,WR,2026-07-09T17:15,0.1,0.0,open-meteo
2026-07-09 17:22:01,Virar,19.455,72.811,WR,,,,open-meteo-ERR
2026-07-09 17:22:01,CSMT,18.94,72.835,CR,2026-07-09T17:15,0.1,0.0,open-meteo
2026-07-09 17:22:01,Sion,19.043,72.862,CR-hotspot,2026-07-09T17:15,0.1,0.0,open-meteo
2026-07-09 17:22:01,Kurla,19.065,72.879,CR-hotspot,2026-07-09T17:15,0.1,0.0,open-meteo
2026-07-09 17:22:01,Thane,19.186,72.975,CR,2026-07-09T17:15,0.0,0.0,open-meteo
2026-07-09 17:22:01,Kalyan,19.243,73.13,CR,2026-07-09T17:15,0.0,0.0,open-meteo
2026-07-09 17:22:01,Chunnabhatti,19.046,72.875,Harbour-hotspot,,,,open-meteo-ERR
2026-07-09 17:22:01,Matunga,19.027,72.852,CR-hotspot,2026-07-09T17:15,0.1,0.0,open-meteo
2026-07-09 20:04:50,Churchgate,18.935,72.827,WR,2026-07-09T20:00,0.0,0.0,open-meteo
2026-07-09 20:04:50,Dadar,19.018,72.844,WR/CR,2026-07-09T20:00,0.0,0.0,open-meteo
2026-07-09 20:04:50,Andheri,19.119,72.846,WR,2026-07-09T20:00,0.0,0.0,open-meteo
2026-07-09 20:04:50,Borivali,19.231,72.857,WR,2026-07-09T20:00,0.1,0.0,open-meteo
2026-07-09 20:04:50,Virar,19.455,72.811,WR,,,,open-meteo-ERR
2026-07-09 20:04:50,CSMT,18.94,72.835,CR,2026-07-09T20:00,0.0,0.0,open-meteo
2026-07-09 20:04:50,Sion,19.043,72.862,CR-hotspot,2026-07-09T20:00,0.0,0.0,open-meteo
2026-07-09 20:04:50,Kurla,19.065,72.879,CR-hotspot,2026-07-09T20:00,0.0,0.0,open-meteo
2026-07-09 20:04:50,Thane,19.186,72.975,CR,2026-07-09T20:00,0.0,0.0,open-meteo
2026-07-09 20:04:50,Kalyan,19.243,73.13,CR,2026-07-09T20:00,0.0,0.0,open-meteo
2026-07-09 20:04:50,Chunnabhatti,19.046,72.875,Harbour-hotspot,,,,open-meteo-ERR
2026-07-09 20:04:50,Matunga,19.027,72.852,CR-hotspot,2026-07-09T20:00,0.0,0.0,open-meteo
2026-07-09 22:43:07,Churchgate,18.935,72.827,WR,2026-07-09T22:30,0.0,0.0,open-meteo
2026-07-09 22:43:07,Dadar,19.018,72.844,WR/CR,2026-07-09T22:30,0.0,0.0,open-meteo
2026-07-09 22:43:07,Andheri,19.119,72.846,WR,2026-07-09T22:30,0.1,0.1,open-meteo
2026-07-09 22:43:07,Borivali,19.231,72.857,WR,2026-07-09T22:30,0.1,0.0,open-meteo
2026-07-09 22:43:07,Virar,19.455,72.811,WR,,,,open-meteo-ERR
2026-07-09 22:43:07,CSMT,18.94,72.835,CR,2026-07-09T22:30,0.0,0.0,open-meteo
2026-07-09 22:43:07,Sion,19.043,72.862,CR-hotspot,2026-07-09T22:30,0.0,0.0,open-meteo
2026-07-09 22:43:07,Kurla,19.065,72.879,CR-hotspot,2026-07-09T22:30,0.1,0.1,open-meteo
2026-07-09 22:43:07,Thane,19.186,72.975,CR,2026-07-09T22:30,0.0,0.0,open-meteo
2026-07-09 22:43:07,Kalyan,19.243,73.13,CR,2026-07-09T22:30,0.0,0.0,open-meteo
2026-07-09 22:43:07,Chunnabhatti,19.046,72.875,Harbour-hotspot,,,,open-meteo-ERR
2026-07-09 22:43:07,Matunga,19.027,72.852,CR-hotspot,2026-07-09T22:45,0.0,0.0,open-meteo
2026-07-10 00:36:06,Churchgate,18.935,72.827,WR,2026-07-10T00:30,0.0,0.0,open-meteo
2026-07-10 00:36:06,Dadar,19.018,72.844,WR/CR,2026-07-10T00:30,0.0,0.0,open-meteo
2026-07-10 00:36:06,Andheri,19.119,72.846,WR,2026-07-10T00:30,0.0,0.0,open-meteo
2026-07-10 00:36:06,Borivali,19.231,72.857,WR,2026-07-10T00:30,0.0,0.0,open-meteo
2026-07-10 00:36:06,Virar,19.455,72.811,WR,2026-07-10T00:30,0.0,0.0,open-meteo
2026-07-10 00:36:06,CSMT,18.94,72.835,CR,,,,open-meteo-ERR
2026-07-10 00:36:06,Sion,19.043,72.862,CR-hotspot,2026-07-10T00:30,0.0,0.0,open-meteo
2026-07-10 00:36:06,Kurla,19.065,72.879,CR-hotspot,2026-07-10T00:30,0.0,0.0,open-meteo
2026-07-10 00:36:06,Thane,19.186,72.975,CR,2026-07-10T00:30,0.1,0.1,open-meteo
2026-07-10 00:36:06,Kalyan,19.243,73.13,CR,2026-07-10T00:30,0.0,0.0,open-meteo
2026-07-10 00:36:06,Chunnabhatti,19.046,72.875,Harbour-hotspot,2026-07-10T00:30,0.0,0.0,open-meteo
2026-07-10 00:36:06,Matunga,19.027,72.852,CR-hotspot,,,,open-meteo-ERR
2026-07-10 02:30:40,Churchgate,18.935,72.827,WR,2026-07-10T02:30,0.0,0.0,open-meteo
2026-07-10 02:30:40,Dadar,19.018,72.844,WR/CR,2026-07-10T02:30,0.0,0.0,open-meteo
2026-07-10 02:30:40,Andheri,19.119,72.846,WR,2026-07-10T02:30,0.0,0.0,open-meteo
2026-07-10 02:30:40,Borivali,19.231,72.857,WR,2026-07-10T02:30,0.0,0.0,open-meteo
2026-07-10 02:30:40,Virar,19.455,72.811,WR,2026-07-10T02:30,0.0,0.0,open-meteo
2026-07-10 02:30:40,CSMT,18.94,72.835,CR,2026-07-10T02:30,0.0,0.0,open-meteo
2026-07-10 02:30:40,Sion,19.043,72.862,CR-hotspot,2026-07-10T02:30,0.0,0.0,open-meteo
2026-07-10 02:30:40,Kurla,19.065,72.879,CR-hotspot,,,,open-meteo-ERR
2026-07-10 02:30:40,Thane,19.186,72.975,CR,2026-07-10T02:30,0.1,0.1,open-meteo
2026-07-10 02:30:40,Kalyan,19.243,73.13,CR,2026-07-10T02:30,0.1,0.1,open-meteo
2026-07-10 02:30:40,Chunnabhatti,19.046,72.875,Harbour-hotspot,2026-07-10T02:30,0.0,0.0,open-meteo
2026-07-10 02:30:40,Matunga,19.027,72.852,CR-hotspot,2026-07-10T02:30,0.0,0.0,open-meteo
2026-07-10 04:17:44,Churchgate,18.935,72.827,WR,2026-07-10T04:15,0.1,0.0,open-meteo
2026-07-10 04:17:44,Dadar,19.018,72.844,WR/CR,2026-07-10T04:15,0.1,0.0,open-meteo
2026-07-10 04:17:44,Andheri,19.119,72.846,WR,2026-07-10T04:15,0.0,0.0,open-meteo
2026-07-10 04:17:44,Borivali,19.231,72.857,WR,2026-07-10T04:15,0.0,0.0,open-meteo
2026-07-10 04:17:44,Virar,19.455,72.811,WR,,,,open-meteo-ERR
2026-07-10 04:17:44,CSMT,18.94,72.835,CR,2026-07-10T04:15,0.1,0.0,open-meteo
2026-07-10 04:17:44,Sion,19.043,72.862,CR-hotspot,2026-07-10T04:15,0.1,0.0,open-meteo
2026-07-10 04:17:44,Kurla,19.065,72.879,CR-hotspot,2026-07-10T04:15,0.0,0.0,open-meteo
2026-07-10 04:17:44,Thane,19.186,72.975,CR,2026-07-10T04:15,0.0,0.0,open-meteo
2026-07-10 04:17:44,Kalyan,19.243,73.13,CR,2026-07-10T04:15,0.1,0.1,open-meteo
2026-07-10 04:17:44,Chunnabhatti,19.046,72.875,Harbour-hotspot,,,,open-meteo-ERR
2026-07-10 04:17:44,Matunga,19.027,72.852,CR-hotspot,2026-07-10T04:15,0.1,0.0,open-meteo
2026-07-10 05:28:47,Churchgate,18.935,72.827,WR,2026-07-10T05:15,0.1,0.0,open-meteo
2026-07-10 05:28:47,Dadar,19.018,72.844,WR/CR,2026-07-10T05:15,0.1,0.0,open-meteo
2026-07-10 05:28:47,Andheri,19.119,72.846,WR,2026-07-10T05:15,0.1,0.1,open-meteo
2026-07-10 05:28:47,Borivali,19.231,72.857,WR,2026-07-10T05:15,0.0,0.0,open-meteo
2026-07-10 05:28:47,Virar,19.455,72.811,WR,,,,open-meteo-ERR
2026-07-10 05:28:47,CSMT,18.94,72.835,CR,2026-07-10T05:30,0.1,0.0,open-meteo
2026-07-10 05:28:47,Sion,19.043,72.862,CR-hotspot,2026-07-10T05:30,0.1,0.0,open-meteo
2026-07-10 05:28:47,Kurla,19.065,72.879,CR-hotspot,2026-07-10T05:30,0.1,0.1,open-meteo
2026-07-10 05:28:47,Thane,19.186,72.975,CR,2026-07-10T05:30,0.1,0.0,open-meteo
2026-07-10 05:28:47,Kalyan,19.243,73.13,CR,2026-07-10T05:30,0.1,0.1,open-meteo
2026-07-10 05:28:47,Chunnabhatti,19.046,72.875,Harbour-hotspot,,,,open-meteo-ERR
2026-07-10 05:28:47,Matunga,19.027,72.852,CR-hotspot,2026-07-10T05:30,0.1,0.0,open-meteo
2026-07-10 08:59:04,Churchgate,18.935,72.827,WR,2026-07-10T08:45,0.1,0.0,open-meteo
2026-07-10 08:59:04,Dadar,19.018,72.844,WR/CR,2026-07-10T08:45,0.1,0.0,open-meteo
2026-07-10 08:59:04,Andheri,19.119,72.846,WR,2026-07-10T08:45,0.1,0.0,open-meteo
2026-07-10 08:59:04,Borivali,19.231,72.857,WR,2026-07-10T08:45,0.0,0.0,open-meteo
2026-07-10 08:59:04,Virar,19.455,72.811,WR,2026-07-10T08:45,0.0,0.0,open-meteo
2026-07-10 08:59:04,CSMT,18.94,72.835,CR,2026-07-10T09:00,0.1,0.0,open-meteo
2026-07-10 08:59:04,Sion,19.043,72.862,CR-hotspot,2026-07-10T09:00,0.1,0.0,open-meteo
2026-07-10 08:59:04,Kurla,19.065,72.879,CR-hotspot,2026-07-10T09:00,0.1,0.0,open-meteo
2026-07-10 08:59:04,Thane,19.186,72.975,CR,2026-07-10T09:00,0.1,0.0,open-meteo
2026-07-10 08:59:04,Kalyan,19.243,73.13,CR,2026-07-10T09:00,0.1,0.1,open-meteo
2026-07-10 08:59:04,Chunnabhatti,19.046,72.875,Harbour-hotspot,2026-07-10T09:00,0.1,0.0,open-meteo
2026-07-10 08:59:04,Matunga,19.027,72.852,CR-hotspot,2026-07-10T09:00,0.1,0.0,open-meteo
2026-07-10 12:31:07,Churchgate,18.935,72.827,WR,2026-07-10T12:30,0.2,0.0,open-meteo
2026-07-10 12:31:07,Dadar,19.018,72.844,WR/CR,2026-07-10T12:30,0.2,0.0,open-meteo
2026-07-10 12:31:07,Andheri,19.119,72.846,WR,2026-07-10T12:30,0.1,0.0,open-meteo
2026-07-10 12:31:07,Borivali,19.231,72.857,WR,,,,open-meteo-ERR
2026-07-10 12:31:07,Virar,19.455,72.811,WR,2026-07-10T12:30,0.0,0.0,open-meteo
2026-07-10 12:31:07,CSMT,18.94,72.835,CR,2026-07-10T12:30,0.2,0.0,open-meteo
2026-07-10 12:31:07,Sion,19.043,72.862,CR-hotspot,2026-07-10T12:30,0.2,0.0,open-meteo
2026-07-10 12:31:07,Kurla,19.065,72.879,CR-hotspot,,,,open-meteo-ERR
2026-07-10 12:31:07,Thane,19.186,72.975,CR,2026-07-10T12:30,0.1,0.0,open-meteo
2026-07-10 12:31:07,Kalyan,19.243,73.13,CR,2026-07-10T12:30,0.1,0.0,open-meteo
2026-07-10 12:31:07,Chunnabhatti,19.046,72.875,Harbour-hotspot,2026-07-10T12:30,0.2,0.0,open-meteo
2026-07-10 12:31:07,Matunga,19.027,72.852,CR-hotspot,,,,open-meteo-ERR
2026-07-10 16:02:05,Churchgate,18.935,72.827,WR,2026-07-10T16:00,0.1,0.0,open-meteo
2026-07-10 16:02:05,Dadar,19.018,72.844,WR/CR,2026-07-10T16:00,0.1,0.0,open-meteo
2026-07-10 16:02:05,Andheri,19.119,72.846,WR,2026-07-10T16:00,0.2,0.0,open-meteo
2026-07-10 16:02:05,Borivali,19.231,72.857,WR,2026-07-10T16:00,0.1,0.0,open-meteo
2026-07-10 16:02:05,Virar,19.455,72.811,WR,,,,open-meteo-ERR
2026-07-10 16:02:05,CSMT,18.94,72.835,CR,2026-07-10T16:00,0.1,0.0,open-meteo
2026-07-10 16:02:05,Sion,19.043,72.862,CR-hotspot,2026-07-10T16:00,0.1,0.0,open-meteo
2026-07-10 16:02:05,Kurla,19.065,72.879,CR-hotspot,2026-07-10T16:00,0.2,0.0,open-meteo
2026-07-10 16:02:05,Thane,19.186,72.975,CR,2026-07-10T16:00,0.1,0.1,open-meteo
2026-07-10 16:02:05,Kalyan,19.243,73.13,CR,2026-07-10T16:00,0.1,0.0,open-meteo
2026-07-10 16:02:05,Chunnabhatti,19.046,72.875,Harbour-hotspot,,,,open-meteo-ERR
2026-07-10 16:02:05,Matunga,19.027,72.852,CR-hotspot,2026-07-10T16:00,0.1,0.0,open-meteo
2026-07-10 18:34:50,Churchgate,18.935,72.827,WR,2026-07-10T18:30,0.0,0.0,open-meteo
2026-07-10 18:34:50,Dadar,19.018,72.844,WR/CR,2026-07-10T18:30,0.0,0.0,open-meteo
2026-07-10 18:34:50,Andheri,19.119,72.846,WR,2026-07-10T18:30,0.1,0.1,open-meteo
2026-07-10 18:34:50,Borivali,19.231,72.857,WR,2026-07-10T18:30,0.1,0.0,open-meteo
2026-07-10 18:34:50,Virar,19.455,72.811,WR,,,,open-meteo-ERR
2026-07-10 18:34:50,CSMT,18.94,72.835,CR,2026-07-10T18:30,0.0,0.0,open-meteo
2026-07-10 18:34:50,Sion,19.043,72.862,CR-hotspot,2026-07-10T18:30,0.0,0.0,open-meteo
2026-07-10 18:34:50,Kurla,19.065,72.879,CR-hotspot,2026-07-10T18:30,0.1,0.1,open-meteo
2026-07-10 18:34:50,Thane,19.186,72.975,CR,2026-07-10T18:30,0.0,0.0,open-meteo
2026-07-10 18:34:50,Kalyan,19.243,73.13,CR,2026-07-10T18:30,0.0,0.0,open-meteo
2026-07-10 18:34:50,Chunnabhatti,19.046,72.875,Harbour-hotspot,,,,open-meteo-ERR
2026-07-10 18:34:50,Matunga,19.027,72.852,CR-hotspot,2026-07-10T18:30,0.0,0.0,open-meteo
2026-07-10 21:13:17,Churchgate,18.935,72.827,WR,2026-07-10T21:00,0.1,0.0,open-meteo
2026-07-10 21:13:17,Dadar,19.018,72.844,WR/CR,2026-07-10T21:00,0.1,0.0,open-meteo
2026-07-10 21:13:17,Andheri,19.119,72.846,WR,2026-07-10T21:00,0.1,0.0,open-meteo
2026-07-10 21:13:17,Borivali,19.231,72.857,WR,2026-07-10T21:00,0.1,0.0,open-meteo
2026-07-10 21:13:17,Virar,19.455,72.811,WR,,,,open-meteo-ERR
2026-07-10 21:13:17,CSMT,18.94,72.835,CR,2026-07-10T21:15,0.1,0.0,open-meteo
2026-07-10 21:13:17,Sion,19.043,72.862,CR-hotspot,2026-07-10T21:15,0.1,0.0,open-meteo
2026-07-10 21:13:17,Kurla,19.065,72.879,CR-hotspot,2026-07-10T21:15,0.1,0.0,open-meteo
2026-07-10 21:13:17,Thane,19.186,72.975,CR,2026-07-10T21:15,0.0,0.0,open-meteo
2026-07-10 21:13:17,Kalyan,19.243,73.13,CR,,,,open-meteo-ERR
2026-07-10 21:13:17,Chunnabhatti,19.046,72.875,Harbour-hotspot,2026-07-10T21:15,0.1,0.0,open-meteo
2026-07-10 21:13:17,Matunga,19.027,72.852,CR-hotspot,2026-07-10T21:15,0.1,0.0,open-meteo
2026-07-10 23:11:25,Churchgate,18.935,72.827,WR,2026-07-10T23:00,0.0,0.0,open-meteo
2026-07-10 23:11:25,Dadar,19.018,72.844,WR/CR,2026-07-10T23:00,0.0,0.0,open-meteo
2026-07-10 23:11:25,Andheri,19.119,72.846,WR,2026-07-10T23:00,0.1,0.0,open-meteo
2026-07-10 23:11:25,Borivali,19.231,72.857,WR,2026-07-10T23:00,0.1,0.0,open-meteo
2026-07-10 23:11:25,Virar,19.455,72.811,WR,,,,open-meteo-ERR
2026-07-10 23:11:25,CSMT,18.94,72.835,CR,2026-07-10T23:00,0.0,0.0,open-meteo
2026-07-10 23:11:25,Sion,19.043,72.862,CR-hotspot,2026-07-10T23:00,0.0,0.0,open-meteo
2026-07-10 23:11:25,Kurla,19.065,72.879,CR-hotspot,2026-07-10T23:00,0.1,0.0,open-meteo
2026-07-10 23:11:25,Thane,19.186,72.975,CR,2026-07-10T23:00,0.0,0.0,open-meteo
2026-07-10 23:11:25,Kalyan,19.243,73.13,CR,2026-07-10T23:00,0.0,0.0,open-meteo
2026-07-10 23:11:25,Chunnabhatti,19.046,72.875,Harbour-hotspot,,,,open-meteo-ERR
2026-07-10 23:11:25,Matunga,19.027,72.852,CR-hotspot,2026-07-10T23:00,0.0,0.0,open-meteo
2026-07-11 00:47:14,Churchgate,18.935,72.827,WR,2026-07-11T00:45,0.0,0.0,open-meteo
2026-07-11 00:47:14,Dadar,19.018,72.844,WR/CR,2026-07-11T00:45,0.0,0.0,open-meteo
2026-07-11 00:47:14,Andheri,19.119,72.846,WR,2026-07-11T00:45,0.0,0.0,open-meteo
2026-07-11 00:47:14,Borivali,19.231,72.857,WR,2026-07-11T00:45,0.0,0.0,open-meteo
2026-07-11 00:47:14,Virar,19.455,72.811,WR,2026-07-11T00:45,0.1,0.0,open-meteo
2026-07-11 00:47:14,CSMT,18.94,72.835,CR,2026-07-11T00:45,0.0,0.0,open-meteo
2026-07-11 00:47:14,Sion,19.043,72.862,CR-hotspot,2026-07-11T00:45,0.0,0.0,open-meteo
2026-07-11 00:47:14,Kurla,19.065,72.879,CR-hotspot,2026-07-11T00:45,0.0,0.0,open-meteo
2026-07-11 00:47:14,Thane,19.186,72.975,CR,2026-07-11T00:45,0.0,0.0,open-meteo
2026-07-11 00:47:14,Kalyan,19.243,73.13,CR,,,,open-meteo-ERR
2026-07-11 00:47:14,Chunnabhatti,19.046,72.875,Harbour-hotspot,2026-07-11T00:45,0.0,0.0,open-meteo
2026-07-11 00:47:14,Matunga,19.027,72.852,CR-hotspot,2026-07-11T00:45,0.0,0.0,open-meteo
2026-07-11 02:17:35,Churchgate,18.935,72.827,WR,2026-07-11T02:15,0.0,0.0,open-meteo
2026-07-11 02:17:35,Dadar,19.018,72.844,WR/CR,2026-07-11T02:15,0.0,0.0,open-meteo
2026-07-11 02:17:35,Andheri,19.119,72.846,WR,2026-07-11T02:15,0.1,0.1,open-meteo
2026-07-11 02:17:35,Borivali,19.231,72.857,WR,2026-07-11T02:15,0.0,0.0,open-meteo
2026-07-11 02:17:35,Virar,19.455,72.811,WR,,,,open-meteo-ERR
2026-07-11 02:17:35,CSMT,18.94,72.835,CR,2026-07-11T02:15,0.0,0.0,open-meteo
2026-07-11 02:17:35,Sion,19.043,72.862,CR-hotspot,2026-07-11T02:15,0.0,0.0,open-meteo
2026-07-11 02:17:35,Kurla,19.065,72.879,CR-hotspot,2026-07-11T02:15,0.1,0.1,open-meteo
2026-07-11 02:17:35,Thane,19.186,72.975,CR,2026-07-11T02:15,0.0,0.0,open-meteo
2026-07-11 02:17:35,Kalyan,19.243,73.13,CR,2026-07-11T02:15,0.0,0.0,open-meteo
2026-07-11 02:17:35,Chunnabhatti,19.046,72.875,Harbour-hotspot,,,,open-meteo-ERR
2026-07-11 02:17:35,Matunga,19.027,72.852,CR-hotspot,2026-07-11T02:15,0.0,0.0,open-meteo
2026-07-11 03:23:02,Churchgate,18.935,72.827,WR,2026-07-11T03:15,0.0,0.0,open-meteo
2026-07-11 03:23:02,Dadar,19.018,72.844,WR/CR,2026-07-11T03:15,0.0,0.0,open-meteo
2026-07-11 03:23:02,Andheri,19.119,72.846,WR,2026-07-11T03:15,0.1,0.1,open-meteo
2026-07-11 03:23:02,Borivali,19.231,72.857,WR,2026-07-11T03:15,0.1,0.1,open-meteo
2026-07-11 03:23:02,Virar,19.455,72.811,WR,,,,open-meteo-ERR
2026-07-11 03:23:02,CSMT,18.94,72.835,CR,2026-07-11T03:15,0.0,0.0,open-meteo
2026-07-11 03:23:02,Sion,19.043,72.862,CR-hotspot,2026-07-11T03:15,0.0,0.0,open-meteo
2026-07-11 03:23:02,Kurla,19.065,72.879,CR-hotspot,2026-07-11T03:15,0.1,0.1,open-meteo
2026-07-11 03:23:02,Thane,19.186,72.975,CR,2026-07-11T03:15,0.0,0.0,open-meteo
2026-07-11 03:23:02,Kalyan,19.243,73.13,CR,2026-07-11T03:15,0.0,0.0,open-meteo
2026-07-11 03:23:02,Chunnabhatti,19.046,72.875,Harbour-hotspot,,,,open-meteo-ERR
2026-07-11 03:23:02,Matunga,19.027,72.852,CR-hotspot,2026-07-11T03:15,0.0,0.0,open-meteo
2026-07-11 04:22:53,Churchgate,18.935,72.827,WR,2026-07-11T04:15,0.1,0.1,open-meteo
2026-07-11 04:22:53,Dadar,19.018,72.844,WR/CR,2026-07-11T04:15,0.1,0.1,open-meteo
2026-07-11 04:22:53,Andheri,19.119,72.846,WR,2026-07-11T04:15,0.0,0.0,open-meteo
2026-07-11 04:22:53,Borivali,19.231,72.857,WR,2026-07-11T04:15,0.0,0.0,open-meteo
2026-07-11 04:22:53,Virar,19.455,72.811,WR,,,,open-meteo-ERR
2026-07-11 04:22:53,CSMT,18.94,72.835,CR,2026-07-11T04:15,0.1,0.1,open-meteo
2026-07-11 04:22:53,Sion,19.043,72.862,CR-hotspot,2026-07-11T04:15,0.1,0.1,open-meteo
2026-07-11 04:22:53,Kurla,19.065,72.879,CR-hotspot,2026-07-11T04:15,0.0,0.0,open-meteo
2026-07-11 04:22:53,Thane,19.186,72.975,CR,2026-07-11T04:15,0.0,0.0,open-meteo
2026-07-11 04:22:53,Kalyan,19.243,73.13,CR,2026-07-11T04:15,0.0,0.0,open-meteo
2026-07-11 04:22:53,Chunnabhatti,19.046,72.875,Harbour-hotspot,,,,open-meteo-ERR
2026-07-11 04:22:53,Matunga,19.027,72.852,CR-hotspot,2026-07-11T04:15,0.1,0.1,open-meteo
2026-07-11 05:21:25,Churchgate,18.935,72.827,WR,2026-07-11T05:15,0.0,0.0,open-meteo
2026-07-11 05:21:25,Dadar,19.018,72.844,WR/CR,2026-07-11T05:15,0.0,0.0,open-meteo
2026-07-11 05:21:25,Andheri,19.119,72.846,WR,2026-07-11T05:15,0.0,0.0,open-meteo
2026-07-11 05:21:25,Borivali,19.231,72.857,WR,,,,open-meteo-ERR
2026-07-11 05:21:25,Virar,19.455,72.811,WR,2026-07-11T05:15,0.0,0.0,open-meteo
2026-07-11 05:21:25,CSMT,18.94,72.835,CR,2026-07-11T05:15,0.0,0.0,open-meteo
2026-07-11 05:21:25,Sion,19.043,72.862,CR-hotspot,2026-07-11T05:15,0.0,0.0,open-meteo
2026-07-11 05:21:25,Kurla,19.065,72.879,CR-hotspot,,,,open-meteo-ERR
2026-07-11 05:21:25,Thane,19.186,72.975,CR,2026-07-11T05:15,0.0,0.0,open-meteo
2026-07-11 05:21:25,Kalyan,19.243,73.13,CR,2026-07-11T05:15,0.0,0.0,open-meteo
2026-07-11 05:21:25,Chunnabhatti,19.046,72.875,Harbour-hotspot,2026-07-11T05:15,0.0,0.0,open-meteo
2026-07-11 05:21:25,Matunga,19.027,72.852,CR-hotspot,,,,open-meteo-ERR
2026-07-11 07:21:38,Churchgate,18.935,72.827,WR,2026-07-11T07:15,0.0,0.0,open-meteo
2026-07-11 07:21:38,Dadar,19.018,72.844,WR/CR,2026-07-11T07:15,0.0,0.0,open-meteo
2026-07-11 07:21:38,Andheri,19.119,72.846,WR,2026-07-11T07:15,0.0,0.0,open-meteo
2026-07-11 07:21:38,Borivali,19.231,72.857,WR,2026-07-11T07:15,0.0,0.0,open-meteo
2026-07-11 07:21:38,Virar,19.455,72.811,WR,,,,open-meteo-ERR
2026-07-11 07:21:38,CSMT,18.94,72.835,CR,2026-07-11T07:15,0.0,0.0,open-meteo
2026-07-11 07:21:38,Sion,19.043,72.862,CR-hotspot,2026-07-11T07:15,0.0,0.0,open-meteo
2026-07-11 07:21:38,Kurla,19.065,72.879,CR-hotspot,2026-07-11T07:15,0.0,0.0,open-meteo
2026-07-11 07:21:38,Thane,19.186,72.975,CR,2026-07-11T07:15,0.0,0.0,open-meteo
2026-07-11 07:21:38,Kalyan,19.243,73.13,CR,2026-07-11T07:15,0.0,0.0,open-meteo
2026-07-11 07:21:38,Chunnabhatti,19.046,72.875,Harbour-hotspot,,,,open-meteo-ERR
2026-07-11 07:21:38,Matunga,19.027,72.852,CR-hotspot,2026-07-11T07:15,0.0,0.0,open-meteo
2026-07-11 10:26:45,Churchgate,18.935,72.827,WR,2026-07-11T10:15,0.1,0.0,open-meteo
2026-07-11 10:26:45,Dadar,19.018,72.844,WR/CR,2026-07-11T10:15,0.1,0.0,open-meteo
2026-07-11 10:26:45,Andheri,19.119,72.846,WR,2026-07-11T10:15,0.1,0.0,open-meteo
2026-07-11 10:26:45,Borivali,19.231,72.857,WR,2026-07-11T10:15,0.0,0.0,open-meteo
2026-07-11 10:26:45,Virar,19.455,72.811,WR,,,,open-meteo-ERR
2026-07-11 10:26:45,CSMT,18.94,72.835,CR,2026-07-11T10:15,0.1,0.0,open-meteo
2026-07-11 10:26:45,Sion,19.043,72.862,CR-hotspot,2026-07-11T10:15,0.1,0.0,open-meteo
2026-07-11 10:26:45,Kurla,19.065,72.879,CR-hotspot,2026-07-11T10:15,0.1,0.0,open-meteo
2026-07-11 10:26:45,Thane,19.186,72.975,CR,2026-07-11T10:15,0.1,0.1,open-meteo
2026-07-11 10:26:45,Kalyan,19.243,73.13,CR,,,,open-meteo-ERR
2026-07-11 10:26:45,Chunnabhatti,19.046,72.875,Harbour-hotspot,2026-07-11T10:15,0.1,0.0,open-meteo
2026-07-11 10:26:45,Matunga,19.027,72.852,CR-hotspot,2026-07-11T10:15,0.1,0.0,open-meteo
2026-07-11 12:39:11,Churchgate,18.935,72.827,WR,2026-07-11T12:30,0.3,0.0,open-meteo
2026-07-11 12:39:11,Dadar,19.018,72.844,WR/CR,2026-07-11T12:30,0.3,0.0,open-meteo
2026-07-11 12:39:11,Andheri,19.119,72.846,WR,2026-07-11T12:30,0.2,0.1,open-meteo
2026-07-11 12:39:11,Borivali,19.231,72.857,WR,2026-07-11T12:30,0.1,0.0,open-meteo
2026-07-11 12:39:11,Virar,19.455,72.811,WR,,,,open-meteo-ERR
2026-07-11 12:39:11,CSMT,18.94,72.835,CR,2026-07-11T12:30,0.3,0.0,open-meteo
2026-07-11 12:39:11,Sion,19.043,72.862,CR-hotspot,2026-07-11T12:30,0.3,0.0,open-meteo
2026-07-11 12:39:11,Kurla,19.065,72.879,CR-hotspot,2026-07-11T12:30,0.2,0.1,open-meteo
2026-07-11 12:39:11,Thane,19.186,72.975,CR,2026-07-11T12:30,0.1,0.1,open-meteo
2026-07-11 12:39:11,Kalyan,19.243,73.13,CR,,,,open-meteo-ERR
2026-07-11 12:39:11,Chunnabhatti,19.046,72.875,Harbour-hotspot,2026-07-11T12:30,0.3,0.0,open-meteo
2026-07-11 12:39:11,Matunga,19.027,72.852,CR-hotspot,2026-07-11T12:30,0.3,0.0,open-meteo
2026-07-11 14:34:52,Churchgate,18.935,72.827,WR,2026-07-11T14:30,0.1,0.0,open-meteo
2026-07-11 14:34:52,Dadar,19.018,72.844,WR/CR,2026-07-11T14:30,0.1,0.0,open-meteo
2026-07-11 14:34:52,Andheri,19.119,72.846,WR,2026-07-11T14:30,0.2,0.0,open-meteo
2026-07-11 14:34:52,Borivali,19.231,72.857,WR,2026-07-11T14:30,0.1,0.0,open-meteo
2026-07-11 14:34:52,Virar,19.455,72.811,WR,,,,open-meteo-ERR
2026-07-11 14:34:52,CSMT,18.94,72.835,CR,2026-07-11T14:30,0.1,0.0,open-meteo
2026-07-11 14:34:52,Sion,19.043,72.862,CR-hotspot,2026-07-11T14:30,0.1,0.0,open-meteo
2026-07-11 14:34:52,Kurla,19.065,72.879,CR-hotspot,2026-07-11T14:30,0.2,0.0,open-meteo
2026-07-11 14:34:52,Thane,19.186,72.975,CR,2026-07-11T14:30,0.1,0.0,open-meteo
2026-07-11 14:34:52,Kalyan,19.243,73.13,CR,2026-07-11T14:30,0.1,0.0,open-meteo
2026-07-11 14:34:52,Chunnabhatti,19.046,72.875,Harbour-hotspot,,,,open-meteo-ERR
2026-07-11 14:34:52,Matunga,19.027,72.852,CR-hotspot,2026-07-11T14:30,0.1,0.0,open-meteo
2026-07-11 16:09:15,Churchgate,18.935,72.827,WR,2026-07-11T16:00,0.1,0.0,open-meteo
2026-07-11 16:09:15,Dadar,19.018,72.844,WR/CR,2026-07-11T16:00,0.1,0.0,open-meteo
2026-07-11 16:09:15,Andheri,19.119,72.846,WR,2026-07-11T16:00,0.3,0.0,open-meteo
2026-07-11 16:09:15,Borivali,19.231,72.857,WR,2026-07-11T16:00,0.1,0.1,open-meteo
2026-07-11 16:09:15,Virar,19.455,72.811,WR,2026-07-11T16:00,0.1,0.0,open-meteo
2026-07-11 16:09:15,CSMT,18.94,72.835,CR,2026-07-11T16:00,0.1,0.0,open-meteo
2026-07-11 16:09:15,Sion,19.043,72.862,CR-hotspot,2026-07-11T16:00,0.1,0.0,open-meteo
2026-07-11 16:09:15,Kurla,19.065,72.879,CR-hotspot,2026-07-11T16:00,0.3,0.0,open-meteo
2026-07-11 16:09:15,Thane,19.186,72.975,CR,,,,open-meteo-ERR
2026-07-11 16:09:15,Kalyan,19.243,73.13,CR,2026-07-11T16:00,0.0,0.0,open-meteo
2026-07-11 16:09:15,Chunnabhatti,19.046,72.875,Harbour-hotspot,2026-07-11T16:00,0.1,0.0,open-meteo
2026-07-11 16:09:15,Matunga,19.027,72.852,CR-hotspot,,,,open-meteo-ERR
2026-07-11 17:15:24,Churchgate,18.935,72.827,WR,2026-07-11T17:15,0.1,0.0,open-meteo
2026-07-11 17:15:24,Dadar,19.018,72.844,WR/CR,2026-07-11T17:15,0.1,0.0,open-meteo
2026-07-11 17:15:24,Andheri,19.119,72.846,WR,2026-07-11T17:15,0.4,0.0,open-meteo
2026-07-11 17:15:24,Borivali,19.231,72.857,WR,,,,open-meteo-ERR
2026-07-11 17:15:24,Virar,19.455,72.811,WR,2026-07-11T17:15,0.0,0.0,open-meteo
2026-07-11 17:15:24,CSMT,18.94,72.835,CR,2026-07-11T17:15,0.1,0.0,open-meteo
2026-07-11 17:15:24,Sion,19.043,72.862,CR-hotspot,2026-07-11T17:15,0.1,0.0,open-meteo
2026-07-11 17:15:24,Kurla,19.065,72.879,CR-hotspot,,,,open-meteo-ERR
2026-07-11 17:15:24,Thane,19.186,72.975,CR,2026-07-11T17:15,0.1,0.0,open-meteo
2026-07-11 17:15:24,Kalyan,19.243,73.13,CR,2026-07-11T17:15,0.1,0.0,open-meteo
2026-07-11 17:15:24,Chunnabhatti,19.046,72.875,Harbour-hotspot,2026-07-11T17:15,0.1,0.0,open-meteo
2026-07-11 17:15:24,Matunga,19.027,72.852,CR-hotspot,2026-07-11T17:15,0.1,0.0,open-meteo
2026-07-11 18:28:41,Churchgate,18.935,72.827,WR,2026-07-11T18:15,0.2,0.0,open-meteo
2026-07-11 18:28:41,Dadar,19.018,72.844,WR/CR,2026-07-11T18:15,0.2,0.0,open-meteo
2026-07-11 18:28:41,Andheri,19.119,72.846,WR,2026-07-11T18:15,0.2,0.0,open-meteo
2026-07-11 18:28:41,Borivali,19.231,72.857,WR,,,,open-meteo-ERR
2026-07-11 18:28:41,Virar,19.455,72.811,WR,2026-07-11T18:30,0.0,0.0,open-meteo
2026-07-11 18:28:41,CSMT,18.94,72.835,CR,2026-07-11T18:30,0.2,0.0,open-meteo
2026-07-11 18:28:41,Sion,19.043,72.862,CR-hotspot,2026-07-11T18:30,0.2,0.0,open-meteo
2026-07-11 18:28:41,Kurla,19.065,72.879,CR-hotspot,2026-07-11T18:30,0.2,0.0,open-meteo
2026-07-11 18:28:41,Thane,19.186,72.975,CR,,,,open-meteo-ERR
2026-07-11 18:28:41,Kalyan,19.243,73.13,CR,2026-07-11T18:30,0.0,0.0,open-meteo
2026-07-11 18:28:41,Chunnabhatti,19.046,72.875,Harbour-hotspot,2026-07-11T18:30,0.2,0.0,open-meteo
2026-07-11 18:28:41,Matunga,19.027,72.852,CR-hotspot,2026-07-11T18:30,0.2,0.0,open-meteo
2026-07-11 19:52:23,Churchgate,18.935,72.827,WR,2026-07-11T19:45,0.0,0.0,open-meteo
2026-07-11 19:52:23,Dadar,19.018,72.844,WR/CR,2026-07-11T19:45,0.0,0.0,open-meteo
2026-07-11 19:52:23,Andheri,19.119,72.846,WR,2026-07-11T19:45,0.0,0.0,open-meteo
2026-07-11 19:52:23,Borivali,19.231,72.857,WR,2026-07-11T19:45,0.0,0.0,open-meteo
2026-07-11 19:52:23,Virar,19.455,72.811,WR,,,,open-meteo-ERR
2026-07-11 19:52:23,CSMT,18.94,72.835,CR,2026-07-11T19:45,0.0,0.0,open-meteo
2026-07-11 19:52:23,Sion,19.043,72.862,CR-hotspot,2026-07-11T19:45,0.0,0.0,open-meteo
2026-07-11 19:52:23,Kurla,19.065,72.879,CR-hotspot,2026-07-11T19:45,0.0,0.0,open-meteo
2026-07-11 19:52:23,Thane,19.186,72.975,CR,2026-07-11T19:45,0.0,0.0,open-meteo
2026-07-11 19:52:23,Kalyan,19.243,73.13,CR,2026-07-11T19:45,0.0,0.0,open-meteo
2026-07-11 19:52:23,Chunnabhatti,19.046,72.875,Harbour-hotspot,,,,open-meteo-ERR
2026-07-11 19:52:23,Matunga,19.027,72.852,CR-hotspot,2026-07-11T19:45,0.0,0.0,open-meteo
2026-07-11 20:58:28,Churchgate,18.935,72.827,WR,2026-07-11T20:45,0.0,0.0,open-meteo
2026-07-11 20:58:28,Dadar,19.018,72.844,WR/CR,2026-07-11T20:45,0.0,0.0,open-meteo
2026-07-11 20:58:28,Andheri,19.119,72.846,WR,2026-07-11T20:45,0.0,0.0,open-meteo
2026-07-11 20:58:28,Borivali,19.231,72.857,WR,,,,open-meteo-ERR
2026-07-11 20:58:28,Virar,19.455,72.811,WR,2026-07-11T20:45,0.0,0.0,open-meteo
2026-07-11 20:58:28,CSMT,18.94,72.835,CR,2026-07-11T20:45,0.0,0.0,open-meteo
2026-07-11 20:58:28,Sion,19.043,72.862,CR-hotspot,2026-07-11T20:45,0.0,0.0,open-meteo
2026-07-11 20:58:28,Kurla,19.065,72.879,CR-hotspot,,,,open-meteo-ERR
2026-07-11 20:58:28,Thane,19.186,72.975,CR,2026-07-11T21:00,0.0,0.0,open-meteo
2026-07-11 20:58:28,Kalyan,19.243,73.13,CR,2026-07-11T21:00,0.0,0.0,open-meteo
2026-07-11 20:58:28,Chunnabhatti,19.046,72.875,Harbour-hotspot,2026-07-11T21:00,0.0,0.0,open-meteo
2026-07-11 20:58:28,Matunga,19.027,72.852,CR-hotspot,,,,open-meteo-ERR
2026-07-11 21:54:50,Churchgate,18.935,72.827,WR,2026-07-11T21:45,0.0,0.0,open-meteo
2026-07-11 21:54:50,Dadar,19.018,72.844,WR/CR,2026-07-11T21:45,0.0,0.0,open-meteo
2026-07-11 21:54:50,Andheri,19.119,72.846,WR,2026-07-11T21:45,0.0,0.0,open-meteo
2026-07-11 21:54:50,Borivali,19.231,72.857,WR,2026-07-11T21:45,0.1,0.0,open-meteo
2026-07-11 21:54:50,Virar,19.455,72.811,WR,2026-07-11T21:45,0.0,0.0,open-meteo
2026-07-11 21:54:50,CSMT,18.94,72.835,CR,2026-07-11T21:45,0.0,0.0,open-meteo
2026-07-11 21:54:50,Sion,19.043,72.862,CR-hotspot,2026-07-11T21:45,0.0,0.0,open-meteo
2026-07-11 21:54:50,Kurla,19.065,72.879,CR-hotspot,2026-07-11T21:45,0.0,0.0,open-meteo
2026-07-11 21:54:50,Thane,19.186,72.975,CR,,,,open-meteo-ERR
2026-07-11 21:54:50,Kalyan,19.243,73.13,CR,2026-07-11T21:45,0.0,0.0,open-meteo
2026-07-11 21:54:50,Chunnabhatti,19.046,72.875,Harbour-hotspot,2026-07-11T21:45,0.0,0.0,open-meteo
2026-07-11 21:54:50,Matunga,19.027,72.852,CR-hotspot,2026-07-11T21:45,0.0,0.0,open-meteo
2026-07-11 22:58:16,Churchgate,18.935,72.827,WR,,,,open-meteo-ERR
2026-07-11 22:58:16,Dadar,19.018,72.844,WR/CR,,,,open-meteo-ERR
2026-07-11 22:58:16,Andheri,19.119,72.846,WR,,,,open-meteo-ERR
2026-07-11 22:58:16,Borivali,19.231,72.857,WR,,,,open-meteo-ERR
2026-07-11 22:58:16,Virar,19.455,72.811,WR,,,,open-meteo-ERR
2026-07-11 22:58:16,CSMT,18.94,72.835,CR,,,,open-meteo-ERR
2026-07-11 22:58:16,Sion,19.043,72.862,CR-hotspot,,,,open-meteo-ERR
2026-07-11 22:58:16,Kurla,19.065,72.879,CR-hotspot,,,,open-meteo-ERR
2026-07-11 22:58:16,Thane,19.186,72.975,CR,,,,open-meteo-ERR
2026-07-11 22:58:16,Kalyan,19.243,73.13,CR,,,,open-meteo-ERR
2026-07-11 22:58:16,Chunnabhatti,19.046,72.875,Harbour-hotspot,,,,open-meteo-ERR
2026-07-11 22:58:16,Matunga,19.027,72.852,CR-hotspot,,,,open-meteo-ERR
2026-07-11 23:56:05,Churchgate,18.935,72.827,WR,2026-07-11T23:45,0.0,0.0,open-meteo
2026-07-11 23:56:05,Dadar,19.018,72.844,WR/CR,2026-07-11T23:45,0.0,0.0,open-meteo
2026-07-11 23:56:05,Andheri,19.119,72.846,WR,2026-07-11T23:45,0.0,0.0,open-meteo
2026-07-11 23:56:05,Borivali,19.231,72.857,WR,2026-07-11T23:45,0.0,0.0,open-meteo
2026-07-11 23:56:05,Virar,19.455,72.811,WR,,,,open-meteo-ERR
2026-07-11 23:56:05,CSMT,18.94,72.835,CR,2026-07-11T23:45,0.0,0.0,open-meteo
2026-07-11 23:56:05,Sion,19.043,72.862,CR-hotspot,2026-07-11T23:45,0.0,0.0,open-meteo
2026-07-11 23:56:05,Kurla,19.065,72.879,CR-hotspot,2026-07-11T23:45,0.0,0.0,open-meteo
2026-07-11 23:56:05,Thane,19.186,72.975,CR,2026-07-11T23:45,0.1,0.1,open-meteo
2026-07-11 23:56:05,Kalyan,19.243,73.13,CR,2026-07-11T23:45,0.0,0.0,open-meteo
2026-07-11 23:56:05,Chunnabhatti,19.046,72.875,Harbour-hotspot,,,,open-meteo-ERR
2026-07-11 23:56:05,Matunga,19.027,72.852,CR-hotspot,2026-07-11T23:45,0.0,0.0,open-meteo
2026-07-12 01:09:47,Churchgate,18.935,72.827,WR,2026-07-12T01:00,0.0,0.0,open-meteo
2026-07-12 01:09:47,Dadar,19.018,72.844,WR/CR,2026-07-12T01:00,0.0,0.0,open-meteo
2026-07-12 01:09:47,Andheri,19.119,72.846,WR,2026-07-12T01:00,0.0,0.0,open-meteo
2026-07-12 01:09:47,Borivali,19.231,72.857,WR,2026-07-12T01:00,0.0,0.0,open-meteo
2026-07-12 01:09:47,Virar,19.455,72.811,WR,,,,open-meteo-ERR
2026-07-12 01:09:47,CSMT,18.94,72.835,CR,2026-07-12T01:00,0.0,0.0,open-meteo
2026-07-12 01:09:47,Sion,19.043,72.862,CR-hotspot,2026-07-12T01:00,0.0,0.0,open-meteo
2026-07-12 01:09:47,Kurla,19.065,72.879,CR-hotspot,2026-07-12T01:00,0.0,0.0,open-meteo
2026-07-12 01:09:47,Thane,19.186,72.975,CR,2026-07-12T01:00,0.0,0.0,open-meteo
2026-07-12 01:09:47,Kalyan,19.243,73.13,CR,2026-07-12T01:00,0.0,0.0,open-meteo
2026-07-12 01:09:47,Chunnabhatti,19.046,72.875,Harbour-hotspot,,,,open-meteo-ERR
2026-07-12 01:09:47,Matunga,19.027,72.852,CR-hotspot,2026-07-12T01:00,0.0,0.0,open-meteo
2026-07-12 02:09:27,Churchgate,18.935,72.827,WR,2026-07-12T02:00,0.0,0.0,open-meteo
2026-07-12 02:09:27,Dadar,19.018,72.844,WR/CR,2026-07-12T02:00,0.0,0.0,open-meteo
2026-07-12 02:09:27,Andheri,19.119,72.846,WR,2026-07-12T02:00,0.0,0.0,open-meteo
2026-07-12 02:09:27,Borivali,19.231,72.857,WR,2026-07-12T02:00,0.0,0.0,open-meteo
2026-07-12 02:09:27,Virar,19.455,72.811,WR,,,,open-meteo-ERR
2026-07-12 02:09:27,CSMT,18.94,72.835,CR,2026-07-12T02:00,0.0,0.0,open-meteo
2026-07-12 02:09:27,Sion,19.043,72.862,CR-hotspot,2026-07-12T02:00,0.0,0.0,open-meteo
2026-07-12 02:09:27,Kurla,19.065,72.879,CR-hotspot,2026-07-12T02:00,0.0,0.0,open-meteo
2026-07-12 02:09:27,Thane,19.186,72.975,CR,2026-07-12T02:00,0.0,0.0,open-meteo
2026-07-12 02:09:27,Kalyan,19.243,73.13,CR,,,,open-meteo-ERR
2026-07-12 02:09:27,Chunnabhatti,19.046,72.875,Harbour-hotspot,2026-07-12T02:00,0.0,0.0,open-meteo
2026-07-12 02:09:27,Matunga,19.027,72.852,CR-hotspot,2026-07-12T02:00,0.0,0.0,open-meteo
2026-07-12 03:10:32,Churchgate,18.935,72.827,WR,2026-07-12T03:00,0.0,0.0,open-meteo
2026-07-12 03:10:32,Dadar,19.018,72.844,WR/CR,2026-07-12T03:00,0.0,0.0,open-meteo
2026-07-12 03:10:32,Andheri,19.119,72.846,WR,2026-07-12T03:00,0.1,0.0,open-meteo
2026-07-12 03:10:32,Borivali,19.231,72.857,WR,2026-07-12T03:00,0.0,0.0,open-meteo
2026-07-12 03:10:32,Virar,19.455,72.811,WR,,,,open-meteo-ERR
2026-07-12 03:10:32,CSMT,18.94,72.835,CR,2026-07-12T03:00,0.0,0.0,open-meteo
2026-07-12 03:10:32,Sion,19.043,72.862,CR-hotspot,2026-07-12T03:00,0.0,0.0,open-meteo
2026-07-12 03:10:32,Kurla,19.065,72.879,CR-hotspot,2026-07-12T03:00,0.1,0.0,open-meteo
2026-07-12 03:10:32,Thane,19.186,72.975,CR,2026-07-12T03:00,0.0,0.0,open-meteo
2026-07-12 03:10:32,Kalyan,19.243,73.13,CR,2026-07-12T03:00,0.0,0.0,open-meteo
2026-07-12 03:10:32,Chunnabhatti,19.046,72.875,Harbour-hotspot,2026-07-12T03:00,0.0,0.0,open-meteo
2026-07-12 03:10:32,Matunga,19.027,72.852,CR-hotspot,2026-07-12T03:00,0.0,0.0,open-meteo
2026-07-12 04:08:57,Churchgate,18.935,72.827,WR,2026-07-12T04:00,0.0,0.0,open-meteo
2026-07-12 04:08:57,Dadar,19.018,72.844,WR/CR,2026-07-12T04:00,0.0,0.0,open-meteo
2026-07-12 04:08:57,Andheri,19.119,72.846,WR,2026-07-12T04:00,0.0,0.0,open-meteo
2026-07-12 04:08:57,Borivali,19.231,72.857,WR,2026-07-12T04:00,0.0,0.0,open-meteo
2026-07-12 04:08:57,Virar,19.455,72.811,WR,,,,open-meteo-ERR
2026-07-12 04:08:57,CSMT,18.94,72.835,CR,2026-07-12T04:00,0.0,0.0,open-meteo
2026-07-12 04:08:57,Sion,19.043,72.862,CR-hotspot,2026-07-12T04:00,0.0,0.0,open-meteo
2026-07-12 04:08:57,Kurla,19.065,72.879,CR-hotspot,2026-07-12T04:00,0.0,0.0,open-meteo
2026-07-12 04:08:57,Thane,19.186,72.975,CR,2026-07-12T04:00,0.1,0.1,open-meteo
2026-07-12 04:08:57,Kalyan,19.243,73.13,CR,2026-07-12T04:00,0.0,0.0,open-meteo
2026-07-12 04:08:57,Chunnabhatti,19.046,72.875,Harbour-hotspot,,,,open-meteo-ERR
2026-07-12 04:08:57,Matunga,19.027,72.852,CR-hotspot,2026-07-12T04:00,0.0,0.0,open-meteo
2026-07-12 05:14:54,Churchgate,18.935,72.827,WR,2026-07-12T05:00,0.0,0.0,open-meteo
2026-07-12 05:14:54,Dadar,19.018,72.844,WR/CR,2026-07-12T05:00,0.0,0.0,open-meteo
2026-07-12 05:14:54,Andheri,19.119,72.846,WR,2026-07-12T05:00,0.0,0.0,open-meteo
2026-07-12 05:14:54,Borivali,19.231,72.857,WR,2026-07-12T05:15,0.0,0.0,open-meteo
2026-07-12 05:14:54,Virar,19.455,72.811,WR,,,,open-meteo-ERR
2026-07-12 05:14:54,CSMT,18.94,72.835,CR,2026-07-12T05:15,0.0,0.0,open-meteo
2026-07-12 05:14:54,Sion,19.043,72.862,CR-hotspot,2026-07-12T05:15,0.0,0.0,open-meteo
2026-07-12 05:14:54,Kurla,19.065,72.879,CR-hotspot,2026-07-12T05:15,0.0,0.0,open-meteo
2026-07-12 05:14:54,Thane,19.186,72.975,CR,2026-07-12T05:15,0.0,0.0,open-meteo
2026-07-12 05:14:54,Kalyan,19.243,73.13,CR,2026-07-12T05:15,0.0,0.0,open-meteo
2026-07-12 05:14:54,Chunnabhatti,19.046,72.875,Harbour-hotspot,2026-07-12T05:15,0.0,0.0,open-meteo
2026-07-12 05:14:54,Matunga,19.027,72.852,CR-hotspot,,,,open-meteo-ERR
2026-07-12 07:24:43,Churchgate,18.935,72.827,WR,2026-07-12T07:15,0.0,0.0,open-meteo
2026-07-12 07:24:43,Dadar,19.018,72.844,WR/CR,2026-07-12T07:15,0.0,0.0,open-meteo
2026-07-12 07:24:43,Andheri,19.119,72.846,WR,2026-07-12T07:15,0.0,0.0,open-meteo
2026-07-12 07:24:43,Borivali,19.231,72.857,WR,2026-07-12T07:15,0.0,0.0,open-meteo
2026-07-12 07:24:43,Virar,19.455,72.811,WR,2026-07-12T07:15,0.0,0.0,open-meteo
2026-07-12 07:24:43,CSMT,18.94,72.835,CR,2026-07-12T07:15,0.0,0.0,open-meteo
2026-07-12 07:24:43,Sion,19.043,72.862,CR-hotspot,2026-07-12T07:15,0.0,0.0,open-meteo
2026-07-12 07:24:43,Kurla,19.065,72.879,CR-hotspot,2026-07-12T07:15,0.0,0.0,open-meteo
2026-07-12 07:24:43,Thane,19.186,72.975,CR,,,,open-meteo-ERR
2026-07-12 07:24:43,Kalyan,19.243,73.13,CR,2026-07-12T07:15,0.0,0.0,open-meteo
2026-07-12 07:24:43,Chunnabhatti,19.046,72.875,Harbour-hotspot,2026-07-12T07:15,0.0,0.0,open-meteo
2026-07-12 07:24:43,Matunga,19.027,72.852,CR-hotspot,2026-07-12T07:15,0.0,0.0,open-meteo
2026-07-12 10:50:19,Churchgate,18.935,72.827,WR,2026-07-12T10:45,0.1,0.0,open-meteo
2026-07-12 10:50:19,Dadar,19.018,72.844,WR/CR,2026-07-12T10:45,0.1,0.0,open-meteo
2026-07-12 10:50:19,Andheri,19.119,72.846,WR,2026-07-12T10:45,0.3,0.1,open-meteo
2026-07-12 10:50:19,Borivali,19.231,72.857,WR,,,,open-meteo-ERR
2026-07-12 10:50:19,Virar,19.455,72.811,WR,2026-07-12T10:45,0.1,0.1,open-meteo
2026-07-12 10:50:19,CSMT,18.94,72.835,CR,2026-07-12T10:45,0.1,0.0,open-meteo
2026-07-12 10:50:19,Sion,19.043,72.862,CR-hotspot,2026-07-12T10:45,0.1,0.0,open-meteo
2026-07-12 10:50:19,Kurla,19.065,72.879,CR-hotspot,,,,open-meteo-ERR
2026-07-12 10:50:19,Thane,19.186,72.975,CR,2026-07-12T10:45,0.1,0.1,open-meteo
2026-07-12 10:50:19,Kalyan,19.243,73.13,CR,2026-07-12T10:45,0.1,0.1,open-meteo
2026-07-12 10:50:19,Chunnabhatti,19.046,72.875,Harbour-hotspot,2026-07-12T10:45,0.1,0.0,open-meteo
2026-07-12 10:50:19,Matunga,19.027,72.852,CR-hotspot,,,,open-meteo-ERR
2026-07-12 13:09:54,Churchgate,18.935,72.827,WR,2026-07-12T13:00,0.1,0.0,open-meteo
2026-07-12 13:09:54,Dadar,19.018,72.844,WR/CR,2026-07-12T13:00,0.1,0.0,open-meteo
2026-07-12 13:09:54,Andheri,19.119,72.846,WR,2026-07-12T13:00,0.2,0.1,open-meteo
2026-07-12 13:09:54,Borivali,19.231,72.857,WR,,,,open-meteo-ERR
2026-07-12 13:09:54,Virar,19.455,72.811,WR,2026-07-12T13:00,0.1,0.0,open-meteo
2026-07-12 13:09:54,CSMT,18.94,72.835,CR,2026-07-12T13:00,0.1,0.0,open-meteo
2026-07-12 13:09:54,Sion,19.043,72.862,CR-hotspot,2026-07-12T13:00,0.1,0.0,open-meteo
2026-07-12 13:09:54,Kurla,19.065,72.879,CR-hotspot,,,,open-meteo-ERR
2026-07-12 13:09:54,Thane,19.186,72.975,CR,2026-07-12T13:00,0.0,0.0,open-meteo
2026-07-12 13:09:54,Kalyan,19.243,73.13,CR,2026-07-12T13:00,0.0,0.0,open-meteo
2026-07-12 13:09:54,Chunnabhatti,19.046,72.875,Harbour-hotspot,2026-07-12T13:00,0.1,0.0,open-meteo
2026-07-12 13:09:54,Matunga,19.027,72.852,CR-hotspot,2026-07-12T13:00,0.1,0.0,open-meteo
2026-07-12 15:14:02,Churchgate,18.935,72.827,WR,2026-07-12T15:00,0.2,0.1,open-meteo
2026-07-12 15:14:02,Dadar,19.018,72.844,WR/CR,2026-07-12T15:00,0.2,0.1,open-meteo
2026-07-12 15:14:02,Andheri,19.119,72.846,WR,2026-07-12T15:00,0.1,0.0,open-meteo
2026-07-12 15:14:02,Borivali,19.231,72.857,WR,2026-07-12T15:00,0.0,0.0,open-meteo
2026-07-12 15:14:02,Virar,19.455,72.811,WR,,,,open-meteo-ERR
2026-07-12 15:14:02,CSMT,18.94,72.835,CR,2026-07-12T15:15,0.2,0.1,open-meteo
2026-07-12 15:14:02,Sion,19.043,72.862,CR-hotspot,2026-07-12T15:15,0.2,0.1,open-meteo
2026-07-12 15:14:02,Kurla,19.065,72.879,CR-hotspot,2026-07-12T15:15,0.1,0.0,open-meteo
2026-07-12 15:14:02,Thane,19.186,72.975,CR,2026-07-12T15:15,0.1,0.1,open-meteo
2026-07-12 15:14:02,Kalyan,19.243,73.13,CR,2026-07-12T15:15,0.1,0.1,open-meteo
2026-07-12 15:14:02,Chunnabhatti,19.046,72.875,Harbour-hotspot,,,,open-meteo-ERR
2026-07-12 15:14:02,Matunga,19.027,72.852,CR-hotspot,2026-07-12T15:15,0.2,0.1,open-meteo
2026-07-12 16:35:52,Churchgate,18.935,72.827,WR,2026-07-12T16:30,0.2,0.0,open-meteo
2026-07-12 16:35:52,Dadar,19.018,72.844,WR/CR,2026-07-12T16:30,0.2,0.0,open-meteo
2026-07-12 16:35:52,Andheri,19.119,72.846,WR,2026-07-12T16:30,0.2,0.0,open-meteo
2026-07-12 16:35:52,Borivali,19.231,72.857,WR,,,,open-meteo-ERR
2026-07-12 16:35:52,Virar,19.455,72.811,WR,2026-07-12T16:30,0.2,0.0,open-meteo
2026-07-12 16:35:52,CSMT,18.94,72.835,CR,2026-07-12T16:30,0.2,0.0,open-meteo
2026-07-12 16:35:52,Sion,19.043,72.862,CR-hotspot,2026-07-12T16:30,0.2,0.0,open-meteo
2026-07-12 16:35:52,Kurla,19.065,72.879,CR-hotspot,,,,open-meteo-ERR
2026-07-12 16:35:52,Thane,19.186,72.975,CR,2026-07-12T16:30,0.0,0.0,open-meteo
2026-07-12 16:35:52,Kalyan,19.243,73.13,CR,2026-07-12T16:30,0.0,0.0,open-meteo
2026-07-12 16:35:52,Chunnabhatti,19.046,72.875,Harbour-hotspot,2026-07-12T16:30,0.2,0.0,open-meteo
2026-07-12 16:35:52,Matunga,19.027,72.852,CR-hotspot,,,,open-meteo-ERR
2026-07-12 17:42:06,Churchgate,18.935,72.827,WR,2026-07-12T17:30,0.0,0.0,open-meteo
2026-07-12 17:42:06,Dadar,19.018,72.844,WR/CR,2026-07-12T17:30,0.0,0.0,open-meteo
2026-07-12 17:42:06,Andheri,19.119,72.846,WR,2026-07-12T17:30,0.2,0.0,open-meteo
2026-07-12 17:42:06,Borivali,19.231,72.857,WR,2026-07-12T17:30,0.2,0.1,open-meteo
2026-07-12 17:42:06,Virar,19.455,72.811,WR,,,,open-meteo-ERR
2026-07-12 17:42:06,CSMT,18.94,72.835,CR,2026-07-12T17:30,0.0,0.0,open-meteo
2026-07-12 17:42:06,Sion,19.043,72.862,CR-hotspot,2026-07-12T17:30,0.0,0.0,open-meteo
2026-07-12 17:42:06,Kurla,19.065,72.879,CR-hotspot,2026-07-12T17:30,0.2,0.0,open-meteo
2026-07-12 17:42:06,Thane,19.186,72.975,CR,2026-07-12T17:30,0.0,0.0,open-meteo
2026-07-12 17:42:06,Kalyan,19.243,73.13,CR,2026-07-12T17:30,0.0,0.0,open-meteo
2026-07-12 17:42:06,Chunnabhatti,19.046,72.875,Harbour-hotspot,,,,open-meteo-ERR
2026-07-12 17:42:06,Matunga,19.027,72.852,CR-hotspot,2026-07-12T17:45,0.0,0.0,open-meteo
2026-07-12 19:31:45,Churchgate,18.935,72.827,WR,2026-07-12T19:30,0.0,0.0,open-meteo
2026-07-12 19:31:45,Dadar,19.018,72.844,WR/CR,2026-07-12T19:30,0.0,0.0,open-meteo
2026-07-12 19:31:45,Andheri,19.119,72.846,WR,2026-07-12T19:30,0.0,0.0,open-meteo
2026-07-12 19:31:45,Borivali,19.231,72.857,WR,2026-07-12T19:30,0.0,0.0,open-meteo
2026-07-12 19:31:45,Virar,19.455,72.811,WR,,,,open-meteo-ERR
2026-07-12 19:31:45,CSMT,18.94,72.835,CR,2026-07-12T19:30,0.0,0.0,open-meteo
2026-07-12 19:31:45,Sion,19.043,72.862,CR-hotspot,2026-07-12T19:30,0.0,0.0,open-meteo
2026-07-12 19:31:45,Kurla,19.065,72.879,CR-hotspot,2026-07-12T19:30,0.0,0.0,open-meteo
2026-07-12 19:31:45,Thane,19.186,72.975,CR,2026-07-12T19:30,0.0,0.0,open-meteo
2026-07-12 19:31:45,Kalyan,19.243,73.13,CR,2026-07-12T19:30,0.0,0.0,open-meteo
2026-07-12 19:31:45,Chunnabhatti,19.046,72.875,Harbour-hotspot,,,,open-meteo-ERR
2026-07-12 19:31:45,Matunga,19.027,72.852,CR-hotspot,2026-07-12T19:30,0.0,0.0,open-meteo
2026-07-12 21:02:02,Churchgate,18.935,72.827,WR,2026-07-12T21:00,0.0,0.0,open-meteo
2026-07-12 21:02:02,Dadar,19.018,72.844,WR/CR,2026-07-12T21:00,0.0,0.0,open-meteo
2026-07-12 21:02:02,Andheri,19.119,72.846,WR,2026-07-12T21:00,0.0,0.0,open-meteo
2026-07-12 21:02:02,Borivali,19.231,72.857,WR,2026-07-12T21:00,0.0,0.0,open-meteo
2026-07-12 21:02:02,Virar,19.455,72.811,WR,,,,open-meteo-ERR
2026-07-12 21:02:02,CSMT,18.94,72.835,CR,2026-07-12T21:00,0.0,0.0,open-meteo
2026-07-12 21:02:02,Sion,19.043,72.862,CR-hotspot,2026-07-12T21:00,0.0,0.0,open-meteo
2026-07-12 21:02:02,Kurla,19.065,72.879,CR-hotspot,2026-07-12T21:00,0.0,0.0,open-meteo
2026-07-12 21:02:02,Thane,19.186,72.975,CR,2026-07-12T21:00,0.0,0.0,open-meteo
2026-07-12 21:02:02,Kalyan,19.243,73.13,CR,2026-07-12T21:00,0.0,0.0,open-meteo
2026-07-12 21:02:02,Chunnabhatti,19.046,72.875,Harbour-hotspot,,,,open-meteo-ERR
2026-07-12 21:02:02,Matunga,19.027,72.852,CR-hotspot,2026-07-12T21:00,0.0,0.0,open-meteo
2026-07-12 22:19:21,Churchgate,18.935,72.827,WR,2026-07-12T22:15,0.0,0.0,open-meteo
2026-07-12 22:19:21,Dadar,19.018,72.844,WR/CR,2026-07-12T22:15,0.0,0.0,open-meteo
2026-07-12 22:19:21,Andheri,19.119,72.846,WR,2026-07-12T22:15,0.0,0.0,open-meteo
2026-07-12 22:19:21,Borivali,19.231,72.857,WR,2026-07-12T22:15,0.0,0.0,open-meteo
2026-07-12 22:19:21,Virar,19.455,72.811,WR,,,,open-meteo-ERR
2026-07-12 22:19:21,CSMT,18.94,72.835,CR,2026-07-12T22:15,0.0,0.0,open-meteo
2026-07-12 22:19:21,Sion,19.043,72.862,CR-hotspot,2026-07-12T22:15,0.0,0.0,open-meteo
2026-07-12 22:19:21,Kurla,19.065,72.879,CR-hotspot,2026-07-12T22:15,0.0,0.0,open-meteo
2026-07-12 22:19:21,Thane,19.186,72.975,CR,2026-07-12T22:15,0.0,0.0,open-meteo
2026-07-12 22:19:21,Kalyan,19.243,73.13,CR,2026-07-12T22:15,0.0,0.0,open-meteo
2026-07-12 22:19:21,Chunnabhatti,19.046,72.875,Harbour-hotspot,,,,open-meteo-ERR
2026-07-12 22:19:21,Matunga,19.027,72.852,CR-hotspot,2026-07-12T22:15,0.0,0.0,open-meteo
2026-07-12 23:22:44,Churchgate,18.935,72.827,WR,2026-07-12T23:15,0.0,0.0,open-meteo
2026-07-12 23:22:44,Dadar,19.018,72.844,WR/CR,2026-07-12T23:15,0.0,0.0,open-meteo
2026-07-12 23:22:44,Andheri,19.119,72.846,WR,2026-07-12T23:15,0.0,0.0,open-meteo
2026-07-12 23:22:44,Borivali,19.231,72.857,WR,2026-07-12T23:15,0.0,0.0,open-meteo
2026-07-12 23:22:44,Virar,19.455,72.811,WR,,,,open-meteo-ERR
2026-07-12 23:22:44,CSMT,18.94,72.835,CR,2026-07-12T23:15,0.0,0.0,open-meteo
2026-07-12 23:22:44,Sion,19.043,72.862,CR-hotspot,2026-07-12T23:15,0.0,0.0,open-meteo
2026-07-12 23:22:44,Kurla,19.065,72.879,CR-hotspot,2026-07-12T23:15,0.0,0.0,open-meteo
2026-07-12 23:22:44,Thane,19.186,72.975,CR,2026-07-12T23:15,0.0,0.0,open-meteo
2026-07-12 23:22:44,Kalyan,19.243,73.13,CR,2026-07-12T23:15,0.0,0.0,open-meteo
2026-07-12 23:22:44,Chunnabhatti,19.046,72.875,Harbour-hotspot,,,,open-meteo-ERR
2026-07-12 23:22:44,Matunga,19.027,72.852,CR-hotspot,2026-07-12T23:15,0.0,0.0,open-meteo
2026-07-13 00:23:15,Churchgate,18.935,72.827,WR,2026-07-13T00:15,0.0,0.0,open-meteo
2026-07-13 00:23:15,Dadar,19.018,72.844,WR/CR,2026-07-13T00:15,0.0,0.0,open-meteo
2026-07-13 00:23:15,Andheri,19.119,72.846,WR,2026-07-13T00:15,0.0,0.0,open-meteo
2026-07-13 00:23:15,Borivali,19.231,72.857,WR,2026-07-13T00:15,0.0,0.0,open-meteo
2026-07-13 00:23:15,Virar,19.455,72.811,WR,,,,open-meteo-ERR
2026-07-13 00:23:15,CSMT,18.94,72.835,CR,2026-07-13T00:15,0.0,0.0,open-meteo
2026-07-13 00:23:15,Sion,19.043,72.862,CR-hotspot,2026-07-13T00:15,0.0,0.0,open-meteo
2026-07-13 00:23:15,Kurla,19.065,72.879,CR-hotspot,2026-07-13T00:15,0.0,0.0,open-meteo
2026-07-13 00:23:15,Thane,19.186,72.975,CR,2026-07-13T00:15,0.0,0.0,open-meteo
2026-07-13 00:23:15,Kalyan,19.243,73.13,CR,2026-07-13T00:15,0.0,0.0,open-meteo
2026-07-13 00:23:15,Chunnabhatti,19.046,72.875,Harbour-hotspot,,,,open-meteo-ERR
2026-07-13 00:23:15,Matunga,19.027,72.852,CR-hotspot,2026-07-13T00:15,0.0,0.0,open-meteo
2026-07-13 01:32:41,Churchgate,18.935,72.827,WR,2026-07-13T01:30,0.0,0.0,open-meteo
2026-07-13 01:32:41,Dadar,19.018,72.844,WR/CR,2026-07-13T01:30,0.0,0.0,open-meteo
2026-07-13 01:32:41,Andheri,19.119,72.846,WR,2026-07-13T01:30,0.0,0.0,open-meteo
2026-07-13 01:32:41,Borivali,19.231,72.857,WR,,,,open-meteo-ERR
2026-07-13 01:32:41,Virar,19.455,72.811,WR,2026-07-13T01:30,0.0,0.0,open-meteo
2026-07-13 01:32:41,CSMT,18.94,72.835,CR,2026-07-13T01:30,0.0,0.0,open-meteo
2026-07-13 01:32:41,Sion,19.043,72.862,CR-hotspot,2026-07-13T01:30,0.0,0.0,open-meteo
2026-07-13 01:32:41,Kurla,19.065,72.879,CR-hotspot,,,,open-meteo-ERR
2026-07-13 01:32:41,Thane,19.186,72.975,CR,2026-07-13T01:30,0.0,0.0,open-meteo
2026-07-13 01:32:41,Kalyan,19.243,73.13,CR,2026-07-13T01:30,0.0,0.0,open-meteo
2026-07-13 01:32:41,Chunnabhatti,19.046,72.875,Harbour-hotspot,2026-07-13T01:30,0.0,0.0,open-meteo
2026-07-13 01:32:41,Matunga,19.027,72.852,CR-hotspot,,,,open-meteo-ERR
2026-07-13 02:42:24,Churchgate,18.935,72.827,WR,2026-07-13T02:30,0.0,0.0,open-meteo
2026-07-13 02:42:24,Dadar,19.018,72.844,WR/CR,2026-07-13T02:30,0.0,0.0,open-meteo
2026-07-13 02:42:24,Andheri,19.119,72.846,WR,2026-07-13T02:30,0.0,0.0,open-meteo
2026-07-13 02:42:24,Borivali,19.231,72.857,WR,,,,open-meteo-ERR
2026-07-13 02:42:24,Virar,19.455,72.811,WR,2026-07-13T02:30,0.0,0.0,open-meteo
2026-07-13 02:42:24,CSMT,18.94,72.835,CR,2026-07-13T02:30,0.0,0.0,open-meteo
2026-07-13 02:42:24,Sion,19.043,72.862,CR-hotspot,2026-07-13T02:30,0.0,0.0,open-meteo
2026-07-13 02:42:24,Kurla,19.065,72.879,CR-hotspot,,,,open-meteo-ERR
2026-07-13 02:42:24,Thane,19.186,72.975,CR,2026-07-13T02:45,0.0,0.0,open-meteo
2026-07-13 02:42:24,Kalyan,19.243,73.13,CR,2026-07-13T02:45,0.0,0.0,open-meteo
2026-07-13 02:42:24,Chunnabhatti,19.046,72.875,Harbour-hotspot,2026-07-13T02:45,0.0,0.0,open-meteo
2026-07-13 02:42:24,Matunga,19.027,72.852,CR-hotspot,,,,open-meteo-ERR
2026-07-13 03:42:50,Churchgate,18.935,72.827,WR,2026-07-13T03:30,0.0,0.0,open-meteo
2026-07-13 03:42:50,Dadar,19.018,72.844,WR/CR,2026-07-13T03:30,0.0,0.0,open-meteo
2026-07-13 03:42:50,Andheri,19.119,72.846,WR,2026-07-13T03:30,0.0,0.0,open-meteo
2026-07-13 03:42:50,Borivali,19.231,72.857,WR,2026-07-13T03:30,0.0,0.0,open-meteo
2026-07-13 03:42:50,Virar,19.455,72.811,WR,2026-07-13T03:30,0.0,0.0,open-meteo
2026-07-13 03:42:50,CSMT,18.94,72.835,CR,2026-07-13T03:30,0.0,0.0,open-meteo
2026-07-13 03:42:50,Sion,19.043,72.862,CR-hotspot,2026-07-13T03:30,0.0,0.0,open-meteo
2026-07-13 03:42:50,Kurla,19.065,72.879,CR-hotspot,2026-07-13T03:30,0.0,0.0,open-meteo
2026-07-13 03:42:50,Thane,19.186,72.975,CR,2026-07-13T03:30,0.0,0.0,open-meteo
2026-07-13 03:42:50,Kalyan,19.243,73.13,CR,2026-07-13T03:30,0.0,0.0,open-meteo
2026-07-13 03:42:50,Chunnabhatti,19.046,72.875,Harbour-hotspot,2026-07-13T03:30,0.0,0.0,open-meteo
2026-07-13 03:42:50,Matunga,19.027,72.852,CR-hotspot,2026-07-13T03:30,0.0,0.0,open-meteo
2026-07-13 04:44:29,Churchgate,18.935,72.827,WR,2026-07-13T04:30,0.0,0.0,open-meteo
2026-07-13 04:44:29,Dadar,19.018,72.844,WR/CR,2026-07-13T04:30,0.0,0.0,open-meteo
2026-07-13 04:44:29,Andheri,19.119,72.846,WR,2026-07-13T04:30,0.0,0.0,open-meteo
2026-07-13 04:44:29,Borivali,19.231,72.857,WR,,,,open-meteo-ERR
2026-07-13 04:44:29,Virar,19.455,72.811,WR,2026-07-13T04:45,0.0,0.0,open-meteo
2026-07-13 04:44:29,CSMT,18.94,72.835,CR,2026-07-13T04:45,0.0,0.0,open-meteo
2026-07-13 04:44:29,Sion,19.043,72.862,CR-hotspot,2026-07-13T04:45,0.0,0.0,open-meteo
2026-07-13 04:44:29,Kurla,19.065,72.879,CR-hotspot,,,,open-meteo-ERR
2026-07-13 04:44:29,Thane,19.186,72.975,CR,2026-07-13T04:45,0.0,0.0,open-meteo
2026-07-13 04:44:29,Kalyan,19.243,73.13,CR,2026-07-13T04:45,0.0,0.0,open-meteo
2026-07-13 04:44:29,Chunnabhatti,19.046,72.875,Harbour-hotspot,2026-07-13T04:45,0.0,0.0,open-meteo
2026-07-13 04:44:29,Matunga,19.027,72.852,CR-hotspot,,,,open-meteo-ERR
2026-07-13 06:29:50,Churchgate,18.935,72.827,WR,2026-07-13T06:15,0.0,0.0,open-meteo
2026-07-13 06:29:50,Dadar,19.018,72.844,WR/CR,2026-07-13T06:15,0.0,0.0,open-meteo
2026-07-13 06:29:50,Andheri,19.119,72.846,WR,2026-07-13T06:15,0.0,0.0,open-meteo
2026-07-13 06:29:50,Borivali,19.231,72.857,WR,,,,open-meteo-ERR
2026-07-13 06:29:50,Virar,19.455,72.811,WR,2026-07-13T06:30,0.0,0.0,open-meteo
2026-07-13 06:29:50,CSMT,18.94,72.835,CR,2026-07-13T06:30,0.0,0.0,open-meteo
2026-07-13 06:29:50,Sion,19.043,72.862,CR-hotspot,2026-07-13T06:30,0.0,0.0,open-meteo
2026-07-13 06:29:50,Kurla,19.065,72.879,CR-hotspot,,,,open-meteo-ERR
2026-07-13 06:29:50,Thane,19.186,72.975,CR,2026-07-13T06:30,0.0,0.0,open-meteo
2026-07-13 06:29:50,Kalyan,19.243,73.13,CR,2026-07-13T06:30,0.0,0.0,open-meteo
2026-07-13 06:29:50,Chunnabhatti,19.046,72.875,Harbour-hotspot,2026-07-13T06:30,0.0,0.0,open-meteo
2026-07-13 06:29:50,Matunga,19.027,72.852,CR-hotspot,,,,open-meteo-ERR
2026-07-13 10:02:18,Churchgate,18.935,72.827,WR,2026-07-13T10:00,0.0,0.0,open-meteo
2026-07-13 10:02:18,Dadar,19.018,72.844,WR/CR,2026-07-13T10:00,0.0,0.0,open-meteo
2026-07-13 10:02:18,Andheri,19.119,72.846,WR,2026-07-13T10:00,0.1,0.0,open-meteo
2026-07-13 10:02:18,Borivali,19.231,72.857,WR,2026-07-13T10:00,0.1,0.0,open-meteo
2026-07-13 10:02:18,Virar,19.455,72.811,WR,,,,open-meteo-ERR
2026-07-13 10:02:18,CSMT,18.94,72.835,CR,2026-07-13T10:00,0.0,0.0,open-meteo
2026-07-13 10:02:18,Sion,19.043,72.862,CR-hotspot,2026-07-13T10:00,0.0,0.0,open-meteo
2026-07-13 10:02:18,Kurla,19.065,72.879,CR-hotspot,2026-07-13T10:00,0.1,0.0,open-meteo
2026-07-13 10:02:18,Thane,19.186,72.975,CR,2026-07-13T10:00,0.0,0.0,open-meteo
2026-07-13 10:02:18,Kalyan,19.243,73.13,CR,2026-07-13T10:00,0.0,0.0,open-meteo
2026-07-13 10:02:18,Chunnabhatti,19.046,72.875,Harbour-hotspot,,,,open-meteo-ERR
2026-07-13 10:02:18,Matunga,19.027,72.852,CR-hotspot,2026-07-13T10:00,0.0,0.0,open-meteo
2026-07-13 13:40:32,Churchgate,18.935,72.827,WR,2026-07-13T13:30,0.2,0.0,open-meteo
2026-07-13 13:40:32,Dadar,19.018,72.844,WR/CR,2026-07-13T13:30,0.2,0.0,open-meteo
2026-07-13 13:40:32,Andheri,19.119,72.846,WR,2026-07-13T13:30,0.2,0.0,open-meteo
2026-07-13 13:40:32,Borivali,19.231,72.857,WR,,,,open-meteo-ERR
2026-07-13 13:40:32,Virar,19.455,72.811,WR,2026-07-13T13:30,0.1,0.0,open-meteo
2026-07-13 13:40:32,CSMT,18.94,72.835,CR,2026-07-13T13:30,0.2,0.0,open-meteo
2026-07-13 13:40:32,Sion,19.043,72.862,CR-hotspot,2026-07-13T13:30,0.2,0.0,open-meteo
2026-07-13 13:40:32,Kurla,19.065,72.879,CR-hotspot,2026-07-13T13:30,0.2,0.0,open-meteo
2026-07-13 13:40:32,Thane,19.186,72.975,CR,,,,open-meteo-ERR
2026-07-13 13:40:32,Kalyan,19.243,73.13,CR,2026-07-13T13:30,0.0,0.0,open-meteo
2026-07-13 13:40:32,Chunnabhatti,19.046,72.875,Harbour-hotspot,2026-07-13T13:30,0.2,0.0,open-meteo
2026-07-13 13:40:32,Matunga,19.027,72.852,CR-hotspot,2026-07-13T13:30,0.2,0.0,open-meteo
2026-07-13 17:05:22,Churchgate,18.935,72.827,WR,2026-07-13T17:00,0.1,0.0,open-meteo
2026-07-13 17:05:22,Dadar,19.018,72.844,WR/CR,2026-07-13T17:00,0.1,0.0,open-meteo
2026-07-13 17:05:22,Andheri,19.119,72.846,WR,2026-07-13T17:00,0.1,0.0,open-meteo
2026-07-13 17:05:22,Borivali,19.231,72.857,WR,,,,open-meteo-ERR
2026-07-13 17:05:22,Virar,19.455,72.811,WR,2026-07-13T17:00,0.1,0.1,open-meteo
2026-07-13 17:05:22,CSMT,18.94,72.835,CR,2026-07-13T17:00,0.1,0.0,open-meteo
2026-07-13 17:05:22,Sion,19.043,72.862,CR-hotspot,2026-07-13T17:00,0.1,0.0,open-meteo
2026-07-13 17:05:22,Kurla,19.065,72.879,CR-hotspot,,,,open-meteo-ERR
2026-07-13 17:05:22,Thane,19.186,72.975,CR,2026-07-13T17:00,0.0,0.0,open-meteo
2026-07-13 17:05:22,Kalyan,19.243,73.13,CR,2026-07-13T17:00,0.0,0.0,open-meteo
2026-07-13 17:05:22,Chunnabhatti,19.046,72.875,Harbour-hotspot,2026-07-13T17:00,0.1,0.0,open-meteo
2026-07-13 17:05:22,Matunga,19.027,72.852,CR-hotspot,,,,open-meteo-ERR
2026-07-13 19:39:51,Churchgate,18.935,72.827,WR,2026-07-13T19:30,0.0,0.0,open-meteo
2026-07-13 19:39:51,Dadar,19.018,72.844,WR/CR,2026-07-13T19:30,0.0,0.0,open-meteo
2026-07-13 19:39:51,Andheri,19.119,72.846,WR,2026-07-13T19:30,0.0,0.0,open-meteo
2026-07-13 19:39:51,Borivali,19.231,72.857,WR,2026-07-13T19:30,0.0,0.0,open-meteo
2026-07-13 19:39:51,Virar,19.455,72.811,WR,,,,open-meteo-ERR
2026-07-13 19:39:51,CSMT,18.94,72.835,CR,2026-07-13T19:30,0.0,0.0,open-meteo
2026-07-13 19:39:51,Sion,19.043,72.862,CR-hotspot,2026-07-13T19:30,0.0,0.0,open-meteo
2026-07-13 19:39:51,Kurla,19.065,72.879,CR-hotspot,2026-07-13T19:30,0.0,0.0,open-meteo
2026-07-13 19:39:51,Thane,19.186,72.975,CR,2026-07-13T19:30,0.0,0.0,open-meteo
2026-07-13 19:39:51,Kalyan,19.243,73.13,CR,2026-07-13T19:30,0.0,0.0,open-meteo
2026-07-13 19:39:51,Chunnabhatti,19.046,72.875,Harbour-hotspot,,,,open-meteo-ERR
2026-07-13 19:39:51,Matunga,19.027,72.852,CR-hotspot,2026-07-13T19:30,0.0,0.0,open-meteo
2026-07-13 22:15:29,Churchgate,18.935,72.827,WR,2026-07-13T22:15,0.0,0.0,open-meteo
2026-07-13 22:15:29,Dadar,19.018,72.844,WR/CR,2026-07-13T22:15,0.0,0.0,open-meteo
2026-07-13 22:15:29,Andheri,19.119,72.846,WR,2026-07-13T22:15,0.0,0.0,open-meteo
2026-07-13 22:15:29,Borivali,19.231,72.857,WR,,,,open-meteo-ERR
2026-07-13 22:15:29,Virar,19.455,72.811,WR,2026-07-13T22:15,0.0,0.0,open-meteo
2026-07-13 22:15:29,CSMT,18.94,72.835,CR,2026-07-13T22:15,0.0,0.0,open-meteo
2026-07-13 22:15:29,Sion,19.043,72.862,CR-hotspot,2026-07-13T22:15,0.0,0.0,open-meteo
2026-07-13 22:15:29,Kurla,19.065,72.879,CR-hotspot,,,,open-meteo-ERR
2026-07-13 22:15:29,Thane,19.186,72.975,CR,2026-07-13T22:15,0.0,0.0,open-meteo
2026-07-13 22:15:29,Kalyan,19.243,73.13,CR,2026-07-13T22:15,0.0,0.0,open-meteo
2026-07-13 22:15:29,Chunnabhatti,19.046,72.875,Harbour-hotspot,2026-07-13T22:15,0.0,0.0,open-meteo
2026-07-13 22:15:29,Matunga,19.027,72.852,CR-hotspot,2026-07-13T22:15,0.0,0.0,open-meteo
2026-07-13 23:56:48,Churchgate,18.935,72.827,WR,2026-07-13T23:45,0.0,0.0,open-meteo
2026-07-13 23:56:48,Dadar,19.018,72.844,WR/CR,2026-07-13T23:45,0.0,0.0,open-meteo
2026-07-13 23:56:48,Andheri,19.119,72.846,WR,2026-07-13T23:45,0.0,0.0,open-meteo
2026-07-13 23:56:48,Borivali,19.231,72.857,WR,2026-07-13T23:45,0.0,0.0,open-meteo
2026-07-13 23:56:48,Virar,19.455,72.811,WR,,,,open-meteo-ERR
2026-07-13 23:56:48,CSMT,18.94,72.835,CR,2026-07-13T23:45,0.0,0.0,open-meteo
2026-07-13 23:56:48,Sion,19.043,72.862,CR-hotspot,2026-07-13T23:45,0.0,0.0,open-meteo
2026-07-13 23:56:48,Kurla,19.065,72.879,CR-hotspot,2026-07-13T23:45,0.0,0.0,open-meteo
2026-07-13 23:56:48,Thane,19.186,72.975,CR,,,,open-meteo-ERR
2026-07-13 23:56:48,Kalyan,19.243,73.13,CR,2026-07-13T23:45,0.0,0.0,open-meteo
2026-07-13 23:56:48,Chunnabhatti,19.046,72.875,Harbour-hotspot,2026-07-13T23:45,0.0,0.0,open-meteo
2026-07-13 23:56:48,Matunga,19.027,72.852,CR-hotspot,2026-07-13T23:45,0.0,0.0,open-meteo
2026-07-14 01:26:54,Churchgate,18.935,72.827,WR,2026-07-14T01:15,0.0,0.0,open-meteo
2026-07-14 01:26:54,Dadar,19.018,72.844,WR/CR,2026-07-14T01:15,0.0,0.0,open-meteo
2026-07-14 01:26:54,Andheri,19.119,72.846,WR,2026-07-14T01:15,0.0,0.0,open-meteo
2026-07-14 01:26:54,Borivali,19.231,72.857,WR,2026-07-14T01:15,0.0,0.0,open-meteo
2026-07-14 01:26:54,Virar,19.455,72.811,WR,,,,open-meteo-ERR
2026-07-14 01:26:54,CSMT,18.94,72.835,CR,2026-07-14T01:15,0.0,0.0,open-meteo
2026-07-14 01:26:54,Sion,19.043,72.862,CR-hotspot,2026-07-14T01:15,0.0,0.0,open-meteo
2026-07-14 01:26:54,Kurla,19.065,72.879,CR-hotspot,2026-07-14T01:15,0.0,0.0,open-meteo
2026-07-14 01:26:54,Thane,19.186,72.975,CR,2026-07-14T01:15,0.0,0.0,open-meteo
2026-07-14 01:26:54,Kalyan,19.243,73.13,CR,2026-07-14T01:15,0.0,0.0,open-meteo
2026-07-14 01:26:54,Chunnabhatti,19.046,72.875,Harbour-hotspot,2026-07-14T01:15,0.0,0.0,open-meteo
2026-07-14 01:26:54,Matunga,19.027,72.852,CR-hotspot,,,,open-meteo-ERR
2026-07-14 02:24:24,Churchgate,18.935,72.827,WR,2026-07-14T02:15,0.0,0.0,open-meteo
2026-07-14 02:24:24,Dadar,19.018,72.844,WR/CR,2026-07-14T02:15,0.0,0.0,open-meteo
2026-07-14 02:24:24,Andheri,19.119,72.846,WR,2026-07-14T02:15,0.0,0.0,open-meteo
2026-07-14 02:24:24,Borivali,19.231,72.857,WR,2026-07-14T02:15,0.0,0.0,open-meteo
2026-07-14 02:24:24,Virar,19.455,72.811,WR,,,,open-meteo-ERR
2026-07-14 02:24:24,CSMT,18.94,72.835,CR,2026-07-14T02:15,0.0,0.0,open-meteo
2026-07-14 02:24:24,Sion,19.043,72.862,CR-hotspot,2026-07-14T02:15,0.0,0.0,open-meteo
2026-07-14 02:24:24,Kurla,19.065,72.879,CR-hotspot,2026-07-14T02:15,0.0,0.0,open-meteo
2026-07-14 02:24:24,Thane,19.186,72.975,CR,2026-07-14T02:15,0.0,0.0,open-meteo
2026-07-14 02:24:24,Kalyan,19.243,73.13,CR,2026-07-14T02:15,0.0,0.0,open-meteo
2026-07-14 02:24:24,Chunnabhatti,19.046,72.875,Harbour-hotspot,,,,open-meteo-ERR
2026-07-14 02:24:24,Matunga,19.027,72.852,CR-hotspot,2026-07-14T02:15,0.0,0.0,open-meteo
2026-07-14 03:16:57,Churchgate,18.935,72.827,WR,2026-07-14T03:15,0.0,0.0,open-meteo
2026-07-14 03:16:57,Dadar,19.018,72.844,WR/CR,2026-07-14T03:15,0.0,0.0,open-meteo
2026-07-14 03:16:57,Andheri,19.119,72.846,WR,2026-07-14T03:15,0.0,0.0,open-meteo
2026-07-14 03:16:57,Borivali,19.231,72.857,WR,,,,open-meteo-ERR
2026-07-14 03:16:57,Virar,19.455,72.811,WR,2026-07-14T03:15,0.0,0.0,open-meteo
2026-07-14 03:16:57,CSMT,18.94,72.835,CR,2026-07-14T03:15,0.0,0.0,open-meteo
2026-07-14 03:16:57,Sion,19.043,72.862,CR-hotspot,2026-07-14T03:15,0.0,0.0,open-meteo
2026-07-14 03:16:57,Kurla,19.065,72.879,CR-hotspot,2026-07-14T03:15,0.0,0.0,open-meteo
2026-07-14 03:16:57,Thane,19.186,72.975,CR,,,,open-meteo-ERR
2026-07-14 03:16:57,Kalyan,19.243,73.13,CR,2026-07-14T03:15,0.0,0.0,open-meteo
2026-07-14 03:16:57,Chunnabhatti,19.046,72.875,Harbour-hotspot,2026-07-14T03:15,0.0,0.0,open-meteo
2026-07-14 03:16:57,Matunga,19.027,72.852,CR-hotspot,2026-07-14T03:15,0.0,0.0,open-meteo
2026-07-14 04:16:39,Churchgate,18.935,72.827,WR,2026-07-14T04:15,0.0,0.0,open-meteo
2026-07-14 04:16:39,Dadar,19.018,72.844,WR/CR,2026-07-14T04:15,0.0,0.0,open-meteo
2026-07-14 04:16:39,Andheri,19.119,72.846,WR,2026-07-14T04:15,0.0,0.0,open-meteo
2026-07-14 04:16:39,Borivali,19.231,72.857,WR,2026-07-14T04:15,0.0,0.0,open-meteo
2026-07-14 04:16:39,Virar,19.455,72.811,WR,2026-07-14T04:15,0.0,0.0,open-meteo
2026-07-14 04:16:39,CSMT,18.94,72.835,CR,,,,open-meteo-ERR
2026-07-14 04:16:39,Sion,19.043,72.862,CR-hotspot,2026-07-14T04:15,0.0,0.0,open-meteo
2026-07-14 04:16:39,Kurla,19.065,72.879,CR-hotspot,2026-07-14T04:15,0.0,0.0,open-meteo
2026-07-14 04:16:39,Thane,19.186,72.975,CR,2026-07-14T04:15,0.0,0.0,open-meteo
2026-07-14 04:16:39,Kalyan,19.243,73.13,CR,2026-07-14T04:15,0.0,0.0,open-meteo
2026-07-14 04:16:39,Chunnabhatti,19.046,72.875,Harbour-hotspot,,,,open-meteo-ERR
2026-07-14 04:16:39,Matunga,19.027,72.852,CR-hotspot,2026-07-14T04:15,0.0,0.0,open-meteo
2026-07-14 05:14:21,Churchgate,18.935,72.827,WR,2026-07-14T05:00,0.0,0.0,open-meteo
2026-07-14 05:14:21,Dadar,19.018,72.844,WR/CR,2026-07-14T05:00,0.0,0.0,open-meteo
2026-07-14 05:14:21,Andheri,19.119,72.846,WR,2026-07-14T05:00,0.0,0.0,open-meteo
2026-07-14 05:14:21,Borivali,19.231,72.857,WR,2026-07-14T05:00,0.0,0.0,open-meteo
2026-07-14 05:14:21,Virar,19.455,72.811,WR,2026-07-14T05:00,0.0,0.0,open-meteo
2026-07-14 05:14:21,CSMT,18.94,72.835,CR,2026-07-14T05:00,0.0,0.0,open-meteo
2026-07-14 05:14:21,Sion,19.043,72.862,CR-hotspot,2026-07-14T05:00,0.0,0.0,open-meteo
2026-07-14 05:14:21,Kurla,19.065,72.879,CR-hotspot,2026-07-14T05:00,0.0,0.0,open-meteo
2026-07-14 05:14:21,Thane,19.186,72.975,CR,2026-07-14T05:00,0.0,0.0,open-meteo
2026-07-14 05:14:21,Kalyan,19.243,73.13,CR,2026-07-14T05:15,0.0,0.0,open-meteo
2026-07-14 05:14:21,Chunnabhatti,19.046,72.875,Harbour-hotspot,2026-07-14T05:15,0.0,0.0,open-meteo
2026-07-14 05:14:21,Matunga,19.027,72.852,CR-hotspot,2026-07-14T05:15,0.0,0.0,open-meteo
2026-07-14 07:13:43,Churchgate,18.935,72.827,WR,2026-07-14T07:00,0.0,0.0,open-meteo
2026-07-14 07:13:43,Dadar,19.018,72.844,WR/CR,2026-07-14T07:00,0.0,0.0,open-meteo
2026-07-14 07:13:43,Andheri,19.119,72.846,WR,2026-07-14T07:00,0.0,0.0,open-meteo
2026-07-14 07:13:43,Borivali,19.231,72.857,WR,,,,open-meteo-ERR
2026-07-14 07:13:43,Virar,19.455,72.811,WR,2026-07-14T07:15,0.0,0.0,open-meteo
2026-07-14 07:13:43,CSMT,18.94,72.835,CR,2026-07-14T07:15,0.0,0.0,open-meteo
2026-07-14 07:13:43,Sion,19.043,72.862,CR-hotspot,2026-07-14T07:15,0.0,0.0,open-meteo
2026-07-14 07:13:43,Kurla,19.065,72.879,CR-hotspot,,,,open-meteo-ERR
2026-07-14 07:13:43,Thane,19.186,72.975,CR,2026-07-14T07:15,0.0,0.0,open-meteo
2026-07-14 07:13:43,Kalyan,19.243,73.13,CR,2026-07-14T07:15,0.0,0.0,open-meteo
2026-07-14 07:13:43,Chunnabhatti,19.046,72.875,Harbour-hotspot,2026-07-14T07:15,0.0,0.0,open-meteo
2026-07-14 07:13:43,Matunga,19.027,72.852,CR-hotspot,,,,open-meteo-ERR
2026-07-14 10:12:57,Churchgate,18.935,72.827,WR,2026-07-14T10:00,0.0,0.0,open-meteo
2026-07-14 10:12:57,Dadar,19.018,72.844,WR/CR,2026-07-14T10:00,0.0,0.0,open-meteo
2026-07-14 10:12:57,Andheri,19.119,72.846,WR,2026-07-14T10:00,0.0,0.0,open-meteo
2026-07-14 10:12:57,Borivali,19.231,72.857,WR,,,,open-meteo-ERR
2026-07-14 10:12:57,Virar,19.455,72.811,WR,2026-07-14T10:00,0.1,0.0,open-meteo
2026-07-14 10:12:57,CSMT,18.94,72.835,CR,2026-07-14T10:00,0.0,0.0,open-meteo
2026-07-14 10:12:57,Sion,19.043,72.862,CR-hotspot,2026-07-14T10:00,0.0,0.0,open-meteo
2026-07-14 10:12:57,Kurla,19.065,72.879,CR-hotspot,,,,open-meteo-ERR
2026-07-14 10:12:57,Thane,19.186,72.975,CR,2026-07-14T10:15,0.1,0.0,open-meteo
2026-07-14 10:12:57,Kalyan,19.243,73.13,CR,2026-07-14T10:15,0.0,0.0,open-meteo
2026-07-14 10:12:57,Chunnabhatti,19.046,72.875,Harbour-hotspot,2026-07-14T10:15,0.0,0.0,open-meteo
2026-07-14 10:12:57,Matunga,19.027,72.852,CR-hotspot,,,,open-meteo-ERR
2026-07-14 12:34:49,Churchgate,18.935,72.827,WR,2026-07-14T12:30,0.0,0.0,open-meteo
2026-07-14 12:34:49,Dadar,19.018,72.844,WR/CR,2026-07-14T12:30,0.0,0.0,open-meteo
2026-07-14 12:34:49,Andheri,19.119,72.846,WR,2026-07-14T12:30,0.0,0.0,open-meteo
2026-07-14 12:34:49,Borivali,19.231,72.857,WR,2026-07-14T12:30,0.0,0.0,open-meteo
2026-07-14 12:34:49,Virar,19.455,72.811,WR,,,,open-meteo-ERR
2026-07-14 12:34:49,CSMT,18.94,72.835,CR,2026-07-14T12:30,0.0,0.0,open-meteo
2026-07-14 12:34:49,Sion,19.043,72.862,CR-hotspot,2026-07-14T12:30,0.0,0.0,open-meteo
2026-07-14 12:34:49,Kurla,19.065,72.879,CR-hotspot,2026-07-14T12:30,0.0,0.0,open-meteo
2026-07-14 12:34:49,Thane,19.186,72.975,CR,2026-07-14T12:30,0.1,0.1,open-meteo
2026-07-14 12:34:49,Kalyan,19.243,73.13,CR,2026-07-14T12:30,0.0,0.0,open-meteo
2026-07-14 12:34:49,Chunnabhatti,19.046,72.875,Harbour-hotspot,,,,open-meteo-ERR
2026-07-14 12:34:49,Matunga,19.027,72.852,CR-hotspot,2026-07-14T12:30,0.0,0.0,open-meteo
2026-07-14 14:51:45,Churchgate,18.935,72.827,WR,2026-07-14T14:45,0.0,0.0,open-meteo
2026-07-14 14:51:45,Dadar,19.018,72.844,WR/CR,2026-07-14T14:45,0.0,0.0,open-meteo
2026-07-14 14:51:45,Andheri,19.119,72.846,WR,2026-07-14T14:45,0.0,0.0,open-meteo
2026-07-14 14:51:45,Borivali,19.231,72.857,WR,2026-07-14T14:45,0.0,0.0,open-meteo
2026-07-14 14:51:45,Virar,19.455,72.811,WR,2026-07-14T14:45,0.0,0.0,open-meteo
2026-07-14 14:51:45,CSMT,18.94,72.835,CR,,,,open-meteo-ERR
2026-07-14 14:51:45,Sion,19.043,72.862,CR-hotspot,2026-07-14T14:45,0.0,0.0,open-meteo
2026-07-14 14:51:45,Kurla,19.065,72.879,CR-hotspot,2026-07-14T14:45,0.0,0.0,open-meteo
2026-07-14 14:51:45,Thane,19.186,72.975,CR,2026-07-14T14:45,0.0,0.0,open-meteo
2026-07-14 14:51:45,Kalyan,19.243,73.13,CR,2026-07-14T14:45,0.0,0.0,open-meteo
2026-07-14 14:51:45,Chunnabhatti,19.046,72.875,Harbour-hotspot,,,,open-meteo-ERR
2026-07-14 14:51:45,Matunga,19.027,72.852,CR-hotspot,2026-07-14T14:45,0.0,0.0,open-meteo
2026-07-14 16:32:32,Churchgate,18.935,72.827,WR,2026-07-14T16:30,0.1,0.0,open-meteo
2026-07-14 16:32:32,Dadar,19.018,72.844,WR/CR,2026-07-14T16:30,0.1,0.0,open-meteo
2026-07-14 16:32:32,Andheri,19.119,72.846,WR,2026-07-14T16:30,0.1,0.0,open-meteo
2026-07-14 16:32:32,Borivali,19.231,72.857,WR,2026-07-14T16:30,0.0,0.0,open-meteo
2026-07-14 16:32:32,Virar,19.455,72.811,WR,,,,open-meteo-ERR
2026-07-14 16:32:32,CSMT,18.94,72.835,CR,2026-07-14T16:30,0.1,0.0,open-meteo
2026-07-14 16:32:32,Sion,19.043,72.862,CR-hotspot,2026-07-14T16:30,0.1,0.0,open-meteo
2026-07-14 16:32:32,Kurla,19.065,72.879,CR-hotspot,2026-07-14T16:30,0.1,0.0,open-meteo
2026-07-14 16:32:32,Thane,19.186,72.975,CR,2026-07-14T16:30,0.0,0.0,open-meteo
2026-07-14 16:32:32,Kalyan,19.243,73.13,CR,2026-07-14T16:30,0.0,0.0,open-meteo
2026-07-14 16:32:32,Chunnabhatti,19.046,72.875,Harbour-hotspot,,,,open-meteo-ERR
2026-07-14 16:32:32,Matunga,19.027,72.852,CR-hotspot,2026-07-14T16:30,0.1,0.0,open-meteo
2026-07-14 18:14:57,Churchgate,18.935,72.827,WR,2026-07-14T18:00,0.1,0.1,open-meteo
2026-07-14 18:14:57,Dadar,19.018,72.844,WR/CR,2026-07-14T18:15,0.1,0.1,open-meteo
2026-07-14 18:14:57,Andheri,19.119,72.846,WR,2026-07-14T18:15,0.0,0.0,open-meteo
2026-07-14 18:14:57,Borivali,19.231,72.857,WR,2026-07-14T18:15,0.0,0.0,open-meteo
2026-07-14 18:14:57,Virar,19.455,72.811,WR,,,,open-meteo-ERR
2026-07-14 18:14:57,CSMT,18.94,72.835,CR,2026-07-14T18:15,0.1,0.1,open-meteo
2026-07-14 18:14:57,Sion,19.043,72.862,CR-hotspot,2026-07-14T18:15,0.1,0.1,open-meteo
2026-07-14 18:14:57,Kurla,19.065,72.879,CR-hotspot,2026-07-14T18:15,0.0,0.0,open-meteo
2026-07-14 18:14:57,Thane,19.186,72.975,CR,2026-07-14T18:15,0.0,0.0,open-meteo
2026-07-14 18:14:57,Kalyan,19.243,73.13,CR,2026-07-14T18:15,0.0,0.0,open-meteo
2026-07-14 18:14:57,Chunnabhatti,19.046,72.875,Harbour-hotspot,,,,open-meteo-ERR
2026-07-14 18:14:57,Matunga,19.027,72.852,CR-hotspot,2026-07-14T18:15,0.1,0.1,open-meteo
2026-07-14 20:12:43,Churchgate,18.935,72.827,WR,2026-07-14T20:00,0.1,0.1,open-meteo
2026-07-14 20:12:43,Dadar,19.018,72.844,WR/CR,2026-07-14T20:00,0.1,0.1,open-meteo
2026-07-14 20:12:43,Andheri,19.119,72.846,WR,2026-07-14T20:00,0.0,0.0,open-meteo
2026-07-14 20:12:43,Borivali,19.231,72.857,WR,2026-07-14T20:00,0.1,0.1,open-meteo
2026-07-14 20:12:43,Virar,19.455,72.811,WR,,,,open-meteo-ERR
2026-07-14 20:12:43,CSMT,18.94,72.835,CR,2026-07-14T20:00,0.1,0.1,open-meteo
2026-07-14 20:12:43,Sion,19.043,72.862,CR-hotspot,2026-07-14T20:00,0.1,0.1,open-meteo
2026-07-14 20:12:43,Kurla,19.065,72.879,CR-hotspot,2026-07-14T20:00,0.0,0.0,open-meteo
2026-07-14 20:12:43,Thane,19.186,72.975,CR,2026-07-14T20:00,0.0,0.0,open-meteo
2026-07-14 20:12:43,Kalyan,19.243,73.13,CR,2026-07-14T20:00,0.0,0.0,open-meteo
2026-07-14 20:12:43,Chunnabhatti,19.046,72.875,Harbour-hotspot,,,,open-meteo-ERR
2026-07-14 20:12:43,Matunga,19.027,72.852,CR-hotspot,2026-07-14T20:15,0.1,0.1,open-meteo
2026-07-14 21:38:35,Churchgate,18.935,72.827,WR,2026-07-14T21:30,0.1,0.1,open-meteo
2026-07-14 21:38:35,Dadar,19.018,72.844,WR/CR,2026-07-14T21:30,0.1,0.1,open-meteo
2026-07-14 21:38:35,Andheri,19.119,72.846,WR,2026-07-14T21:30,0.0,0.0,open-meteo
2026-07-14 21:38:35,Borivali,19.231,72.857,WR,2026-07-14T21:30,0.1,0.0,open-meteo
2026-07-14 21:38:35,Virar,19.455,72.811,WR,,,,open-meteo-ERR
2026-07-14 21:38:35,CSMT,18.94,72.835,CR,2026-07-14T21:30,0.1,0.1,open-meteo
2026-07-14 21:38:35,Sion,19.043,72.862,CR-hotspot,2026-07-14T21:30,0.1,0.1,open-meteo
2026-07-14 21:38:35,Kurla,19.065,72.879,CR-hotspot,2026-07-14T21:30,0.0,0.0,open-meteo
2026-07-14 21:38:35,Thane,19.186,72.975,CR,2026-07-14T21:30,0.0,0.0,open-meteo
2026-07-14 21:38:35,Kalyan,19.243,73.13,CR,2026-07-14T21:30,0.0,0.0,open-meteo
2026-07-14 21:38:35,Chunnabhatti,19.046,72.875,Harbour-hotspot,2026-07-14T21:30,0.1,0.1,open-meteo
2026-07-14 21:38:35,Matunga,19.027,72.852,CR-hotspot,2026-07-14T21:30,0.1,0.1,open-meteo
2026-07-14 23:08:08,Churchgate,18.935,72.827,WR,2026-07-14T23:00,0.1,0.0,open-meteo
2026-07-14 23:08:08,Dadar,19.018,72.844,WR/CR,2026-07-14T23:00,0.1,0.0,open-meteo
2026-07-14 23:08:08,Andheri,19.119,72.846,WR,2026-07-14T23:00,0.2,0.1,open-meteo
2026-07-14 23:08:08,Borivali,19.231,72.857,WR,2026-07-14T23:00,0.2,0.1,open-meteo
2026-07-14 23:08:08,Virar,19.455,72.811,WR,2026-07-14T23:00,0.0,0.0,open-meteo
2026-07-14 23:08:08,CSMT,18.94,72.835,CR,2026-07-14T23:00,0.1,0.0,open-meteo
2026-07-14 23:08:08,Sion,19.043,72.862,CR-hotspot,2026-07-14T23:00,0.1,0.0,open-meteo
2026-07-14 23:08:08,Kurla,19.065,72.879,CR-hotspot,2026-07-14T23:00,0.2,0.1,open-meteo
2026-07-14 23:08:08,Thane,19.186,72.975,CR,,,,open-meteo-ERR
2026-07-14 23:08:08,Kalyan,19.243,73.13,CR,2026-07-14T23:00,0.1,0.1,open-meteo
2026-07-14 23:08:08,Chunnabhatti,19.046,72.875,Harbour-hotspot,2026-07-14T23:00,0.1,0.0,open-meteo
2026-07-14 23:08:08,Matunga,19.027,72.852,CR-hotspot,2026-07-14T23:00,0.1,0.0,open-meteo
2026-07-15 00:34:45,Churchgate,18.935,72.827,WR,2026-07-15T00:30,0.1,0.0,open-meteo
2026-07-15 00:34:45,Dadar,19.018,72.844,WR/CR,2026-07-15T00:30,0.1,0.0,open-meteo
2026-07-15 00:34:45,Andheri,19.119,72.846,WR,2026-07-15T00:30,0.0,0.0,open-meteo
2026-07-15 00:34:45,Borivali,19.231,72.857,WR,,,,open-meteo-ERR
2026-07-15 00:34:45,Virar,19.455,72.811,WR,2026-07-15T00:30,0.0,0.0,open-meteo
2026-07-15 00:34:45,CSMT,18.94,72.835,CR,2026-07-15T00:30,0.0,0.0,open-meteo
2026-07-15 00:34:45,Sion,19.043,72.862,CR-hotspot,2026-07-15T00:30,0.0,0.0,open-meteo
2026-07-15 00:34:45,Kurla,19.065,72.879,CR-hotspot,,,,open-meteo-ERR
2026-07-15 00:34:45,Thane,19.186,72.975,CR,2026-07-15T00:30,0.1,0.0,open-meteo
2026-07-15 00:34:45,Kalyan,19.243,73.13,CR,2026-07-15T00:30,0.1,0.1,open-meteo
2026-07-15 00:34:45,Chunnabhatti,19.046,72.875,Harbour-hotspot,2026-07-15T00:30,0.0,0.0,open-meteo
2026-07-15 00:34:45,Matunga,19.027,72.852,CR-hotspot,,,,open-meteo-ERR
2026-07-15 02:05:27,Churchgate,18.935,72.827,WR,2026-07-15T02:00,0.1,0.1,open-meteo
2026-07-15 02:05:27,Dadar,19.018,72.844,WR/CR,2026-07-15T02:00,0.1,0.1,open-meteo
2026-07-15 02:05:27,Andheri,19.119,72.846,WR,2026-07-15T02:00,0.0,0.0,open-meteo
2026-07-15 02:05:27,Borivali,19.231,72.857,WR,2026-07-15T02:00,0.1,0.1,open-meteo
2026-07-15 02:05:27,Virar,19.455,72.811,WR,,,,open-meteo-ERR
2026-07-15 02:05:27,CSMT,18.94,72.835,CR,2026-07-15T02:00,0.1,0.1,open-meteo
2026-07-15 02:05:27,Sion,19.043,72.862,CR-hotspot,2026-07-15T02:00,0.1,0.1,open-meteo
2026-07-15 02:05:27,Kurla,19.065,72.879,CR-hotspot,2026-07-15T02:00,0.0,0.0,open-meteo
2026-07-15 02:05:27,Thane,19.186,72.975,CR,2026-07-15T02:00,0.0,0.0,open-meteo
2026-07-15 02:05:27,Kalyan,19.243,73.13,CR,2026-07-15T02:00,0.0,0.0,open-meteo
2026-07-15 02:05:27,Chunnabhatti,19.046,72.875,Harbour-hotspot,2026-07-15T02:00,0.1,0.1,open-meteo
2026-07-15 02:05:27,Matunga,19.027,72.852,CR-hotspot,2026-07-15T02:00,0.1,0.1,open-meteo
2026-07-15 03:19:17,Churchgate,18.935,72.827,WR,2026-07-15T03:15,0.0,0.0,open-meteo
2026-07-15 03:19:17,Dadar,19.018,72.844,WR/CR,2026-07-15T03:15,0.0,0.0,open-meteo
2026-07-15 03:19:17,Andheri,19.119,72.846,WR,2026-07-15T03:15,0.1,0.1,open-meteo
2026-07-15 03:19:17,Borivali,19.231,72.857,WR,2026-07-15T03:15,0.2,0.2,open-meteo
2026-07-15 03:19:17,Virar,19.455,72.811,WR,,,,open-meteo-ERR
2026-07-15 03:19:17,CSMT,18.94,72.835,CR,2026-07-15T03:15,0.0,0.0,open-meteo
2026-07-15 03:19:17,Sion,19.043,72.862,CR-hotspot,2026-07-15T03:15,0.0,0.0,open-meteo
2026-07-15 03:19:17,Kurla,19.065,72.879,CR-hotspot,2026-07-15T03:15,0.1,0.1,open-meteo
2026-07-15 03:19:17,Thane,19.186,72.975,CR,2026-07-15T03:15,0.1,0.1,open-meteo
2026-07-15 03:19:17,Kalyan,19.243,73.13,CR,2026-07-15T03:15,0.0,0.0,open-meteo
2026-07-15 03:19:17,Chunnabhatti,19.046,72.875,Harbour-hotspot,,,,open-meteo-ERR
2026-07-15 03:19:17,Matunga,19.027,72.852,CR-hotspot,2026-07-15T03:15,0.0,0.0,open-meteo
2026-07-15 04:18:50,Churchgate,18.935,72.827,WR,2026-07-15T04:15,0.1,0.1,open-meteo
2026-07-15 04:18:50,Dadar,19.018,72.844,WR/CR,2026-07-15T04:15,0.1,0.1,open-meteo
2026-07-15 04:18:50,Andheri,19.119,72.846,WR,2026-07-15T04:15,0.1,0.1,open-meteo
2026-07-15 04:18:50,Borivali,19.231,72.857,WR,,,,open-meteo-ERR
2026-07-15 04:18:50,Virar,19.455,72.811,WR,2026-07-15T04:15,0.4,0.2,open-meteo
2026-07-15 04:18:50,CSMT,18.94,72.835,CR,2026-07-15T04:15,0.1,0.1,open-meteo
2026-07-15 04:18:50,Sion,19.043,72.862,CR-hotspot,2026-07-15T04:15,0.1,0.1,open-meteo
2026-07-15 04:18:50,Kurla,19.065,72.879,CR-hotspot,,,,open-meteo-ERR
2026-07-15 04:18:50,Thane,19.186,72.975,CR,2026-07-15T04:15,0.4,0.1,open-meteo
2026-07-15 04:18:50,Kalyan,19.243,73.13,CR,2026-07-15T04:15,0.4,0.2,open-meteo
2026-07-15 04:18:50,Chunnabhatti,19.046,72.875,Harbour-hotspot,2026-07-15T04:15,0.1,0.1,open-meteo
2026-07-15 04:18:50,Matunga,19.027,72.852,CR-hotspot,2026-07-15T04:15,0.1,0.1,open-meteo
2026-07-15 05:13:10,Churchgate,18.935,72.827,WR,2026-07-15T05:00,0.3,0.1,open-meteo
2026-07-15 05:13:10,Dadar,19.018,72.844,WR/CR,2026-07-15T05:00,0.3,0.1,open-meteo
2026-07-15 05:13:10,Andheri,19.119,72.846,WR,2026-07-15T05:00,0.5,0.3,open-meteo
2026-07-15 05:13:10,Borivali,19.231,72.857,WR,2026-07-15T05:00,0.6,0.2,open-meteo
2026-07-15 05:13:10,Virar,19.455,72.811,WR,2026-07-15T05:00,0.6,0.5,open-meteo
2026-07-15 05:13:10,CSMT,18.94,72.835,CR,2026-07-15T05:00,0.3,0.1,open-meteo
2026-07-15 05:13:10,Sion,19.043,72.862,CR-hotspot,2026-07-15T05:00,0.3,0.1,open-meteo
2026-07-15 05:13:10,Kurla,19.065,72.879,CR-hotspot,2026-07-15T05:00,0.5,0.3,open-meteo
2026-07-15 05:13:10,Thane,19.186,72.975,CR,,,,open-meteo-ERR
2026-07-15 05:13:10,Kalyan,19.243,73.13,CR,2026-07-15T05:15,0.3,0.3,open-meteo
2026-07-15 05:13:10,Chunnabhatti,19.046,72.875,Harbour-hotspot,2026-07-15T05:15,0.3,0.1,open-meteo
2026-07-15 05:13:10,Matunga,19.027,72.852,CR-hotspot,2026-07-15T05:15,0.3,0.1,open-meteo
2026-07-15 06:59:30,Churchgate,18.935,72.827,WR,2026-07-15T06:45,0.2,0.2,open-meteo
2026-07-15 06:59:30,Dadar,19.018,72.844,WR/CR,2026-07-15T06:45,0.2,0.2,open-meteo
2026-07-15 06:59:30,Andheri,19.119,72.846,WR,2026-07-15T06:45,0.2,0.2,open-meteo
2026-07-15 06:59:30,Borivali,19.231,72.857,WR,2026-07-15T07:00,0.2,0.2,open-meteo
2026-07-15 06:59:30,Virar,19.455,72.811,WR,2026-07-15T07:00,0.1,0.1,open-meteo
2026-07-15 06:59:30,CSMT,18.94,72.835,CR,2026-07-15T07:00,0.2,0.2,open-meteo
2026-07-15 06:59:30,Sion,19.043,72.862,CR-hotspot,2026-07-15T07:00,0.2,0.2,open-meteo
2026-07-15 06:59:30,Kurla,19.065,72.879,CR-hotspot,2026-07-15T07:00,0.2,0.2,open-meteo
2026-07-15 06:59:30,Thane,19.186,72.975,CR,2026-07-15T07:00,0.1,0.1,open-meteo
2026-07-15 06:59:30,Kalyan,19.243,73.13,CR,2026-07-15T07:00,0.1,0.1,open-meteo
2026-07-15 06:59:30,Chunnabhatti,19.046,72.875,Harbour-hotspot,2026-07-15T07:00,0.2,0.2,open-meteo
2026-07-15 06:59:30,Matunga,19.027,72.852,CR-hotspot,2026-07-15T07:00,0.2,0.2,open-meteo
2026-07-15 09:58:13,Churchgate,18.935,72.827,WR,2026-07-15T09:45,0.0,0.0,open-meteo
2026-07-15 09:58:13,Dadar,19.018,72.844,WR/CR,2026-07-15T09:45,0.0,0.0,open-meteo
2026-07-15 09:58:13,Andheri,19.119,72.846,WR,2026-07-15T09:45,0.0,0.0,open-meteo
2026-07-15 09:58:13,Borivali,19.231,72.857,WR,2026-07-15T09:45,0.0,0.0,open-meteo
2026-07-15 09:58:13,Virar,19.455,72.811,WR,,,,open-meteo-ERR
2026-07-15 09:58:13,CSMT,18.94,72.835,CR,2026-07-15T09:45,0.0,0.0,open-meteo
2026-07-15 09:58:13,Sion,19.043,72.862,CR-hotspot,2026-07-15T09:45,0.0,0.0,open-meteo
2026-07-15 09:58:13,Kurla,19.065,72.879,CR-hotspot,2026-07-15T10:00,0.0,0.0,open-meteo
2026-07-15 09:58:13,Thane,19.186,72.975,CR,2026-07-15T10:00,0.0,0.0,open-meteo
2026-07-15 09:58:13,Kalyan,19.243,73.13,CR,2026-07-15T10:00,0.0,0.0,open-meteo
2026-07-15 09:58:13,Chunnabhatti,19.046,72.875,Harbour-hotspot,2026-07-15T10:00,0.0,0.0,open-meteo
2026-07-15 09:58:13,Matunga,19.027,72.852,CR-hotspot,2026-07-15T10:00,0.0,0.0,open-meteo
2026-07-15 12:05:34,Churchgate,18.935,72.827,WR,2026-07-15T12:00,0.0,0.0,open-meteo
2026-07-15 12:05:34,Dadar,19.018,72.844,WR/CR,2026-07-15T12:00,0.0,0.0,open-meteo
2026-07-15 12:05:34,Andheri,19.119,72.846,WR,2026-07-15T12:00,0.0,0.0,open-meteo
2026-07-15 12:05:34,Borivali,19.231,72.857,WR,2026-07-15T12:00,0.0,0.0,open-meteo
2026-07-15 12:05:34,Virar,19.455,72.811,WR,,,,open-meteo-ERR
2026-07-15 12:05:34,CSMT,18.94,72.835,CR,2026-07-15T12:00,0.0,0.0,open-meteo
2026-07-15 12:05:34,Sion,19.043,72.862,CR-hotspot,2026-07-15T12:00,0.0,0.0,open-meteo
2026-07-15 12:05:34,Kurla,19.065,72.879,CR-hotspot,2026-07-15T12:00,0.0,0.0,open-meteo
2026-07-15 12:05:34,Thane,19.186,72.975,CR,2026-07-15T12:00,0.0,0.0,open-meteo
2026-07-15 12:05:34,Kalyan,19.243,73.13,CR,2026-07-15T12:00,0.0,0.0,open-meteo
2026-07-15 12:05:34,Chunnabhatti,19.046,72.875,Harbour-hotspot,,,,open-meteo-ERR
2026-07-15 12:05:34,Matunga,19.027,72.852,CR-hotspot,2026-07-15T12:00,0.0,0.0,open-meteo
2026-07-15 14:35:30,Churchgate,18.935,72.827,WR,2026-07-15T14:30,0.1,0.1,open-meteo
2026-07-15 14:35:30,Dadar,19.018,72.844,WR/CR,2026-07-15T14:30,0.1,0.1,open-meteo
2026-07-15 14:35:30,Andheri,19.119,72.846,WR,2026-07-15T14:30,0.0,0.0,open-meteo
2026-07-15 14:35:30,Borivali,19.231,72.857,WR,2026-07-15T14:30,0.0,0.0,open-meteo
2026-07-15 14:35:30,Virar,19.455,72.811,WR,,,,open-meteo-ERR
2026-07-15 14:35:30,CSMT,18.94,72.835,CR,2026-07-15T14:30,0.1,0.1,open-meteo
2026-07-15 14:35:30,Sion,19.043,72.862,CR-hotspot,2026-07-15T14:30,0.1,0.1,open-meteo
2026-07-15 14:35:30,Kurla,19.065,72.879,CR-hotspot,2026-07-15T14:30,0.0,0.0,open-meteo
2026-07-15 14:35:30,Thane,19.186,72.975,CR,2026-07-15T14:30,0.1,0.0,open-meteo
2026-07-15 14:35:30,Kalyan,19.243,73.13,CR,2026-07-15T14:30,0.0,0.0,open-meteo
2026-07-15 14:35:30,Chunnabhatti,19.046,72.875,Harbour-hotspot,,,,open-meteo-ERR
2026-07-15 14:35:30,Matunga,19.027,72.852,CR-hotspot,2026-07-15T14:30,0.1,0.1,open-meteo
2026-07-15 16:36:54,Churchgate,18.935,72.827,WR,2026-07-15T16:30,0.0,0.0,open-meteo
2026-07-15 16:36:54,Dadar,19.018,72.844,WR/CR,2026-07-15T16:30,0.0,0.0,open-meteo
2026-07-15 16:36:54,Andheri,19.119,72.846,WR,2026-07-15T16:30,0.0,0.0,open-meteo
2026-07-15 16:36:54,Borivali,19.231,72.857,WR,,,,open-meteo-ERR
2026-07-15 16:36:54,Virar,19.455,72.811,WR,2026-07-15T16:30,0.1,0.1,open-meteo
2026-07-15 16:36:54,CSMT,18.94,72.835,CR,2026-07-15T16:30,0.0,0.0,open-meteo
2026-07-15 16:36:54,Sion,19.043,72.862,CR-hotspot,2026-07-15T16:30,0.0,0.0,open-meteo
2026-07-15 16:36:54,Kurla,19.065,72.879,CR-hotspot,,,,open-meteo-ERR
2026-07-15 16:36:54,Thane,19.186,72.975,CR,2026-07-15T16:30,0.1,0.1,open-meteo
2026-07-15 16:36:54,Kalyan,19.243,73.13,CR,2026-07-15T16:30,0.0,0.0,open-meteo
2026-07-15 16:36:54,Chunnabhatti,19.046,72.875,Harbour-hotspot,2026-07-15T16:30,0.0,0.0,open-meteo
2026-07-15 16:36:54,Matunga,19.027,72.852,CR-hotspot,,,,open-meteo-ERR
2026-07-15 18:18:41,Churchgate,18.935,72.827,WR,2026-07-15T18:15,0.2,0.2,open-meteo
2026-07-15 18:18:41,Dadar,19.018,72.844,WR/CR,2026-07-15T18:15,0.2,0.2,open-meteo
2026-07-15 18:18:41,Andheri,19.119,72.846,WR,2026-07-15T18:15,0.1,0.1,open-meteo
2026-07-15 18:18:41,Borivali,19.231,72.857,WR,2026-07-15T18:15,0.0,0.0,open-meteo
2026-07-15 18:18:41,Virar,19.455,72.811,WR,2026-07-15T18:15,0.0,0.0,open-meteo
2026-07-15 18:18:41,CSMT,18.94,72.835,CR,2026-07-15T18:15,0.2,0.2,open-meteo
2026-07-15 18:18:41,Sion,19.043,72.862,CR-hotspot,2026-07-15T18:15,0.2,0.2,open-meteo
2026-07-15 18:18:41,Kurla,19.065,72.879,CR-hotspot,2026-07-15T18:15,0.1,0.1,open-meteo
2026-07-15 18:18:41,Thane,19.186,72.975,CR,,,,open-meteo-ERR
2026-07-15 18:18:41,Kalyan,19.243,73.13,CR,2026-07-15T18:15,0.0,0.0,open-meteo
2026-07-15 18:18:41,Chunnabhatti,19.046,72.875,Harbour-hotspot,2026-07-15T18:15,0.2,0.2,open-meteo
2026-07-15 18:18:41,Matunga,19.027,72.852,CR-hotspot,2026-07-15T18:15,0.2,0.2,open-meteo
2026-07-15 20:12:30,Churchgate,18.935,72.827,WR,2026-07-15T20:00,0.0,0.0,open-meteo
2026-07-15 20:12:30,Dadar,19.018,72.844,WR/CR,2026-07-15T20:00,0.0,0.0,open-meteo
2026-07-15 20:12:30,Andheri,19.119,72.846,WR,2026-07-15T20:00,0.0,0.0,open-meteo
2026-07-15 20:12:30,Borivali,19.231,72.857,WR,,,,open-meteo-ERR
2026-07-15 20:12:30,Virar,19.455,72.811,WR,2026-07-15T20:00,0.1,0.1,open-meteo
2026-07-15 20:12:30,CSMT,18.94,72.835,CR,2026-07-15T20:00,0.0,0.0,open-meteo
2026-07-15 20:12:30,Sion,19.043,72.862,CR-hotspot,2026-07-15T20:00,0.0,0.0,open-meteo
2026-07-15 20:12:30,Kurla,19.065,72.879,CR-hotspot,2026-07-15T20:00,0.0,0.0,open-meteo
2026-07-15 20:12:30,Thane,19.186,72.975,CR,2026-07-15T20:00,0.0,0.0,open-meteo
2026-07-15 20:12:30,Kalyan,19.243,73.13,CR,2026-07-15T20:00,0.0,0.0,open-meteo
2026-07-15 20:12:30,Chunnabhatti,19.046,72.875,Harbour-hotspot,2026-07-15T20:00,0.0,0.0,open-meteo
2026-07-15 20:12:30,Matunga,19.027,72.852,CR-hotspot,2026-07-15T20:15,0.0,0.0,open-meteo
2026-07-15 21:44:04,Churchgate,18.935,72.827,WR,2026-07-15T21:30,0.0,0.0,open-meteo
2026-07-15 21:44:04,Dadar,19.018,72.844,WR/CR,2026-07-15T21:30,0.0,0.0,open-meteo
2026-07-15 21:44:04,Andheri,19.119,72.846,WR,2026-07-15T21:30,0.0,0.0,open-meteo
2026-07-15 21:44:04,Borivali,19.231,72.857,WR,,,,open-meteo-ERR
2026-07-15 21:44:04,Virar,19.455,72.811,WR,2026-07-15T21:45,0.3,0.1,open-meteo
2026-07-15 21:44:04,CSMT,18.94,72.835,CR,2026-07-15T21:45,0.1,0.1,open-meteo
2026-07-15 21:44:04,Sion,19.043,72.862,CR-hotspot,2026-07-15T21:45,0.1,0.1,open-meteo
2026-07-15 21:44:04,Kurla,19.065,72.879,CR-hotspot,,,,open-meteo-ERR
2026-07-15 21:44:04,Thane,19.186,72.975,CR,2026-07-15T21:45,0.0,0.0,open-meteo
2026-07-15 21:44:04,Kalyan,19.243,73.13,CR,2026-07-15T21:45,0.0,0.0,open-meteo
2026-07-15 21:44:04,Chunnabhatti,19.046,72.875,Harbour-hotspot,2026-07-15T21:45,0.1,0.1,open-meteo
2026-07-15 21:44:04,Matunga,19.027,72.852,CR-hotspot,,,,open-meteo-ERR
2026-07-15 23:13:36,Churchgate,18.935,72.827,WR,2026-07-15T23:00,0.1,0.1,open-meteo
2026-07-15 23:13:36,Dadar,19.018,72.844,WR/CR,2026-07-15T23:00,0.1,0.1,open-meteo
2026-07-15 23:13:36,Andheri,19.119,72.846,WR,2026-07-15T23:00,0.1,0.1,open-meteo
2026-07-15 23:13:36,Borivali,19.231,72.857,WR,2026-07-15T23:00,0.1,0.1,open-meteo
2026-07-15 23:13:36,Virar,19.455,72.811,WR,2026-07-15T23:00,0.1,0.1,open-meteo
2026-07-15 23:13:36,CSMT,18.94,72.835,CR,2026-07-15T23:00,0.1,0.1,open-meteo
2026-07-15 23:13:36,Sion,19.043,72.862,CR-hotspot,2026-07-15T23:00,0.1,0.1,open-meteo
2026-07-15 23:13:36,Kurla,19.065,72.879,CR-hotspot,,,,open-meteo-ERR
2026-07-15 23:13:36,Thane,19.186,72.975,CR,2026-07-15T23:15,0.0,0.0,open-meteo
2026-07-15 23:13:36,Kalyan,19.243,73.13,CR,2026-07-15T23:15,0.0,0.0,open-meteo
2026-07-15 23:13:36,Chunnabhatti,19.046,72.875,Harbour-hotspot,2026-07-15T23:15,0.1,0.1,open-meteo
2026-07-15 23:13:36,Matunga,19.027,72.852,CR-hotspot,2026-07-15T23:15,0.1,0.1,open-meteo
2026-07-16 00:27:16,Churchgate,18.935,72.827,WR,2026-07-16T00:15,0.2,0.2,open-meteo
2026-07-16 00:27:16,Dadar,19.018,72.844,WR/CR,2026-07-16T00:15,0.2,0.2,open-meteo
2026-07-16 00:27:16,Andheri,19.119,72.846,WR,2026-07-16T00:15,0.1,0.1,open-meteo
2026-07-16 00:27:16,Borivali,19.231,72.857,WR,2026-07-16T00:15,0.1,0.0,open-meteo
2026-07-16 00:27:16,Virar,19.455,72.811,WR,2026-07-16T00:15,0.3,0.2,open-meteo
2026-07-16 00:27:16,CSMT,18.94,72.835,CR,2026-07-16T00:15,0.2,0.2,open-meteo
2026-07-16 00:27:16,Sion,19.043,72.862,CR-hotspot,2026-07-16T00:15,0.2,0.2,open-meteo
2026-07-16 00:27:16,Kurla,19.065,72.879,CR-hotspot,2026-07-16T00:15,0.1,0.1,open-meteo
2026-07-16 00:27:16,Thane,19.186,72.975,CR,2026-07-16T00:15,0.0,0.0,open-meteo
2026-07-16 00:27:16,Kalyan,19.243,73.13,CR,2026-07-16T00:15,0.0,0.0,open-meteo
2026-07-16 00:27:16,Chunnabhatti,19.046,72.875,Harbour-hotspot,,,,open-meteo-ERR
2026-07-16 00:27:16,Matunga,19.027,72.852,CR-hotspot,2026-07-16T00:30,0.2,0.2,open-meteo
2026-07-16 01:36:06,Churchgate,18.935,72.827,WR,2026-07-16T01:30,0.2,0.2,open-meteo
2026-07-16 01:36:06,Dadar,19.018,72.844,WR/CR,2026-07-16T01:30,0.2,0.2,open-meteo
2026-07-16 01:36:06,Andheri,19.119,72.846,WR,2026-07-16T01:30,0.2,0.2,open-meteo
2026-07-16 01:36:06,Borivali,19.231,72.857,WR,2026-07-16T01:30,0.2,0.2,open-meteo
2026-07-16 01:36:06,Virar,19.455,72.811,WR,,,,open-meteo-ERR
2026-07-16 01:36:06,CSMT,18.94,72.835,CR,2026-07-16T01:30,0.2,0.2,open-meteo
2026-07-16 01:36:06,Sion,19.043,72.862,CR-hotspot,2026-07-16T01:30,0.2,0.2,open-meteo
2026-07-16 01:36:06,Kurla,19.065,72.879,CR-hotspot,2026-07-16T01:30,0.2,0.2,open-meteo
2026-07-16 01:36:06,Thane,19.186,72.975,CR,2026-07-16T01:30,0.0,0.0,open-meteo
2026-07-16 01:36:06,Kalyan,19.243,73.13,CR,2026-07-16T01:30,0.0,0.0,open-meteo
2026-07-16 01:36:06,Chunnabhatti,19.046,72.875,Harbour-hotspot,,,,open-meteo-ERR
2026-07-16 01:36:06,Matunga,19.027,72.852,CR-hotspot,2026-07-16T01:30,0.2,0.2,open-meteo
2026-07-16 02:58:04,Churchgate,18.935,72.827,WR,2026-07-16T02:45,0.1,0.1,open-meteo
2026-07-16 02:58:04,Dadar,19.018,72.844,WR/CR,2026-07-16T02:45,0.1,0.1,open-meteo
2026-07-16 02:58:04,Andheri,19.119,72.846,WR,2026-07-16T02:45,0.1,0.1,open-meteo
2026-07-16 02:58:04,Borivali,19.231,72.857,WR,2026-07-16T02:45,0.0,0.0,open-meteo
2026-07-16 02:58:04,Virar,19.455,72.811,WR,,,,open-meteo-ERR
2026-07-16 02:58:04,CSMT,18.94,72.835,CR,2026-07-16T02:45,0.1,0.1,open-meteo
2026-07-16 02:58:04,Sion,19.043,72.862,CR-hotspot,2026-07-16T02:45,0.1,0.1,open-meteo
2026-07-16 02:58:04,Kurla,19.065,72.879,CR-hotspot,2026-07-16T02:45,0.1,0.1,open-meteo
2026-07-16 02:58:04,Thane,19.186,72.975,CR,2026-07-16T02:45,0.0,0.0,open-meteo
2026-07-16 02:58:04,Kalyan,19.243,73.13,CR,,,,open-meteo-ERR
2026-07-16 02:58:04,Chunnabhatti,19.046,72.875,Harbour-hotspot,2026-07-16T03:00,0.1,0.1,open-meteo
2026-07-16 02:58:04,Matunga,19.027,72.852,CR-hotspot,2026-07-16T03:00,0.1,0.1,open-meteo
2026-07-16 03:59:19,Churchgate,18.935,72.827,WR,2026-07-16T03:45,0.0,0.0,open-meteo
2026-07-16 03:59:19,Dadar,19.018,72.844,WR/CR,2026-07-16T03:45,0.0,0.0,open-meteo
2026-07-16 03:59:19,Andheri,19.119,72.846,WR,2026-07-16T03:45,0.1,0.1,open-meteo
2026-07-16 03:59:19,Borivali,19.231,72.857,WR,2026-07-16T03:45,0.1,0.1,open-meteo
2026-07-16 03:59:19,Virar,19.455,72.811,WR,,,,open-meteo-ERR
2026-07-16 03:59:19,CSMT,18.94,72.835,CR,2026-07-16T04:00,0.0,0.0,open-meteo
2026-07-16 03:59:19,Sion,19.043,72.862,CR-hotspot,2026-07-16T04:00,0.0,0.0,open-meteo
2026-07-16 03:59:19,Kurla,19.065,72.879,CR-hotspot,2026-07-16T04:00,0.1,0.1,open-meteo
2026-07-16 03:59:19,Thane,19.186,72.975,CR,2026-07-16T04:00,0.0,0.0,open-meteo
2026-07-16 03:59:19,Kalyan,19.243,73.13,CR,2026-07-16T04:00,0.0,0.0,open-meteo
2026-07-16 03:59:19,Chunnabhatti,19.046,72.875,Harbour-hotspot,,,,open-meteo-ERR
2026-07-16 03:59:19,Matunga,19.027,72.852,CR-hotspot,2026-07-16T04:00,0.0,0.0,open-meteo
2026-07-16 04:59:59,Churchgate,18.935,72.827,WR,2026-07-16T04:45,0.1,0.1,open-meteo
2026-07-16 04:59:59,Dadar,19.018,72.844,WR/CR,2026-07-16T05:00,0.1,0.1,open-meteo
2026-07-16 04:59:59,Andheri,19.119,72.846,WR,2026-07-16T05:00,0.0,0.0,open-meteo
2026-07-16 04:59:59,Borivali,19.231,72.857,WR,2026-07-16T05:00,0.0,0.0,open-meteo
2026-07-16 04:59:59,Virar,19.455,72.811,WR,2026-07-16T05:00,0.1,0.1,open-meteo
2026-07-16 04:59:59,CSMT,18.94,72.835,CR,,,,open-meteo-ERR
2026-07-16 04:59:59,Sion,19.043,72.862,CR-hotspot,2026-07-16T05:00,0.1,0.1,open-meteo
2026-07-16 04:59:59,Kurla,19.065,72.879,CR-hotspot,2026-07-16T05:00,0.0,0.0,open-meteo
2026-07-16 04:59:59,Thane,19.186,72.975,CR,2026-07-16T05:00,0.0,0.0,open-meteo
2026-07-16 04:59:59,Kalyan,19.243,73.13,CR,,,,open-meteo-ERR
2026-07-16 04:59:59,Chunnabhatti,19.046,72.875,Harbour-hotspot,2026-07-16T05:00,0.1,0.1,open-meteo
2026-07-16 04:59:59,Matunga,19.027,72.852,CR-hotspot,2026-07-16T05:00,0.1,0.1,open-meteo
2026-07-16 06:26:50,Churchgate,18.935,72.827,WR,2026-07-16T06:15,0.1,0.1,open-meteo
2026-07-16 06:26:50,Dadar,19.018,72.844,WR/CR,2026-07-16T06:15,0.1,0.1,open-meteo
2026-07-16 06:26:50,Andheri,19.119,72.846,WR,2026-07-16T06:15,0.1,0.1,open-meteo
2026-07-16 06:26:50,Borivali,19.231,72.857,WR,2026-07-16T06:15,0.1,0.1,open-meteo
2026-07-16 06:26:50,Virar,19.455,72.811,WR,,,,open-meteo-ERR
2026-07-16 06:26:50,CSMT,18.94,72.835,CR,2026-07-16T06:15,0.1,0.1,open-meteo
2026-07-16 06:26:50,Sion,19.043,72.862,CR-hotspot,2026-07-16T06:15,0.1,0.1,open-meteo
2026-07-16 06:26:50,Kurla,19.065,72.879,CR-hotspot,2026-07-16T06:15,0.1,0.1,open-meteo
2026-07-16 06:26:50,Thane,19.186,72.975,CR,2026-07-16T06:15,0.0,0.0,open-meteo
2026-07-16 06:26:50,Kalyan,19.243,73.13,CR,,,,open-meteo-ERR
2026-07-16 06:26:50,Chunnabhatti,19.046,72.875,Harbour-hotspot,2026-07-16T06:15,0.1,0.1,open-meteo
2026-07-16 06:26:50,Matunga,19.027,72.852,CR-hotspot,2026-07-16T06:15,0.1,0.1,open-meteo
2026-07-16 09:28:10,Churchgate,18.935,72.827,WR,2026-07-16T09:15,0.3,0.2,open-meteo
2026-07-16 09:28:10,Dadar,19.018,72.844,WR/CR,2026-07-16T09:15,0.3,0.2,open-meteo
2026-07-16 09:28:10,Andheri,19.119,72.846,WR,2026-07-16T09:15,0.1,0.1,open-meteo
2026-07-16 09:28:10,Borivali,19.231,72.857,WR,2026-07-16T09:15,0.1,0.1,open-meteo
2026-07-16 09:28:10,Virar,19.455,72.811,WR,,,,open-meteo-ERR
2026-07-16 09:28:10,CSMT,18.94,72.835,CR,2026-07-16T09:15,0.3,0.2,open-meteo
2026-07-16 09:28:10,Sion,19.043,72.862,CR-hotspot,2026-07-16T09:15,0.3,0.2,open-meteo
2026-07-16 09:28:10,Kurla,19.065,72.879,CR-hotspot,2026-07-16T09:15,0.1,0.1,open-meteo
2026-07-16 09:28:10,Thane,19.186,72.975,CR,,,,open-meteo-ERR
2026-07-16 09:28:10,Kalyan,19.243,73.13,CR,2026-07-16T09:30,0.0,0.0,open-meteo
2026-07-16 09:28:10,Chunnabhatti,19.046,72.875,Harbour-hotspot,2026-07-16T09:30,0.3,0.2,open-meteo
2026-07-16 09:28:10,Matunga,19.027,72.852,CR-hotspot,2026-07-16T09:30,0.3,0.2,open-meteo
2026-07-16 11:47:44,Churchgate,18.935,72.827,WR,2026-07-16T11:45,0.0,0.0,open-meteo
2026-07-16 11:47:44,Dadar,19.018,72.844,WR/CR,2026-07-16T11:45,0.0,0.0,open-meteo
2026-07-16 11:47:44,Andheri,19.119,72.846,WR,2026-07-16T11:45,0.0,0.0,open-meteo
2026-07-16 11:47:44,Borivali,19.231,72.857,WR,,,,open-meteo-ERR
2026-07-16 11:47:44,Virar,19.455,72.811,WR,2026-07-16T11:45,0.0,0.0,open-meteo
2026-07-16 11:47:44,CSMT,18.94,72.835,CR,2026-07-16T11:45,0.0,0.0,open-meteo
2026-07-16 11:47:44,Sion,19.043,72.862,CR-hotspot,2026-07-16T11:45,0.0,0.0,open-meteo
2026-07-16 11:47:44,Kurla,19.065,72.879,CR-hotspot,,,,open-meteo-ERR
2026-07-16 11:47:44,Thane,19.186,72.975,CR,2026-07-16T11:45,0.0,0.0,open-meteo
2026-07-16 11:47:44,Kalyan,19.243,73.13,CR,2026-07-16T11:45,0.1,0.0,open-meteo
2026-07-16 11:47:44,Chunnabhatti,19.046,72.875,Harbour-hotspot,2026-07-16T11:45,0.0,0.0,open-meteo
2026-07-16 11:47:44,Matunga,19.027,72.852,CR-hotspot,2026-07-16T11:45,0.0,0.0,open-meteo
2026-07-16 14:09:01,Churchgate,18.935,72.827,WR,2026-07-16T14:00,0.2,0.2,open-meteo
2026-07-16 14:09:01,Dadar,19.018,72.844,WR/CR,2026-07-16T14:00,0.2,0.2,open-meteo
2026-07-16 14:09:01,Andheri,19.119,72.846,WR,2026-07-16T14:00,0.3,0.2,open-meteo
2026-07-16 14:09:01,Borivali,19.231,72.857,WR,2026-07-16T14:00,0.1,0.1,open-meteo
2026-07-16 14:09:01,Virar,19.455,72.811,WR,,,,open-meteo-ERR
2026-07-16 14:09:01,CSMT,18.94,72.835,CR,2026-07-16T14:00,0.2,0.2,open-meteo
2026-07-16 14:09:01,Sion,19.043,72.862,CR-hotspot,2026-07-16T14:00,0.2,0.2,open-meteo
2026-07-16 14:09:01,Kurla,19.065,72.879,CR-hotspot,2026-07-16T14:00,0.3,0.2,open-meteo
2026-07-16 14:09:01,Thane,19.186,72.975,CR,2026-07-16T14:00,0.1,0.1,open-meteo
2026-07-16 14:09:01,Kalyan,19.243,73.13,CR,2026-07-16T14:00,0.0,0.0,open-meteo
2026-07-16 14:09:01,Chunnabhatti,19.046,72.875,Harbour-hotspot,,,,open-meteo-ERR
2026-07-16 14:09:01,Matunga,19.027,72.852,CR-hotspot,2026-07-16T14:00,0.2,0.2,open-meteo
2026-07-16 16:20:22,Churchgate,18.935,72.827,WR,2026-07-16T16:15,0.1,0.0,open-meteo
2026-07-16 16:20:22,Dadar,19.018,72.844,WR/CR,2026-07-16T16:15,0.1,0.0,open-meteo
2026-07-16 16:20:22,Andheri,19.119,72.846,WR,2026-07-16T16:15,0.0,0.0,open-meteo
2026-07-16 16:20:22,Borivali,19.231,72.857,WR,2026-07-16T16:15,0.0,0.0,open-meteo
2026-07-16 16:20:22,Virar,19.455,72.811,WR,,,,open-meteo-ERR
2026-07-16 16:20:22,CSMT,18.94,72.835,CR,2026-07-16T16:15,0.1,0.0,open-meteo
2026-07-16 16:20:22,Sion,19.043,72.862,CR-hotspot,2026-07-16T16:15,0.1,0.0,open-meteo
2026-07-16 16:20:22,Kurla,19.065,72.879,CR-hotspot,2026-07-16T16:15,0.0,0.0,open-meteo
2026-07-16 16:20:22,Thane,19.186,72.975,CR,2026-07-16T16:15,0.1,0.1,open-meteo
2026-07-16 16:20:22,Kalyan,19.243,73.13,CR,2026-07-16T16:15,0.2,0.2,open-meteo
2026-07-16 16:20:22,Chunnabhatti,19.046,72.875,Harbour-hotspot,,,,open-meteo-ERR
2026-07-16 16:20:22,Matunga,19.027,72.852,CR-hotspot,2026-07-16T16:15,0.1,0.0,open-meteo
2026-07-16 17:44:48,Churchgate,18.935,72.827,WR,2026-07-16T17:30,0.0,0.0,open-meteo
2026-07-16 17:44:48,Dadar,19.018,72.844,WR/CR,2026-07-16T17:30,0.0,0.0,open-meteo
2026-07-16 17:44:48,Andheri,19.119,72.846,WR,2026-07-16T17:30,0.1,0.0,open-meteo
2026-07-16 17:44:48,Borivali,19.231,72.857,WR,2026-07-16T17:30,0.1,0.0,open-meteo
2026-07-16 17:44:48,Virar,19.455,72.811,WR,,,,open-meteo-ERR
2026-07-16 17:44:48,CSMT,18.94,72.835,CR,2026-07-16T17:45,0.1,0.1,open-meteo
2026-07-16 17:44:48,Sion,19.043,72.862,CR-hotspot,2026-07-16T17:45,0.1,0.1,open-meteo
2026-07-16 17:44:48,Kurla,19.065,72.879,CR-hotspot,2026-07-16T17:45,0.1,0.0,open-meteo
2026-07-16 17:44:48,Thane,19.186,72.975,CR,2026-07-16T17:45,0.1,0.1,open-meteo
2026-07-16 17:44:48,Kalyan,19.243,73.13,CR,2026-07-16T17:45,0.1,0.0,open-meteo
2026-07-16 17:44:48,Chunnabhatti,19.046,72.875,Harbour-hotspot,,,,open-meteo-ERR
2026-07-16 17:44:48,Matunga,19.027,72.852,CR-hotspot,2026-07-16T17:45,0.1,0.1,open-meteo
2026-07-16 20:00:35,Churchgate,18.935,72.827,WR,2026-07-16T20:00,0.0,0.0,open-meteo
2026-07-16 20:00:35,Dadar,19.018,72.844,WR/CR,2026-07-16T20:00,0.0,0.0,open-meteo
2026-07-16 20:00:35,Andheri,19.119,72.846,WR,2026-07-16T20:00,0.0,0.0,open-meteo
2026-07-16 20:00:35,Borivali,19.231,72.857,WR,2026-07-16T20:00,0.1,0.0,open-meteo
2026-07-16 20:00:35,Virar,19.455,72.811,WR,,,,open-meteo-ERR
2026-07-16 20:00:35,CSMT,18.94,72.835,CR,2026-07-16T20:00,0.0,0.0,open-meteo
2026-07-16 20:00:35,Sion,19.043,72.862,CR-hotspot,2026-07-16T20:00,0.0,0.0,open-meteo
2026-07-16 20:00:35,Kurla,19.065,72.879,CR-hotspot,2026-07-16T20:00,0.0,0.0,open-meteo
2026-07-16 20:00:35,Thane,19.186,72.975,CR,2026-07-16T20:00,0.1,0.1,open-meteo
2026-07-16 20:00:35,Kalyan,19.243,73.13,CR,2026-07-16T20:00,0.0,0.0,open-meteo
2026-07-16 20:00:35,Chunnabhatti,19.046,72.875,Harbour-hotspot,,,,open-meteo-ERR
2026-07-16 20:00:35,Matunga,19.027,72.852,CR-hotspot,2026-07-16T20:00,0.0,0.0,open-meteo
2026-07-16 21:40:49,Churchgate,18.935,72.827,WR,2026-07-16T21:30,0.1,0.1,open-meteo
2026-07-16 21:40:49,Dadar,19.018,72.844,WR/CR,2026-07-16T21:30,0.1,0.1,open-meteo
2026-07-16 21:40:49,Andheri,19.119,72.846,WR,2026-07-16T21:30,0.0,0.0,open-meteo
2026-07-16 21:40:49,Borivali,19.231,72.857,WR,2026-07-16T21:30,0.0,0.0,open-meteo
2026-07-16 21:40:49,Virar,19.455,72.811,WR,,,,open-meteo-ERR
2026-07-16 21:40:49,CSMT,18.94,72.835,CR,2026-07-16T21:30,0.1,0.1,open-meteo
2026-07-16 21:40:49,Sion,19.043,72.862,CR-hotspot,2026-07-16T21:30,0.1,0.1,open-meteo
2026-07-16 21:40:49,Kurla,19.065,72.879,CR-hotspot,2026-07-16T21:30,0.0,0.0,open-meteo
2026-07-16 21:40:49,Thane,19.186,72.975,CR,2026-07-16T21:30,0.1,0.1,open-meteo
2026-07-16 21:40:49,Kalyan,19.243,73.13,CR,,,,open-meteo-ERR
2026-07-16 21:40:49,Chunnabhatti,19.046,72.875,Harbour-hotspot,2026-07-16T21:30,0.1,0.1,open-meteo
2026-07-16 21:40:49,Matunga,19.027,72.852,CR-hotspot,2026-07-16T21:30,0.1,0.1,open-meteo
2026-07-16 23:14:25,Churchgate,18.935,72.827,WR,2026-07-16T23:00,0.1,0.1,open-meteo
2026-07-16 23:14:25,Dadar,19.018,72.844,WR/CR,2026-07-16T23:00,0.1,0.1,open-meteo
2026-07-16 23:14:25,Andheri,19.119,72.846,WR,2026-07-16T23:00,0.1,0.1,open-meteo
2026-07-16 23:14:25,Borivali,19.231,72.857,WR,2026-07-16T23:00,0.1,0.1,open-meteo
2026-07-16 23:14:25,Virar,19.455,72.811,WR,2026-07-16T23:15,0.1,0.1,open-meteo
2026-07-16 23:14:25,CSMT,18.94,72.835,CR,2026-07-16T23:15,0.1,0.1,open-meteo
2026-07-16 23:14:25,Sion,19.043,72.862,CR-hotspot,2026-07-16T23:15,0.1,0.1,open-meteo
2026-07-16 23:14:25,Kurla,19.065,72.879,CR-hotspot,2026-07-16T23:15,0.1,0.1,open-meteo
2026-07-16 23:14:25,Thane,19.186,72.975,CR,,,,open-meteo-ERR
2026-07-16 23:14:25,Kalyan,19.243,73.13,CR,2026-07-16T23:15,0.1,0.1,open-meteo
2026-07-16 23:14:25,Chunnabhatti,19.046,72.875,Harbour-hotspot,2026-07-16T23:15,0.1,0.1,open-meteo
2026-07-16 23:14:25,Matunga,19.027,72.852,CR-hotspot,2026-07-16T23:15,0.1,0.1,open-meteo
2026-07-17 00:27:58,Churchgate,18.935,72.827,WR,2026-07-17T00:15,0.1,0.1,open-meteo
2026-07-17 00:27:58,Dadar,19.018,72.844,WR/CR,2026-07-17T00:15,0.1,0.1,open-meteo
2026-07-17 00:27:58,Andheri,19.119,72.846,WR,2026-07-17T00:15,0.2,0.1,open-meteo
2026-07-17 00:27:58,Borivali,19.231,72.857,WR,2026-07-17T00:15,0.1,0.1,open-meteo
2026-07-17 00:27:58,Virar,19.455,72.811,WR,,,,open-meteo-ERR
2026-07-17 00:27:58,CSMT,18.94,72.835,CR,2026-07-17T00:15,0.1,0.1,open-meteo
2026-07-17 00:27:58,Sion,19.043,72.862,CR-hotspot,2026-07-17T00:15,0.1,0.1,open-meteo
2026-07-17 00:27:58,Kurla,19.065,72.879,CR-hotspot,2026-07-17T00:15,0.2,0.1,open-meteo
2026-07-17 00:27:58,Thane,19.186,72.975,CR,2026-07-17T00:15,0.1,0.1,open-meteo
2026-07-17 00:27:58,Kalyan,19.243,73.13,CR,2026-07-17T00:15,0.1,0.1,open-meteo
2026-07-17 00:27:58,Chunnabhatti,19.046,72.875,Harbour-hotspot,,,,open-meteo-ERR
2026-07-17 00:27:58,Matunga,19.027,72.852,CR-hotspot,2026-07-17T00:30,0.1,0.1,open-meteo
2026-07-17 01:32:26,Churchgate,18.935,72.827,WR,2026-07-17T01:30,0.2,0.1,open-meteo
2026-07-17 01:32:26,Dadar,19.018,72.844,WR/CR,2026-07-17T01:30,0.2,0.1,open-meteo
2026-07-17 01:32:26,Andheri,19.119,72.846,WR,2026-07-17T01:30,0.2,0.1,open-meteo
2026-07-17 01:32:26,Borivali,19.231,72.857,WR,2026-07-17T01:30,0.2,0.1,open-meteo
2026-07-17 01:32:26,Virar,19.455,72.811,WR,,,,open-meteo-ERR
2026-07-17 01:32:26,CSMT,18.94,72.835,CR,2026-07-17T01:30,0.2,0.1,open-meteo
2026-07-17 01:32:26,Sion,19.043,72.862,CR-hotspot,2026-07-17T01:30,0.2,0.1,open-meteo
2026-07-17 01:32:26,Kurla,19.065,72.879,CR-hotspot,2026-07-17T01:30,0.2,0.1,open-meteo
2026-07-17 01:32:26,Thane,19.186,72.975,CR,,,,open-meteo-ERR
2026-07-17 01:32:26,Kalyan,19.243,73.13,CR,2026-07-17T01:30,0.0,0.0,open-meteo
2026-07-17 01:32:26,Chunnabhatti,19.046,72.875,Harbour-hotspot,2026-07-17T01:30,0.2,0.1,open-meteo
2026-07-17 01:32:26,Matunga,19.027,72.852,CR-hotspot,2026-07-17T01:30,0.2,0.1,open-meteo
2026-07-17 03:00:14,Churchgate,18.935,72.827,WR,2026-07-17T03:00,0.2,0.2,open-meteo
2026-07-17 03:00:14,Dadar,19.018,72.844,WR/CR,2026-07-17T03:00,0.2,0.2,open-meteo
2026-07-17 03:00:14,Andheri,19.119,72.846,WR,2026-07-17T03:00,0.2,0.2,open-meteo
2026-07-17 03:00:14,Borivali,19.231,72.857,WR,2026-07-17T03:00,0.3,0.3,open-meteo
2026-07-17 03:00:14,Virar,19.455,72.811,WR,,,,open-meteo-ERR
2026-07-17 03:00:14,CSMT,18.94,72.835,CR,2026-07-17T03:00,0.2,0.2,open-meteo
2026-07-17 03:00:14,Sion,19.043,72.862,CR-hotspot,2026-07-17T03:00,0.2,0.2,open-meteo
2026-07-17 03:00:14,Kurla,19.065,72.879,CR-hotspot,2026-07-17T03:00,0.2,0.2,open-meteo
2026-07-17 03:00:14,Thane,19.186,72.975,CR,2026-07-17T03:00,0.1,0.1,open-meteo
2026-07-17 03:00:14,Kalyan,19.243,73.13,CR,,,,open-meteo-ERR
2026-07-17 03:00:14,Chunnabhatti,19.046,72.875,Harbour-hotspot,2026-07-17T03:00,0.2,0.2,open-meteo
2026-07-17 03:00:14,Matunga,19.027,72.852,CR-hotspot,2026-07-17T03:00,0.2,0.2,open-meteo
2026-07-17 04:00:18,Churchgate,18.935,72.827,WR,2026-07-17T04:00,0.2,0.2,open-meteo
2026-07-17 04:00:18,Dadar,19.018,72.844,WR/CR,2026-07-17T04:00,0.2,0.2,open-meteo
2026-07-17 04:00:18,Andheri,19.119,72.846,WR,2026-07-17T04:00,0.2,0.2,open-meteo
2026-07-17 04:00:18,Borivali,19.231,72.857,WR,2026-07-17T04:00,0.2,0.1,open-meteo
2026-07-17 04:00:18,Virar,19.455,72.811,WR,,,,open-meteo-ERR
2026-07-17 04:00:18,CSMT,18.94,72.835,CR,2026-07-17T04:00,0.2,0.2,open-meteo
2026-07-17 04:00:18,Sion,19.043,72.862,CR-hotspot,2026-07-17T04:00,0.2,0.2,open-meteo
2026-07-17 04:00:18,Kurla,19.065,72.879,CR-hotspot,2026-07-17T04:00,0.2,0.2,open-meteo
2026-07-17 04:00:18,Thane,19.186,72.975,CR,2026-07-17T04:00,0.1,0.1,open-meteo
2026-07-17 04:00:18,Kalyan,19.243,73.13,CR,2026-07-17T04:00,0.0,0.0,open-meteo
2026-07-17 04:00:18,Chunnabhatti,19.046,72.875,Harbour-hotspot,,,,open-meteo-ERR
2026-07-17 04:00:18,Matunga,19.027,72.852,CR-hotspot,2026-07-17T04:00,0.2,0.2,open-meteo
2026-07-17 05:21:49,Churchgate,18.935,72.827,WR,2026-07-17T05:15,0.2,0.1,open-meteo
2026-07-17 05:21:49,Dadar,19.018,72.844,WR/CR,2026-07-17T05:15,0.2,0.1,open-meteo
2026-07-17 05:21:49,Andheri,19.119,72.846,WR,2026-07-17T05:15,0.2,0.1,open-meteo
2026-07-17 05:21:49,Borivali,19.231,72.857,WR,,,,open-meteo-ERR
2026-07-17 05:21:49,Virar,19.455,72.811,WR,2026-07-17T05:15,0.3,0.2,open-meteo
2026-07-17 05:21:49,CSMT,18.94,72.835,CR,2026-07-17T05:15,0.2,0.1,open-meteo
2026-07-17 05:21:49,Sion,19.043,72.862,CR-hotspot,2026-07-17T05:15,0.2,0.1,open-meteo
2026-07-17 05:21:49,Kurla,19.065,72.879,CR-hotspot,,,,open-meteo-ERR
2026-07-17 05:21:49,Thane,19.186,72.975,CR,2026-07-17T05:15,0.1,0.1,open-meteo
2026-07-17 05:21:49,Kalyan,19.243,73.13,CR,2026-07-17T05:15,0.0,0.0,open-meteo
2026-07-17 05:21:49,Chunnabhatti,19.046,72.875,Harbour-hotspot,2026-07-17T05:15,0.2,0.1,open-meteo
2026-07-17 05:21:49,Matunga,19.027,72.852,CR-hotspot,2026-07-17T05:15,0.2,0.1,open-meteo
2026-07-17 07:23:26,Churchgate,18.935,72.827,WR,2026-07-17T07:15,0.1,0.1,open-meteo
2026-07-17 07:23:26,Dadar,19.018,72.844,WR/CR,2026-07-17T07:15,0.1,0.1,open-meteo
2026-07-17 07:23:26,Andheri,19.119,72.846,WR,2026-07-17T07:15,0.1,0.1,open-meteo
2026-07-17 07:23:26,Borivali,19.231,72.857,WR,2026-07-17T07:15,0.3,0.2,open-meteo
2026-07-17 07:23:26,Virar,19.455,72.811,WR,,,,open-meteo-ERR
2026-07-17 07:23:26,CSMT,18.94,72.835,CR,2026-07-17T07:15,0.1,0.1,open-meteo
2026-07-17 07:23:26,Sion,19.043,72.862,CR-hotspot,2026-07-17T07:15,0.1,0.1,open-meteo
2026-07-17 07:23:26,Kurla,19.065,72.879,CR-hotspot,2026-07-17T07:15,0.1,0.1,open-meteo
2026-07-17 07:23:26,Thane,19.186,72.975,CR,2026-07-17T07:15,0.1,0.1,open-meteo
2026-07-17 07:23:26,Kalyan,19.243,73.13,CR,,,,open-meteo-ERR
2026-07-17 07:23:26,Chunnabhatti,19.046,72.875,Harbour-hotspot,2026-07-17T07:15,0.1,0.1,open-meteo
2026-07-17 07:23:26,Matunga,19.027,72.852,CR-hotspot,2026-07-17T07:15,0.1,0.1,open-meteo
2026-07-17 10:26:24,Churchgate,18.935,72.827,WR,2026-07-17T10:15,0.1,0.0,open-meteo
2026-07-17 10:26:24,Dadar,19.018,72.844,WR/CR,2026-07-17T10:15,0.1,0.0,open-meteo
2026-07-17 10:26:24,Andheri,19.119,72.846,WR,2026-07-17T10:15,0.2,0.1,open-meteo
2026-07-17 10:26:24,Borivali,19.231,72.857,WR,2026-07-17T10:15,0.4,0.1,open-meteo
2026-07-17 10:26:24,Virar,19.455,72.811,WR,,,,open-meteo-ERR
2026-07-17 10:26:24,CSMT,18.94,72.835,CR,2026-07-17T10:15,0.1,0.0,open-meteo
2026-07-17 10:26:24,Sion,19.043,72.862,CR-hotspot,2026-07-17T10:15,0.1,0.0,open-meteo
2026-07-17 10:26:24,Kurla,19.065,72.879,CR-hotspot,2026-07-17T10:15,0.2,0.1,open-meteo
2026-07-17 10:26:24,Thane,19.186,72.975,CR,2026-07-17T10:15,0.1,0.1,open-meteo
2026-07-17 10:26:24,Kalyan,19.243,73.13,CR,2026-07-17T10:15,0.1,0.1,open-meteo
2026-07-17 10:26:24,Chunnabhatti,19.046,72.875,Harbour-hotspot,,,,open-meteo-ERR
2026-07-17 10:26:24,Matunga,19.027,72.852,CR-hotspot,2026-07-17T10:15,0.1,0.0,open-meteo
2026-07-17 12:43:15,Churchgate,18.935,72.827,WR,2026-07-17T12:30,0.3,0.1,open-meteo
2026-07-17 12:43:15,Dadar,19.018,72.844,WR/CR,2026-07-17T12:30,0.3,0.1,open-meteo
2026-07-17 12:43:15,Andheri,19.119,72.846,WR,2026-07-17T12:30,0.2,0.2,open-meteo
2026-07-17 12:43:15,Borivali,19.231,72.857,WR,2026-07-17T12:30,0.3,0.2,open-meteo
2026-07-17 12:43:15,Virar,19.455,72.811,WR,,,,open-meteo-ERR
2026-07-17 12:43:15,CSMT,18.94,72.835,CR,2026-07-17T12:30,0.3,0.1,open-meteo
2026-07-17 12:43:15,Sion,19.043,72.862,CR-hotspot,2026-07-17T12:45,0.1,0.1,open-meteo
2026-07-17 12:43:15,Kurla,19.065,72.879,CR-hotspot,2026-07-17T12:45,0.1,0.1,open-meteo
2026-07-17 12:43:15,Thane,19.186,72.975,CR,2026-07-17T12:45,0.0,0.0,open-meteo
2026-07-17 12:43:15,Kalyan,19.243,73.13,CR,2026-07-17T12:45,0.1,0.1,open-meteo
2026-07-17 12:43:15,Chunnabhatti,19.046,72.875,Harbour-hotspot,,,,open-meteo-ERR
2026-07-17 12:43:15,Matunga,19.027,72.852,CR-hotspot,2026-07-17T12:45,0.1,0.1,open-meteo
2026-07-17 14:55:56,Churchgate,18.935,72.827,WR,2026-07-17T14:45,0.3,0.1,open-meteo
2026-07-17 14:55:56,Dadar,19.018,72.844,WR/CR,2026-07-17T14:45,0.3,0.1,open-meteo
2026-07-17 14:55:56,Andheri,19.119,72.846,WR,2026-07-17T14:45,0.4,0.1,open-meteo
2026-07-17 14:55:56,Borivali,19.231,72.857,WR,,,,open-meteo-ERR
2026-07-17 14:55:56,Virar,19.455,72.811,WR,2026-07-17T14:45,0.1,0.1,open-meteo
2026-07-17 14:55:56,CSMT,18.94,72.835,CR,2026-07-17T14:45,0.3,0.1,open-meteo
2026-07-17 14:55:56,Sion,19.043,72.862,CR-hotspot,2026-07-17T14:45,0.3,0.1,open-meteo
2026-07-17 14:55:56,Kurla,19.065,72.879,CR-hotspot,2026-07-17T14:45,0.4,0.1,open-meteo
2026-07-17 14:55:56,Thane,19.186,72.975,CR,,,,open-meteo-ERR
2026-07-17 14:55:56,Kalyan,19.243,73.13,CR,2026-07-17T14:45,0.6,0.1,open-meteo
2026-07-17 14:55:56,Chunnabhatti,19.046,72.875,Harbour-hotspot,2026-07-17T14:45,0.3,0.1,open-meteo
2026-07-17 14:55:56,Matunga,19.027,72.852,CR-hotspot,2026-07-17T14:45,0.3,0.1,open-meteo
2026-07-17 16:33:29,Churchgate,18.935,72.827,WR,2026-07-17T16:30,0.2,0.2,open-meteo
2026-07-17 16:33:29,Dadar,19.018,72.844,WR/CR,2026-07-17T16:30,0.2,0.2,open-meteo
2026-07-17 16:33:29,Andheri,19.119,72.846,WR,2026-07-17T16:30,0.4,0.2,open-meteo
2026-07-17 16:33:29,Borivali,19.231,72.857,WR,2026-07-17T16:30,0.2,0.1,open-meteo
2026-07-17 16:33:29,Virar,19.455,72.811,WR,2026-07-17T16:30,0.1,0.1,open-meteo
2026-07-17 16:33:29,CSMT,18.94,72.835,CR,2026-07-17T16:30,0.2,0.2,open-meteo
2026-07-17 16:33:29,Sion,19.043,72.862,CR-hotspot,2026-07-17T16:30,0.2,0.2,open-meteo
2026-07-17 16:33:29,Kurla,19.065,72.879,CR-hotspot,2026-07-17T16:30,0.4,0.2,open-meteo
2026-07-17 16:33:29,Thane,19.186,72.975,CR,2026-07-17T16:30,0.4,0.1,open-meteo
2026-07-17 16:33:29,Kalyan,19.243,73.13,CR,,,,open-meteo-ERR
2026-07-17 16:33:29,Chunnabhatti,19.046,72.875,Harbour-hotspot,2026-07-17T16:30,0.2,0.2,open-meteo
2026-07-17 16:33:29,Matunga,19.027,72.852,CR-hotspot,2026-07-17T16:30,0.2,0.2,open-meteo
2026-07-17 18:10:02,Churchgate,18.935,72.827,WR,2026-07-17T18:00,0.1,0.1,open-meteo
2026-07-17 18:10:02,Dadar,19.018,72.844,WR/CR,2026-07-17T18:00,0.1,0.1,open-meteo
2026-07-17 18:10:02,Andheri,19.119,72.846,WR,2026-07-17T18:00,0.1,0.1,open-meteo
2026-07-17 18:10:02,Borivali,19.231,72.857,WR,2026-07-17T18:00,0.2,0.2,open-meteo
2026-07-17 18:10:02,Virar,19.455,72.811,WR,,,,open-meteo-ERR
2026-07-17 18:10:02,CSMT,18.94,72.835,CR,2026-07-17T18:00,0.1,0.1,open-meteo
2026-07-17 18:10:02,Sion,19.043,72.862,CR-hotspot,2026-07-17T18:00,0.1,0.1,open-meteo
2026-07-17 18:10:02,Kurla,19.065,72.879,CR-hotspot,2026-07-17T18:00,0.1,0.1,open-meteo
2026-07-17 18:10:02,Thane,19.186,72.975,CR,2026-07-17T18:00,0.0,0.0,open-meteo
2026-07-17 18:10:02,Kalyan,19.243,73.13,CR,2026-07-17T18:00,0.5,0.1,open-meteo
2026-07-17 18:10:02,Chunnabhatti,19.046,72.875,Harbour-hotspot,,,,open-meteo-ERR
2026-07-17 18:10:02,Matunga,19.027,72.852,CR-hotspot,2026-07-17T18:00,0.1,0.1,open-meteo
2026-07-17 19:55:42,Churchgate,18.935,72.827,WR,2026-07-17T19:45,0.1,0.1,open-meteo
2026-07-17 19:55:42,Dadar,19.018,72.844,WR/CR,2026-07-17T19:45,0.1,0.1,open-meteo
2026-07-17 19:55:42,Andheri,19.119,72.846,WR,2026-07-17T19:45,0.1,0.1,open-meteo
2026-07-17 19:55:42,Borivali,19.231,72.857,WR,2026-07-17T19:45,0.1,0.1,open-meteo
2026-07-17 19:55:42,Virar,19.455,72.811,WR,,,,open-meteo-ERR
2026-07-17 19:55:42,CSMT,18.94,72.835,CR,2026-07-17T19:45,0.1,0.1,open-meteo
2026-07-17 19:55:42,Sion,19.043,72.862,CR-hotspot,2026-07-17T19:45,0.1,0.1,open-meteo
2026-07-17 19:55:42,Kurla,19.065,72.879,CR-hotspot,2026-07-17T19:45,0.1,0.1,open-meteo
2026-07-17 19:55:42,Thane,19.186,72.975,CR,2026-07-17T19:45,0.1,0.1,open-meteo
2026-07-17 19:55:42,Kalyan,19.243,73.13,CR,2026-07-17T19:45,0.0,0.0,open-meteo
2026-07-17 19:55:42,Chunnabhatti,19.046,72.875,Harbour-hotspot,,,,open-meteo-ERR
2026-07-17 19:55:42,Matunga,19.027,72.852,CR-hotspot,2026-07-17T19:45,0.1,0.1,open-meteo
2026-07-17 21:23:33,Churchgate,18.935,72.827,WR,2026-07-17T21:15,0.0,0.0,open-meteo
2026-07-17 21:23:33,Dadar,19.018,72.844,WR/CR,2026-07-17T21:15,0.0,0.0,open-meteo
2026-07-17 21:23:33,Andheri,19.119,72.846,WR,2026-07-17T21:15,0.0,0.0,open-meteo
2026-07-17 21:23:33,Borivali,19.231,72.857,WR,,,,open-meteo-ERR
2026-07-17 21:23:33,Virar,19.455,72.811,WR,2026-07-17T21:15,0.2,0.2,open-meteo
2026-07-17 21:23:33,CSMT,18.94,72.835,CR,2026-07-17T21:15,0.0,0.0,open-meteo
2026-07-17 21:23:33,Sion,19.043,72.862,CR-hotspot,2026-07-17T21:15,0.0,0.0,open-meteo
2026-07-17 21:23:33,Kurla,19.065,72.879,CR-hotspot,,,,open-meteo-ERR
2026-07-17 21:23:33,Thane,19.186,72.975,CR,2026-07-17T21:15,0.0,0.0,open-meteo
2026-07-17 21:23:33,Kalyan,19.243,73.13,CR,2026-07-17T21:15,0.0,0.0,open-meteo
2026-07-17 21:23:33,Chunnabhatti,19.046,72.875,Harbour-hotspot,2026-07-17T21:15,0.0,0.0,open-meteo
2026-07-17 21:23:33,Matunga,19.027,72.852,CR-hotspot,2026-07-17T21:15,0.0,0.0,open-meteo
2026-07-17 22:32:11,Churchgate,18.935,72.827,WR,2026-07-17T22:30,0.1,0.0,open-meteo
2026-07-17 22:32:11,Dadar,19.018,72.844,WR/CR,2026-07-17T22:30,0.1,0.0,open-meteo
2026-07-17 22:32:11,Andheri,19.119,72.846,WR,2026-07-17T22:30,0.1,0.1,open-meteo
2026-07-17 22:32:11,Borivali,19.231,72.857,WR,2026-07-17T22:30,0.2,0.2,open-meteo
2026-07-17 22:32:11,Virar,19.455,72.811,WR,,,,open-meteo-ERR
2026-07-17 22:32:11,CSMT,18.94,72.835,CR,2026-07-17T22:30,0.1,0.0,open-meteo
2026-07-17 22:32:11,Sion,19.043,72.862,CR-hotspot,2026-07-17T22:30,0.1,0.0,open-meteo
2026-07-17 22:32:11,Kurla,19.065,72.879,CR-hotspot,2026-07-17T22:30,0.1,0.1,open-meteo
2026-07-17 22:32:11,Thane,19.186,72.975,CR,2026-07-17T22:30,0.2,0.1,open-meteo
2026-07-17 22:32:11,Kalyan,19.243,73.13,CR,,,,open-meteo-ERR
2026-07-17 22:32:11,Chunnabhatti,19.046,72.875,Harbour-hotspot,2026-07-17T22:30,0.1,0.0,open-meteo
2026-07-17 22:32:11,Matunga,19.027,72.852,CR-hotspot,2026-07-17T22:30,0.1,0.0,open-meteo
2026-07-18 00:01:47,Churchgate,18.935,72.827,WR,2026-07-18T00:00,0.1,0.1,open-meteo
2026-07-18 00:01:47,Dadar,19.018,72.844,WR/CR,2026-07-18T00:00,0.1,0.1,open-meteo
2026-07-18 00:01:47,Andheri,19.119,72.846,WR,2026-07-18T00:00,0.2,0.2,open-meteo
2026-07-18 00:01:47,Borivali,19.231,72.857,WR,,,,open-meteo-ERR
2026-07-18 00:01:47,Virar,19.455,72.811,WR,2026-07-18T00:00,0.0,0.0,open-meteo
2026-07-18 00:01:47,CSMT,18.94,72.835,CR,2026-07-18T00:00,0.1,0.1,open-meteo
2026-07-18 00:01:47,Sion,19.043,72.862,CR-hotspot,2026-07-18T00:00,0.1,0.1,open-meteo
2026-07-18 00:01:47,Kurla,19.065,72.879,CR-hotspot,2026-07-18T00:00,0.2,0.2,open-meteo
2026-07-18 00:01:47,Thane,19.186,72.975,CR,2026-07-18T00:00,0.1,0.1,open-meteo
2026-07-18 00:01:47,Kalyan,19.243,73.13,CR,2026-07-18T00:00,0.0,0.0,open-meteo
2026-07-18 00:01:47,Chunnabhatti,19.046,72.875,Harbour-hotspot,2026-07-18T00:00,0.1,0.1,open-meteo
2026-07-18 00:01:47,Matunga,19.027,72.852,CR-hotspot,,,,open-meteo-ERR
2026-07-18 01:29:36,Churchgate,18.935,72.827,WR,2026-07-18T01:15,0.3,0.1,open-meteo
2026-07-18 01:29:36,Dadar,19.018,72.844,WR/CR,2026-07-18T01:15,0.3,0.1,open-meteo
2026-07-18 01:29:36,Andheri,19.119,72.846,WR,2026-07-18T01:15,0.5,0.4,open-meteo
2026-07-18 01:29:36,Borivali,19.231,72.857,WR,2026-07-18T01:15,0.5,0.1,open-meteo
2026-07-18 01:29:36,Virar,19.455,72.811,WR,,,,open-meteo-ERR
2026-07-18 01:29:36,CSMT,18.94,72.835,CR,2026-07-18T01:30,0.3,0.1,open-meteo
2026-07-18 01:29:36,Sion,19.043,72.862,CR-hotspot,2026-07-18T01:30,0.3,0.1,open-meteo
2026-07-18 01:29:36,Kurla,19.065,72.879,CR-hotspot,2026-07-18T01:30,0.5,0.4,open-meteo
2026-07-18 01:29:36,Thane,19.186,72.975,CR,2026-07-18T01:30,0.1,0.1,open-meteo
2026-07-18 01:29:36,Kalyan,19.243,73.13,CR,2026-07-18T01:30,0.1,0.0,open-meteo
2026-07-18 01:29:36,Chunnabhatti,19.046,72.875,Harbour-hotspot,2026-07-18T01:30,0.3,0.1,open-meteo
2026-07-18 01:29:36,Matunga,19.027,72.852,CR-hotspot,,,,open-meteo-ERR
2026-07-18 02:29:40,Churchgate,18.935,72.827,WR,2026-07-18T02:15,0.2,0.1,open-meteo
2026-07-18 02:29:40,Dadar,19.018,72.844,WR/CR,2026-07-18T02:15,0.2,0.1,open-meteo
2026-07-18 02:29:40,Andheri,19.119,72.846,WR,2026-07-18T02:15,0.4,0.3,open-meteo
2026-07-18 02:29:40,Borivali,19.231,72.857,WR,,,,open-meteo-ERR
2026-07-18 02:29:40,Virar,19.455,72.811,WR,2026-07-18T02:30,0.2,0.2,open-meteo
2026-07-18 02:29:40,CSMT,18.94,72.835,CR,2026-07-18T02:30,0.2,0.1,open-meteo
2026-07-18 02:29:40,Sion,19.043,72.862,CR-hotspot,2026-07-18T02:30,0.2,0.1,open-meteo
2026-07-18 02:29:40,Kurla,19.065,72.879,CR-hotspot,,,,open-meteo-ERR
2026-07-18 02:29:40,Thane,19.186,72.975,CR,2026-07-18T02:30,0.1,0.1,open-meteo
2026-07-18 02:29:40,Kalyan,19.243,73.13,CR,2026-07-18T02:30,0.1,0.1,open-meteo
2026-07-18 02:29:40,Chunnabhatti,19.046,72.875,Harbour-hotspot,2026-07-18T02:30,0.2,0.1,open-meteo
2026-07-18 02:29:40,Matunga,19.027,72.852,CR-hotspot,,,,open-meteo-ERR
2026-07-18 03:26:28,Churchgate,18.935,72.827,WR,2026-07-18T03:15,0.2,0.1,open-meteo
2026-07-18 03:26:28,Dadar,19.018,72.844,WR/CR,2026-07-18T03:15,0.2,0.1,open-meteo
2026-07-18 03:26:28,Andheri,19.119,72.846,WR,2026-07-18T03:15,0.1,0.0,open-meteo
2026-07-18 03:26:28,Borivali,19.231,72.857,WR,2026-07-18T03:15,0.3,0.1,open-meteo
2026-07-18 03:26:28,Virar,19.455,72.811,WR,,,,open-meteo-ERR
2026-07-18 03:26:28,CSMT,18.94,72.835,CR,2026-07-18T03:15,0.2,0.1,open-meteo
2026-07-18 03:26:28,Sion,19.043,72.862,CR-hotspot,2026-07-18T03:15,0.2,0.1,open-meteo
2026-07-18 03:26:28,Kurla,19.065,72.879,CR-hotspot,2026-07-18T03:15,0.1,0.0,open-meteo
2026-07-18 03:26:28,Thane,19.186,72.975,CR,2026-07-18T03:15,0.3,0.3,open-meteo
2026-07-18 03:26:28,Kalyan,19.243,73.13,CR,,,,open-meteo-ERR
2026-07-18 03:26:28,Chunnabhatti,19.046,72.875,Harbour-hotspot,2026-07-18T03:15,0.2,0.1,open-meteo
2026-07-18 03:26:28,Matunga,19.027,72.852,CR-hotspot,2026-07-18T03:15,0.2,0.1,open-meteo
2026-07-18 04:13:29,Churchgate,18.935,72.827,WR,2026-07-18T04:00,0.2,0.2,open-meteo
2026-07-18 04:13:29,Dadar,19.018,72.844,WR/CR,2026-07-18T04:00,0.2,0.2,open-meteo
2026-07-18 04:13:29,Andheri,19.119,72.846,WR,2026-07-18T04:00,0.2,0.2,open-meteo
2026-07-18 04:13:29,Borivali,19.231,72.857,WR,2026-07-18T04:00,0.2,0.2,open-meteo
2026-07-18 04:13:29,Virar,19.455,72.811,WR,2026-07-18T04:00,0.2,0.2,open-meteo
2026-07-18 04:13:29,CSMT,18.94,72.835,CR,2026-07-18T04:00,0.2,0.2,open-meteo
2026-07-18 04:13:29,Sion,19.043,72.862,CR-hotspot,2026-07-18T04:00,0.2,0.2,open-meteo
2026-07-18 04:13:29,Kurla,19.065,72.879,CR-hotspot,2026-07-18T04:00,0.2,0.2,open-meteo
2026-07-18 04:13:29,Thane,19.186,72.975,CR,2026-07-18T04:00,0.1,0.0,open-meteo
2026-07-18 04:13:29,Kalyan,19.243,73.13,CR,2026-07-18T04:00,0.1,0.1,open-meteo
2026-07-18 04:13:29,Chunnabhatti,19.046,72.875,Harbour-hotspot,2026-07-18T04:00,0.2,0.2,open-meteo
2026-07-18 04:13:29,Matunga,19.027,72.852,CR-hotspot,2026-07-18T04:00,0.2,0.2,open-meteo
2026-07-18 05:13:48,Churchgate,18.935,72.827,WR,2026-07-18T05:00,0.2,0.2,open-meteo
2026-07-18 05:13:48,Dadar,19.018,72.844,WR/CR,2026-07-18T05:00,0.2,0.2,open-meteo
2026-07-18 05:13:48,Andheri,19.119,72.846,WR,2026-07-18T05:00,0.2,0.2,open-meteo
2026-07-18 05:13:48,Borivali,19.231,72.857,WR,2026-07-18T05:00,0.1,0.1,open-meteo
2026-07-18 05:13:48,Virar,19.455,72.811,WR,2026-07-18T05:00,0.2,0.2,open-meteo
2026-07-18 05:13:48,CSMT,18.94,72.835,CR,2026-07-18T05:00,0.2,0.2,open-meteo
2026-07-18 05:13:48,Sion,19.043,72.862,CR-hotspot,2026-07-18T05:00,0.2,0.2,open-meteo
2026-07-18 05:13:48,Kurla,19.065,72.879,CR-hotspot,2026-07-18T05:00,0.2,0.2,open-meteo
2026-07-18 05:13:48,Thane,19.186,72.975,CR,2026-07-18T05:00,0.0,0.0,open-meteo
2026-07-18 05:13:48,Kalyan,19.243,73.13,CR,2026-07-18T05:00,0.0,0.0,open-meteo
2026-07-18 05:13:48,Chunnabhatti,19.046,72.875,Harbour-hotspot,2026-07-18T05:00,0.2,0.2,open-meteo
2026-07-18 05:13:48,Matunga,19.027,72.852,CR-hotspot,,,,open-meteo-ERR
2026-07-18 07:13:58,Churchgate,18.935,72.827,WR,2026-07-18T07:00,0.5,0.3,open-meteo
2026-07-18 07:13:58,Dadar,19.018,72.844,WR/CR,2026-07-18T07:00,0.5,0.3,open-meteo
2026-07-18 07:13:58,Andheri,19.119,72.846,WR,2026-07-18T07:00,0.4,0.2,open-meteo
2026-07-18 07:13:58,Borivali,19.231,72.857,WR,,,,open-meteo-ERR
2026-07-18 07:13:58,Virar,19.455,72.811,WR,2026-07-18T07:15,0.4,0.3,open-meteo
2026-07-18 07:13:58,CSMT,18.94,72.835,CR,2026-07-18T07:15,0.5,0.3,open-meteo
2026-07-18 07:13:58,Sion,19.043,72.862,CR-hotspot,2026-07-18T07:15,0.5,0.3,open-meteo
2026-07-18 07:13:58,Kurla,19.065,72.879,CR-hotspot,,,,open-meteo-ERR
2026-07-18 07:13:58,Thane,19.186,72.975,CR,2026-07-18T07:15,0.2,0.2,open-meteo
2026-07-18 07:13:58,Kalyan,19.243,73.13,CR,2026-07-18T07:15,0.1,0.0,open-meteo
2026-07-18 07:13:58,Chunnabhatti,19.046,72.875,Harbour-hotspot,2026-07-18T07:15,0.5,0.3,open-meteo
2026-07-18 07:13:58,Matunga,19.027,72.852,CR-hotspot,,,,open-meteo-ERR
2026-07-18 10:10:59,Churchgate,18.935,72.827,WR,2026-07-18T10:00,0.3,0.1,open-meteo
2026-07-18 10:10:59,Dadar,19.018,72.844,WR/CR,2026-07-18T10:00,0.3,0.1,open-meteo
2026-07-18 10:10:59,Andheri,19.119,72.846,WR,2026-07-18T10:00,0.5,0.1,open-meteo
2026-07-18 10:10:59,Borivali,19.231,72.857,WR,2026-07-18T10:00,0.3,0.0,open-meteo
2026-07-18 10:10:59,Virar,19.455,72.811,WR,,,,open-meteo-ERR
2026-07-18 10:10:59,CSMT,18.94,72.835,CR,2026-07-18T10:00,0.3,0.1,open-meteo
2026-07-18 10:10:59,Sion,19.043,72.862,CR-hotspot,2026-07-18T10:00,0.3,0.1,open-meteo
2026-07-18 10:10:59,Kurla,19.065,72.879,CR-hotspot,2026-07-18T10:00,0.5,0.1,open-meteo
2026-07-18 10:10:59,Thane,19.186,72.975,CR,2026-07-18T10:00,0.0,0.0,open-meteo
2026-07-18 10:10:59,Kalyan,19.243,73.13,CR,2026-07-18T10:00,0.0,0.0,open-meteo
2026-07-18 10:10:59,Chunnabhatti,19.046,72.875,Harbour-hotspot,,,,open-meteo-ERR
2026-07-18 10:10:59,Matunga,19.027,72.852,CR-hotspot,2026-07-18T10:00,0.3,0.1,open-meteo
2026-07-18 12:24:38,Churchgate,18.935,72.827,WR,2026-07-18T12:15,0.0,0.0,open-meteo
2026-07-18 12:24:38,Dadar,19.018,72.844,WR/CR,2026-07-18T12:15,0.0,0.0,open-meteo
2026-07-18 12:24:38,Andheri,19.119,72.846,WR,2026-07-18T12:15,0.0,0.0,open-meteo
2026-07-18 12:24:38,Borivali,19.231,72.857,WR,,,,open-meteo-ERR
2026-07-18 12:24:38,Virar,19.455,72.811,WR,2026-07-18T12:15,0.0,0.0,open-meteo
2026-07-18 12:24:38,CSMT,18.94,72.835,CR,2026-07-18T12:15,0.0,0.0,open-meteo
2026-07-18 12:24:38,Sion,19.043,72.862,CR-hotspot,2026-07-18T12:15,0.0,0.0,open-meteo
2026-07-18 12:24:38,Kurla,19.065,72.879,CR-hotspot,2026-07-18T12:15,0.0,0.0,open-meteo
2026-07-18 12:24:38,Thane,19.186,72.975,CR,,,,open-meteo-ERR
2026-07-18 12:24:38,Kalyan,19.243,73.13,CR,2026-07-18T12:15,0.0,0.0,open-meteo
2026-07-18 12:24:38,Chunnabhatti,19.046,72.875,Harbour-hotspot,2026-07-18T12:15,0.0,0.0,open-meteo
2026-07-18 12:24:38,Matunga,19.027,72.852,CR-hotspot,2026-07-18T12:15,0.0,0.0,open-meteo
2026-07-18 14:13:49,Churchgate,18.935,72.827,WR,2026-07-18T14:00,0.1,0.1,open-meteo
2026-07-18 14:13:49,Dadar,19.018,72.844,WR/CR,2026-07-18T14:00,0.1,0.1,open-meteo
2026-07-18 14:13:49,Andheri,19.119,72.846,WR,2026-07-18T14:00,0.1,0.1,open-meteo
2026-07-18 14:13:49,Borivali,19.231,72.857,WR,2026-07-18T14:00,0.0,0.0,open-meteo
2026-07-18 14:13:49,Virar,19.455,72.811,WR,,,,open-meteo-ERR
2026-07-18 14:13:49,CSMT,18.94,72.835,CR,2026-07-18T14:15,0.1,0.1,open-meteo
2026-07-18 14:13:49,Sion,19.043,72.862,CR-hotspot,2026-07-18T14:15,0.1,0.1,open-meteo
2026-07-18 14:13:49,Kurla,19.065,72.879,CR-hotspot,2026-07-18T14:15,0.1,0.1,open-meteo
2026-07-18 14:13:49,Thane,19.186,72.975,CR,2026-07-18T14:15,0.0,0.0,open-meteo
2026-07-18 14:13:49,Kalyan,19.243,73.13,CR,2026-07-18T14:15,0.1,0.0,open-meteo
2026-07-18 14:13:49,Chunnabhatti,19.046,72.875,Harbour-hotspot,,,,open-meteo-ERR
2026-07-18 14:13:49,Matunga,19.027,72.852,CR-hotspot,2026-07-18T14:15,0.1,0.1,open-meteo
2026-07-18 15:41:10,Churchgate,18.935,72.827,WR,2026-07-18T15:30,0.1,0.1,open-meteo
2026-07-18 15:41:10,Dadar,19.018,72.844,WR/CR,2026-07-18T15:30,0.1,0.1,open-meteo
2026-07-18 15:41:10,Andheri,19.119,72.846,WR,2026-07-18T15:30,0.2,0.1,open-meteo
2026-07-18 15:41:10,Borivali,19.231,72.857,WR,2026-07-18T15:30,0.1,0.0,open-meteo
2026-07-18 15:41:10,Virar,19.455,72.811,WR,2026-07-18T15:30,0.2,0.1,open-meteo
2026-07-18 15:41:10,CSMT,18.94,72.835,CR,2026-07-18T15:30,0.1,0.1,open-meteo
2026-07-18 15:41:10,Sion,19.043,72.862,CR-hotspot,2026-07-18T15:30,0.1,0.1,open-meteo
2026-07-18 15:41:10,Kurla,19.065,72.879,CR-hotspot,,,,open-meteo-ERR
2026-07-18 15:41:10,Thane,19.186,72.975,CR,2026-07-18T15:30,0.3,0.1,open-meteo
2026-07-18 15:41:10,Kalyan,19.243,73.13,CR,2026-07-18T15:30,0.4,0.2,open-meteo
2026-07-18 15:41:10,Chunnabhatti,19.046,72.875,Harbour-hotspot,2026-07-18T15:30,0.1,0.1,open-meteo
2026-07-18 15:41:10,Matunga,19.027,72.852,CR-hotspot,2026-07-18T15:30,0.1,0.1,open-meteo
2026-07-18 16:57:49,Churchgate,18.935,72.827,WR,2026-07-18T16:45,0.1,0.1,open-meteo
2026-07-18 16:57:49,Dadar,19.018,72.844,WR/CR,2026-07-18T16:45,0.1,0.1,open-meteo
2026-07-18 16:57:49,Andheri,19.119,72.846,WR,2026-07-18T16:45,0.0,0.0,open-meteo
2026-07-18 16:57:49,Borivali,19.231,72.857,WR,2026-07-18T16:45,0.1,0.0,open-meteo
2026-07-18 16:57:49,Virar,19.455,72.811,WR,,,,open-meteo-ERR
2026-07-18 16:57:49,CSMT,18.94,72.835,CR,2026-07-18T16:45,0.1,0.1,open-meteo
2026-07-18 16:57:49,Sion,19.043,72.862,CR-hotspot,2026-07-18T16:45,0.1,0.1,open-meteo
2026-07-18 16:57:49,Kurla,19.065,72.879,CR-hotspot,2026-07-18T16:45,0.0,0.0,open-meteo
2026-07-18 16:57:49,Thane,19.186,72.975,CR,2026-07-18T16:45,0.1,0.1,open-meteo
2026-07-18 16:57:49,Kalyan,19.243,73.13,CR,,,,open-meteo-ERR
2026-07-18 16:57:49,Chunnabhatti,19.046,72.875,Harbour-hotspot,2026-07-18T17:00,0.1,0.1,open-meteo
2026-07-18 16:57:49,Matunga,19.027,72.852,CR-hotspot,2026-07-18T17:00,0.1,0.1,open-meteo
2026-07-18 17:41:51,Churchgate,18.935,72.827,WR,2026-07-18T17:30,0.1,0.1,open-meteo
2026-07-18 17:41:51,Dadar,19.018,72.844,WR/CR,2026-07-18T17:30,0.1,0.1,open-meteo
2026-07-18 17:41:51,Andheri,19.119,72.846,WR,2026-07-18T17:30,0.0,0.0,open-meteo
2026-07-18 17:41:51,Borivali,19.231,72.857,WR,2026-07-18T17:30,0.1,0.0,open-meteo
2026-07-18 17:41:51,Virar,19.455,72.811,WR,,,,open-meteo-ERR
2026-07-18 17:41:51,CSMT,18.94,72.835,CR,2026-07-18T17:30,0.1,0.1,open-meteo
2026-07-18 17:41:51,Sion,19.043,72.862,CR-hotspot,2026-07-18T17:30,0.1,0.1,open-meteo
2026-07-18 17:41:51,Kurla,19.065,72.879,CR-hotspot,2026-07-18T17:30,0.0,0.0,open-meteo
2026-07-18 17:41:51,Thane,19.186,72.975,CR,2026-07-18T17:30,0.1,0.1,open-meteo
2026-07-18 17:41:51,Kalyan,19.243,73.13,CR,2026-07-18T17:30,0.1,0.1,open-meteo
2026-07-18 17:41:51,Chunnabhatti,19.046,72.875,Harbour-hotspot,,,,open-meteo-ERR
2026-07-18 17:41:51,Matunga,19.027,72.852,CR-hotspot,2026-07-18T17:45,0.1,0.0,open-meteo
2026-07-18 19:25:07,Churchgate,18.935,72.827,WR,2026-07-18T19:15,0.1,0.0,open-meteo
2026-07-18 19:25:07,Dadar,19.018,72.844,WR/CR,2026-07-18T19:15,0.1,0.0,open-meteo
2026-07-18 19:25:07,Andheri,19.119,72.846,WR,2026-07-18T19:15,0.1,0.0,open-meteo
2026-07-18 19:25:07,Borivali,19.231,72.857,WR,2026-07-18T19:15,0.0,0.0,open-meteo
2026-07-18 19:25:07,Virar,19.455,72.811,WR,,,,open-meteo-ERR
2026-07-18 19:25:07,CSMT,18.94,72.835,CR,2026-07-18T19:15,0.1,0.0,open-meteo
2026-07-18 19:25:07,Sion,19.043,72.862,CR-hotspot,2026-07-18T19:15,0.1,0.0,open-meteo
2026-07-18 19:25:07,Kurla,19.065,72.879,CR-hotspot,2026-07-18T19:15,0.1,0.0,open-meteo
2026-07-18 19:25:07,Thane,19.186,72.975,CR,2026-07-18T19:15,0.2,0.2,open-meteo
2026-07-18 19:25:07,Kalyan,19.243,73.13,CR,2026-07-18T19:15,0.1,0.1,open-meteo
2026-07-18 19:25:07,Chunnabhatti,19.046,72.875,Harbour-hotspot,,,,open-meteo-ERR
2026-07-18 19:25:07,Matunga,19.027,72.852,CR-hotspot,2026-07-18T19:15,0.1,0.0,open-meteo
2026-07-18 20:14:12,Churchgate,18.935,72.827,WR,2026-07-18T20:00,0.3,0.2,open-meteo
2026-07-18 20:14:12,Dadar,19.018,72.844,WR/CR,2026-07-18T20:00,0.3,0.2,open-meteo
2026-07-18 20:14:12,Andheri,19.119,72.846,WR,2026-07-18T20:00,0.2,0.0,open-meteo
2026-07-18 20:14:12,Borivali,19.231,72.857,WR,2026-07-18T20:00,0.3,0.2,open-meteo
2026-07-18 20:14:12,Virar,19.455,72.811,WR,,,,open-meteo-ERR
2026-07-18 20:14:12,CSMT,18.94,72.835,CR,2026-07-18T20:15,0.3,0.2,open-meteo
2026-07-18 20:14:12,Sion,19.043,72.862,CR-hotspot,2026-07-18T20:15,0.3,0.2,open-meteo
2026-07-18 20:14:12,Kurla,19.065,72.879,CR-hotspot,2026-07-18T20:15,0.2,0.0,open-meteo
2026-07-18 20:14:12,Thane,19.186,72.975,CR,2026-07-18T20:15,0.1,0.1,open-meteo
2026-07-18 20:14:12,Kalyan,19.243,73.13,CR,2026-07-18T20:15,0.2,0.1,open-meteo
2026-07-18 20:14:12,Chunnabhatti,19.046,72.875,Harbour-hotspot,,,,open-meteo-ERR
2026-07-18 20:14:12,Matunga,19.027,72.852,CR-hotspot,2026-07-18T20:15,0.3,0.2,open-meteo
2026-07-18 21:16:21,Churchgate,18.935,72.827,WR,2026-07-18T21:15,0.2,0.1,open-meteo
2026-07-18 21:16:21,Dadar,19.018,72.844,WR/CR,2026-07-18T21:15,0.2,0.1,open-meteo
2026-07-18 21:16:21,Andheri,19.119,72.846,WR,2026-07-18T21:15,0.2,0.1,open-meteo
2026-07-18 21:16:21,Borivali,19.231,72.857,WR,2026-07-18T21:15,0.2,0.1,open-meteo
2026-07-18 21:16:21,Virar,19.455,72.811,WR,,,,open-meteo-ERR
2026-07-18 21:16:21,CSMT,18.94,72.835,CR,2026-07-18T21:15,0.2,0.1,open-meteo
2026-07-18 21:16:21,Sion,19.043,72.862,CR-hotspot,2026-07-18T21:15,0.2,0.1,open-meteo
2026-07-18 21:16:21,Kurla,19.065,72.879,CR-hotspot,2026-07-18T21:15,0.2,0.1,open-meteo
2026-07-18 21:16:21,Thane,19.186,72.975,CR,2026-07-18T21:15,0.2,0.2,open-meteo
2026-07-18 21:16:21,Kalyan,19.243,73.13,CR,2026-07-18T21:15,0.2,0.2,open-meteo
2026-07-18 21:16:21,Chunnabhatti,19.046,72.875,Harbour-hotspot,2026-07-18T21:15,0.2,0.1,open-meteo
2026-07-18 21:16:21,Matunga,19.027,72.852,CR-hotspot,2026-07-18T21:15,0.2,0.1,open-meteo
2026-07-18 22:15:26,Churchgate,18.935,72.827,WR,2026-07-18T22:15,0.1,0.1,open-meteo
2026-07-18 22:15:26,Dadar,19.018,72.844,WR/CR,2026-07-18T22:15,0.1,0.1,open-meteo
2026-07-18 22:15:26,Andheri,19.119,72.846,WR,2026-07-18T22:15,0.1,0.0,open-meteo
2026-07-18 22:15:26,Borivali,19.231,72.857,WR,,,,open-meteo-ERR
2026-07-18 22:15:26,Virar,19.455,72.811,WR,2026-07-18T22:15,0.2,0.1,open-meteo
2026-07-18 22:15:26,CSMT,18.94,72.835,CR,2026-07-18T22:15,0.1,0.1,open-meteo
2026-07-18 22:15:26,Sion,19.043,72.862,CR-hotspot,2026-07-18T22:15,0.1,0.1,open-meteo
2026-07-18 22:15:26,Kurla,19.065,72.879,CR-hotspot,2026-07-18T22:15,0.1,0.0,open-meteo
2026-07-18 22:15:26,Thane,19.186,72.975,CR,,,,open-meteo-ERR
2026-07-18 22:15:26,Kalyan,19.243,73.13,CR,2026-07-18T22:15,0.2,0.1,open-meteo
2026-07-18 22:15:26,Chunnabhatti,19.046,72.875,Harbour-hotspot,2026-07-18T22:15,0.1,0.1,open-meteo
2026-07-18 22:15:26,Matunga,19.027,72.852,CR-hotspot,2026-07-18T22:15,0.1,0.1,open-meteo
2026-07-18 23:18:48,Churchgate,18.935,72.827,WR,2026-07-18T23:15,0.3,0.2,open-meteo
2026-07-18 23:18:48,Dadar,19.018,72.844,WR/CR,2026-07-18T23:15,0.3,0.2,open-meteo
2026-07-18 23:18:48,Andheri,19.119,72.846,WR,2026-07-18T23:15,0.4,0.2,open-meteo
2026-07-18 23:18:48,Borivali,19.231,72.857,WR,2026-07-18T23:15,0.6,0.2,open-meteo
2026-07-18 23:18:48,Virar,19.455,72.811,WR,,,,open-meteo-ERR
2026-07-18 23:18:48,CSMT,18.94,72.835,CR,2026-07-18T23:15,0.3,0.2,open-meteo
2026-07-18 23:18:48,Sion,19.043,72.862,CR-hotspot,2026-07-18T23:15,0.3,0.2,open-meteo
2026-07-18 23:18:48,Kurla,19.065,72.879,CR-hotspot,2026-07-18T23:15,0.4,0.2,open-meteo
2026-07-18 23:18:48,Thane,19.186,72.975,CR,2026-07-18T23:15,0.3,0.2,open-meteo
2026-07-18 23:18:48,Kalyan,19.243,73.13,CR,2026-07-18T23:15,0.3,0.2,open-meteo
2026-07-18 23:18:48,Chunnabhatti,19.046,72.875,Harbour-hotspot,,,,open-meteo-ERR
2026-07-18 23:18:48,Matunga,19.027,72.852,CR-hotspot,2026-07-18T23:15,0.3,0.2,open-meteo
2026-07-19 00:20:42,Churchgate,18.935,72.827,WR,2026-07-19T00:15,0.2,0.1,open-meteo
2026-07-19 00:20:42,Dadar,19.018,72.844,WR/CR,2026-07-19T00:15,0.2,0.1,open-meteo
2026-07-19 00:20:42,Andheri,19.119,72.846,WR,2026-07-19T00:15,0.4,0.2,open-meteo
2026-07-19 00:20:42,Borivali,19.231,72.857,WR,2026-07-19T00:15,0.5,0.3,open-meteo
2026-07-19 00:20:42,Virar,19.455,72.811,WR,,,,open-meteo-ERR
2026-07-19 00:20:42,CSMT,18.94,72.835,CR,2026-07-19T00:15,0.2,0.1,open-meteo
2026-07-19 00:20:42,Sion,19.043,72.862,CR-hotspot,2026-07-19T00:15,0.2,0.1,open-meteo
2026-07-19 00:20:42,Kurla,19.065,72.879,CR-hotspot,2026-07-19T00:15,0.4,0.2,open-meteo
2026-07-19 00:20:42,Thane,19.186,72.975,CR,2026-07-19T00:15,0.3,0.3,open-meteo
2026-07-19 00:20:42,Kalyan,19.243,73.13,CR,2026-07-19T00:15,0.2,0.1,open-meteo
2026-07-19 00:20:42,Chunnabhatti,19.046,72.875,Harbour-hotspot,,,,open-meteo-ERR
2026-07-19 00:20:42,Matunga,19.027,72.852,CR-hotspot,2026-07-19T00:15,0.2,0.1,open-meteo
2026-07-19 01:29:34,Churchgate,18.935,72.827,WR,2026-07-19T01:15,0.1,0.1,open-meteo
2026-07-19 01:29:34,Dadar,19.018,72.844,WR/CR,2026-07-19T01:15,0.1,0.1,open-meteo
2026-07-19 01:29:34,Andheri,19.119,72.846,WR,2026-07-19T01:15,0.1,0.0,open-meteo
2026-07-19 01:29:34,Borivali,19.231,72.857,WR,2026-07-19T01:15,0.3,0.1,open-meteo
2026-07-19 01:29:34,Virar,19.455,72.811,WR,,,,open-meteo-ERR
2026-07-19 01:29:34,CSMT,18.94,72.835,CR,2026-07-19T01:30,0.1,0.1,open-meteo
2026-07-19 01:29:34,Sion,19.043,72.862,CR-hotspot,2026-07-19T01:30,0.1,0.1,open-meteo
2026-07-19 01:29:34,Kurla,19.065,72.879,CR-hotspot,2026-07-19T01:30,0.1,0.0,open-meteo
2026-07-19 01:29:34,Thane,19.186,72.975,CR,2026-07-19T01:30,0.3,0.2,open-meteo
2026-07-19 01:29:34,Kalyan,19.243,73.13,CR,2026-07-19T01:30,0.1,0.1,open-meteo
2026-07-19 01:29:34,Chunnabhatti,19.046,72.875,Harbour-hotspot,,,,open-meteo-ERR
2026-07-19 01:29:34,Matunga,19.027,72.852,CR-hotspot,2026-07-19T01:30,0.1,0.1,open-meteo
2026-07-19 02:23:44,Churchgate,18.935,72.827,WR,2026-07-19T02:15,0.8,0.5,open-meteo
2026-07-19 02:23:44,Dadar,19.018,72.844,WR/CR,2026-07-19T02:15,0.8,0.5,open-meteo
2026-07-19 02:23:44,Andheri,19.119,72.846,WR,2026-07-19T02:15,0.7,0.5,open-meteo
2026-07-19 02:23:44,Borivali,19.231,72.857,WR,2026-07-19T02:15,0.3,0.1,open-meteo
2026-07-19 02:23:44,Virar,19.455,72.811,WR,,,,open-meteo-ERR
2026-07-19 02:23:44,CSMT,18.94,72.835,CR,2026-07-19T02:15,0.8,0.5,open-meteo
2026-07-19 02:23:44,Sion,19.043,72.862,CR-hotspot,2026-07-19T02:15,0.8,0.5,open-meteo
2026-07-19 02:23:44,Kurla,19.065,72.879,CR-hotspot,2026-07-19T02:15,0.7,0.5,open-meteo
2026-07-19 02:23:44,Thane,19.186,72.975,CR,2026-07-19T02:15,0.4,0.3,open-meteo
2026-07-19 02:23:44,Kalyan,19.243,73.13,CR,2026-07-19T02:15,0.3,0.2,open-meteo
2026-07-19 02:23:44,Chunnabhatti,19.046,72.875,Harbour-hotspot,,,,open-meteo-ERR
2026-07-19 02:23:44,Matunga,19.027,72.852,CR-hotspot,2026-07-19T02:15,0.8,0.5,open-meteo
2026-07-19 03:11:38,Churchgate,18.935,72.827,WR,2026-07-19T03:00,0.1,0.1,open-meteo
2026-07-19 03:11:38,Dadar,19.018,72.844,WR/CR,2026-07-19T03:00,0.1,0.1,open-meteo
2026-07-19 03:11:38,Andheri,19.119,72.846,WR,2026-07-19T03:00,0.2,0.1,open-meteo
2026-07-19 03:11:38,Borivali,19.231,72.857,WR,2026-07-19T03:00,0.3,0.1,open-meteo
2026-07-19 03:11:38,Virar,19.455,72.811,WR,2026-07-19T03:00,0.1,0.1,open-meteo
2026-07-19 03:11:38,CSMT,18.94,72.835,CR,2026-07-19T03:00,0.1,0.1,open-meteo
2026-07-19 03:11:38,Sion,19.043,72.862,CR-hotspot,2026-07-19T03:00,0.1,0.1,open-meteo
2026-07-19 03:11:38,Kurla,19.065,72.879,CR-hotspot,2026-07-19T03:00,0.2,0.1,open-meteo
2026-07-19 03:11:38,Thane,19.186,72.975,CR,2026-07-19T03:00,0.3,0.2,open-meteo
2026-07-19 03:11:38,Kalyan,19.243,73.13,CR,,,,open-meteo-ERR
2026-07-19 03:11:38,Chunnabhatti,19.046,72.875,Harbour-hotspot,2026-07-19T03:00,0.1,0.1,open-meteo
2026-07-19 03:11:38,Matunga,19.027,72.852,CR-hotspot,2026-07-19T03:00,0.1,0.1,open-meteo
2026-07-19 04:09:58,Churchgate,18.935,72.827,WR,2026-07-19T04:00,0.2,0.1,open-meteo
2026-07-19 04:09:58,Dadar,19.018,72.844,WR/CR,2026-07-19T04:00,0.2,0.1,open-meteo
2026-07-19 04:09:58,Andheri,19.119,72.846,WR,2026-07-19T04:00,0.3,0.3,open-meteo
2026-07-19 04:09:58,Borivali,19.231,72.857,WR,2026-07-19T04:00,0.2,0.1,open-meteo
2026-07-19 04:09:58,Virar,19.455,72.811,WR,2026-07-19T04:00,0.6,0.2,open-meteo
2026-07-19 04:09:58,CSMT,18.94,72.835,CR,2026-07-19T04:00,0.2,0.1,open-meteo
2026-07-19 04:09:58,Sion,19.043,72.862,CR-hotspot,2026-07-19T04:00,0.2,0.1,open-meteo
2026-07-19 04:09:58,Kurla,19.065,72.879,CR-hotspot,,,,open-meteo-ERR
2026-07-19 04:09:58,Thane,19.186,72.975,CR,2026-07-19T04:00,0.2,0.2,open-meteo
2026-07-19 04:09:58,Kalyan,19.243,73.13,CR,2026-07-19T04:00,0.3,0.1,open-meteo
2026-07-19 04:09:58,Chunnabhatti,19.046,72.875,Harbour-hotspot,2026-07-19T04:00,0.2,0.1,open-meteo
2026-07-19 04:09:58,Matunga,19.027,72.852,CR-hotspot,2026-07-19T04:00,0.2,0.1,open-meteo
2026-07-19 05:13:49,Churchgate,18.935,72.827,WR,2026-07-19T05:00,0.2,0.1,open-meteo
2026-07-19 05:13:49,Dadar,19.018,72.844,WR/CR,2026-07-19T05:00,0.2,0.1,open-meteo
2026-07-19 05:13:49,Andheri,19.119,72.846,WR,2026-07-19T05:00,0.1,0.1,open-meteo
2026-07-19 05:13:49,Borivali,19.231,72.857,WR,2026-07-19T05:00,0.2,0.2,open-meteo
2026-07-19 05:13:49,Virar,19.455,72.811,WR,,,,open-meteo-ERR
2026-07-19 05:13:49,CSMT,18.94,72.835,CR,2026-07-19T05:15,0.2,0.1,open-meteo
2026-07-19 05:13:49,Sion,19.043,72.862,CR-hotspot,2026-07-19T05:15,0.2,0.1,open-meteo
2026-07-19 05:13:49,Kurla,19.065,72.879,CR-hotspot,2026-07-19T05:15,0.1,0.1,open-meteo
2026-07-19 05:13:49,Thane,19.186,72.975,CR,2026-07-19T05:15,0.2,0.2,open-meteo
2026-07-19 05:13:49,Kalyan,19.243,73.13,CR,2026-07-19T05:15,0.1,0.1,open-meteo
2026-07-19 05:13:49,Chunnabhatti,19.046,72.875,Harbour-hotspot,,,,open-meteo-ERR
2026-07-19 05:13:49,Matunga,19.027,72.852,CR-hotspot,2026-07-19T05:15,0.2,0.1,open-meteo
2026-07-19 07:21:59,Churchgate,18.935,72.827,WR,2026-07-19T07:15,0.3,0.1,open-meteo
2026-07-19 07:21:59,Dadar,19.018,72.844,WR/CR,2026-07-19T07:15,0.3,0.1,open-meteo
2026-07-19 07:21:59,Andheri,19.119,72.846,WR,2026-07-19T07:15,0.9,0.1,open-meteo
2026-07-19 07:21:59,Borivali,19.231,72.857,WR,2026-07-19T07:15,0.2,0.1,open-meteo
2026-07-19 07:21:59,Virar,19.455,72.811,WR,,,,open-meteo-ERR
2026-07-19 07:21:59,CSMT,18.94,72.835,CR,2026-07-19T07:15,0.3,0.1,open-meteo
2026-07-19 07:21:59,Sion,19.043,72.862,CR-hotspot,2026-07-19T07:15,0.3,0.1,open-meteo
2026-07-19 07:21:59,Kurla,19.065,72.879,CR-hotspot,2026-07-19T07:15,0.9,0.1,open-meteo
2026-07-19 07:21:59,Thane,19.186,72.975,CR,2026-07-19T07:15,0.4,0.1,open-meteo
2026-07-19 07:21:59,Kalyan,19.243,73.13,CR,2026-07-19T07:15,0.5,0.2,open-meteo
2026-07-19 07:21:59,Chunnabhatti,19.046,72.875,Harbour-hotspot,,,,open-meteo-ERR
2026-07-19 07:21:59,Matunga,19.027,72.852,CR-hotspot,2026-07-19T07:15,0.3,0.1,open-meteo
2026-07-19 10:44:29,Churchgate,18.935,72.827,WR,2026-07-19T10:30,0.3,0.2,open-meteo
2026-07-19 10:44:29,Dadar,19.018,72.844,WR/CR,2026-07-19T10:30,0.3,0.2,open-meteo
2026-07-19 10:44:29,Andheri,19.119,72.846,WR,2026-07-19T10:30,0.5,0.2,open-meteo
2026-07-19 10:44:29,Borivali,19.231,72.857,WR,2026-07-19T10:30,1.1,0.1,open-meteo
2026-07-19 10:44:29,Virar,19.455,72.811,WR,,,,open-meteo-ERR
2026-07-19 10:44:29,CSMT,18.94,72.835,CR,2026-07-19T10:45,0.9,0.2,open-meteo
2026-07-19 10:44:29,Sion,19.043,72.862,CR-hotspot,2026-07-19T10:45,0.9,0.2,open-meteo
2026-07-19 10:44:29,Kurla,19.065,72.879,CR-hotspot,2026-07-19T10:45,1.3,0.2,open-meteo
2026-07-19 10:44:29,Thane,19.186,72.975,CR,2026-07-19T10:45,0.7,0.1,open-meteo
2026-07-19 10:44:29,Kalyan,19.243,73.13,CR,2026-07-19T10:45,0.2,0.1,open-meteo
2026-07-19 10:44:29,Chunnabhatti,19.046,72.875,Harbour-hotspot,,,,open-meteo-ERR
2026-07-19 10:44:29,Matunga,19.027,72.852,CR-hotspot,2026-07-19T10:45,0.9,0.2,open-meteo
2026-07-19 13:08:08,Churchgate,18.935,72.827,WR,2026-07-19T13:00,0.2,0.1,open-meteo
2026-07-19 13:08:08,Dadar,19.018,72.844,WR/CR,2026-07-19T13:00,0.2,0.1,open-meteo
2026-07-19 13:08:08,Andheri,19.119,72.846,WR,2026-07-19T13:00,0.2,0.1,open-meteo
2026-07-19 13:08:08,Borivali,19.231,72.857,WR,2026-07-19T13:00,0.2,0.1,open-meteo
2026-07-19 13:08:08,Virar,19.455,72.811,WR,,,,open-meteo-ERR
2026-07-19 13:08:08,CSMT,18.94,72.835,CR,2026-07-19T13:00,0.2,0.1,open-meteo
2026-07-19 13:08:08,Sion,19.043,72.862,CR-hotspot,2026-07-19T13:00,0.2,0.1,open-meteo
2026-07-19 13:08:08,Kurla,19.065,72.879,CR-hotspot,2026-07-19T13:00,0.2,0.1,open-meteo
2026-07-19 13:08:08,Thane,19.186,72.975,CR,2026-07-19T13:00,0.3,0.1,open-meteo
2026-07-19 13:08:08,Kalyan,19.243,73.13,CR,2026-07-19T13:00,0.4,0.2,open-meteo
2026-07-19 13:08:08,Chunnabhatti,19.046,72.875,Harbour-hotspot,,,,open-meteo-ERR
2026-07-19 13:08:08,Matunga,19.027,72.852,CR-hotspot,2026-07-19T13:00,0.2,0.1,open-meteo
2026-07-19 15:15:16,Churchgate,18.935,72.827,WR,2026-07-19T15:15,0.2,0.1,open-meteo
2026-07-19 15:15:16,Dadar,19.018,72.844,WR/CR,2026-07-19T15:15,0.2,0.1,open-meteo
2026-07-19 15:15:16,Andheri,19.119,72.846,WR,2026-07-19T15:15,0.2,0.0,open-meteo
2026-07-19 15:15:16,Borivali,19.231,72.857,WR,2026-07-19T15:15,0.2,0.1,open-meteo
2026-07-19 15:15:16,Virar,19.455,72.811,WR,,,,open-meteo-ERR
2026-07-19 15:15:16,CSMT,18.94,72.835,CR,2026-07-19T15:15,0.2,0.1,open-meteo
2026-07-19 15:15:16,Sion,19.043,72.862,CR-hotspot,2026-07-19T15:15,0.2,0.1,open-meteo
2026-07-19 15:15:16,Kurla,19.065,72.879,CR-hotspot,2026-07-19T15:15,0.2,0.0,open-meteo
2026-07-19 15:15:16,Thane,19.186,72.975,CR,2026-07-19T15:15,0.4,0.2,open-meteo
2026-07-19 15:15:16,Kalyan,19.243,73.13,CR,2026-07-19T15:15,0.3,0.1,open-meteo
2026-07-19 15:15:16,Chunnabhatti,19.046,72.875,Harbour-hotspot,,,,open-meteo-ERR
2026-07-19 15:15:16,Matunga,19.027,72.852,CR-hotspot,2026-07-19T15:15,0.2,0.1,open-meteo
2026-07-19 16:35:05,Churchgate,18.935,72.827,WR,2026-07-19T16:30,0.3,0.2,open-meteo
2026-07-19 16:35:05,Dadar,19.018,72.844,WR/CR,2026-07-19T16:30,0.3,0.2,open-meteo
2026-07-19 16:35:05,Andheri,19.119,72.846,WR,2026-07-19T16:30,0.2,0.2,open-meteo
2026-07-19 16:35:05,Borivali,19.231,72.857,WR,2026-07-19T16:30,0.1,0.1,open-meteo
2026-07-19 16:35:05,Virar,19.455,72.811,WR,2026-07-19T16:30,0.2,0.1,open-meteo
2026-07-19 16:35:05,CSMT,18.94,72.835,CR,2026-07-19T16:30,0.3,0.2,open-meteo
2026-07-19 16:35:05,Sion,19.043,72.862,CR-hotspot,2026-07-19T16:30,0.3,0.2,open-meteo
2026-07-19 16:35:05,Kurla,19.065,72.879,CR-hotspot,2026-07-19T16:30,0.2,0.2,open-meteo
2026-07-19 16:35:05,Thane,19.186,72.975,CR,,,,open-meteo-ERR
2026-07-19 16:35:05,Kalyan,19.243,73.13,CR,2026-07-19T16:30,0.5,0.3,open-meteo
2026-07-19 16:35:05,Chunnabhatti,19.046,72.875,Harbour-hotspot,2026-07-19T16:30,0.3,0.2,open-meteo
2026-07-19 16:35:05,Matunga,19.027,72.852,CR-hotspot,2026-07-19T16:30,0.3,0.2,open-meteo
2026-07-19 17:41:24,Churchgate,18.935,72.827,WR,2026-07-19T17:30,0.2,0.1,open-meteo
2026-07-19 17:41:24,Dadar,19.018,72.844,WR/CR,2026-07-19T17:30,0.2,0.1,open-meteo
2026-07-19 17:41:24,Andheri,19.119,72.846,WR,2026-07-19T17:30,0.1,0.1,open-meteo
2026-07-19 17:41:24,Borivali,19.231,72.857,WR,,,,open-meteo-ERR
2026-07-19 17:41:24,Virar,19.455,72.811,WR,2026-07-19T17:30,0.7,0.1,open-meteo
2026-07-19 17:41:24,CSMT,18.94,72.835,CR,2026-07-19T17:30,0.4,0.1,open-meteo
2026-07-19 17:41:24,Sion,19.043,72.862,CR-hotspot,2026-07-19T17:30,0.4,0.1,open-meteo
2026-07-19 17:41:24,Kurla,19.065,72.879,CR-hotspot,2026-07-19T17:30,0.5,0.0,open-meteo
2026-07-19 17:41:24,Thane,19.186,72.975,CR,2026-07-19T17:30,0.2,0.0,open-meteo
2026-07-19 17:41:24,Kalyan,19.243,73.13,CR,2026-07-19T17:30,0.2,0.1,open-meteo
2026-07-19 17:41:24,Chunnabhatti,19.046,72.875,Harbour-hotspot,2026-07-19T17:30,0.4,0.1,open-meteo
2026-07-19 17:41:24,Matunga,19.027,72.852,CR-hotspot,2026-07-19T17:30,0.4,0.1,open-meteo
2026-07-19 19:28:57,Churchgate,18.935,72.827,WR,2026-07-19T19:15,0.5,0.1,open-meteo
2026-07-19 19:28:57,Dadar,19.018,72.844,WR/CR,2026-07-19T19:15,0.5,0.1,open-meteo
2026-07-19 19:28:57,Andheri,19.119,72.846,WR,,,,open-meteo-ERR
2026-07-19 19:28:57,Borivali,19.231,72.857,WR,2026-07-19T19:30,0.6,0.1,open-meteo
2026-07-19 19:28:57,Virar,19.455,72.811,WR,2026-07-19T19:30,0.4,0.0,open-meteo
2026-07-19 19:28:57,CSMT,18.94,72.835,CR,2026-07-19T19:30,0.5,0.1,open-meteo
2026-07-19 19:28:57,Sion,19.043,72.862,CR-hotspot,,,,open-meteo-ERR
2026-07-19 19:28:57,Kurla,19.065,72.879,CR-hotspot,2026-07-19T19:30,1.0,0.2,open-meteo
2026-07-19 19:28:57,Thane,19.186,72.975,CR,2026-07-19T19:30,0.3,0.1,open-meteo
2026-07-19 19:28:57,Kalyan,19.243,73.13,CR,2026-07-19T19:30,0.3,0.1,open-meteo
2026-07-19 19:28:57,Chunnabhatti,19.046,72.875,Harbour-hotspot,2026-07-19T19:30,0.5,0.1,open-meteo
2026-07-19 19:28:57,Matunga,19.027,72.852,CR-hotspot,,,,open-meteo-ERR
2026-07-19 20:27:26,Churchgate,18.935,72.827,WR,2026-07-19T20:15,0.5,0.1,open-meteo
2026-07-19 20:27:26,Dadar,19.018,72.844,WR/CR,2026-07-19T20:15,0.5,0.1,open-meteo
2026-07-19 20:27:26,Andheri,19.119,72.846,WR,2026-07-19T20:15,0.4,0.2,open-meteo
2026-07-19 20:27:26,Borivali,19.231,72.857,WR,2026-07-19T20:15,0.4,0.2,open-meteo
2026-07-19 20:27:26,Virar,19.455,72.811,WR,,,,open-meteo-ERR
2026-07-19 20:27:26,CSMT,18.94,72.835,CR,2026-07-19T20:15,0.5,0.1,open-meteo
2026-07-19 20:27:26,Sion,19.043,72.862,CR-hotspot,2026-07-19T20:15,0.5,0.1,open-meteo
2026-07-19 20:27:26,Kurla,19.065,72.879,CR-hotspot,2026-07-19T20:15,0.4,0.2,open-meteo
2026-07-19 20:27:26,Thane,19.186,72.975,CR,2026-07-19T20:15,0.3,0.1,open-meteo
2026-07-19 20:27:26,Kalyan,19.243,73.13,CR,2026-07-19T20:15,0.4,0.2,open-meteo
2026-07-19 20:27:26,Chunnabhatti,19.046,72.875,Harbour-hotspot,,,,open-meteo-ERR
2026-07-19 20:27:26,Matunga,19.027,72.852,CR-hotspot,2026-07-19T20:30,0.5,0.1,open-meteo
2026-07-19 21:25:42,Churchgate,18.935,72.827,WR,2026-07-19T21:15,0.9,0.1,open-meteo
2026-07-19 21:25:42,Dadar,19.018,72.844,WR/CR,2026-07-19T21:15,0.9,0.1,open-meteo
2026-07-19 21:25:42,Andheri,19.119,72.846,WR,2026-07-19T21:15,0.5,0.1,open-meteo
2026-07-19 21:25:42,Borivali,19.231,72.857,WR,2026-07-19T21:15,0.5,0.3,open-meteo
2026-07-19 21:25:42,Virar,19.455,72.811,WR,,,,open-meteo-ERR
2026-07-19 21:25:42,CSMT,18.94,72.835,CR,2026-07-19T21:15,0.9,0.1,open-meteo
2026-07-19 21:25:42,Sion,19.043,72.862,CR-hotspot,2026-07-19T21:15,0.9,0.1,open-meteo
2026-07-19 21:25:42,Kurla,19.065,72.879,CR-hotspot,2026-07-19T21:15,0.5,0.1,open-meteo
2026-07-19 21:25:42,Thane,19.186,72.975,CR,2026-07-19T21:15,0.6,0.1,open-meteo
2026-07-19 21:25:42,Kalyan,19.243,73.13,CR,2026-07-19T21:15,0.8,0.0,open-meteo
2026-07-19 21:25:42,Chunnabhatti,19.046,72.875,Harbour-hotspot,,,,open-meteo-ERR
2026-07-19 21:25:42,Matunga,19.027,72.852,CR-hotspot,2026-07-19T21:15,0.9,0.1,open-meteo
2026-07-19 22:19:42,Churchgate,18.935,72.827,WR,2026-07-19T22:15,0.4,0.2,open-meteo
2026-07-19 22:19:42,Dadar,19.018,72.844,WR/CR,2026-07-19T22:15,0.4,0.2,open-meteo
2026-07-19 22:19:42,Andheri,19.119,72.846,WR,2026-07-19T22:15,0.2,0.1,open-meteo
2026-07-19 22:19:42,Borivali,19.231,72.857,WR,2026-07-19T22:15,0.4,0.2,open-meteo
2026-07-19 22:19:42,Virar,19.455,72.811,WR,,,,open-meteo-ERR
2026-07-19 22:19:42,CSMT,18.94,72.835,CR,2026-07-19T22:15,0.4,0.2,open-meteo
2026-07-19 22:19:42,Sion,19.043,72.862,CR-hotspot,2026-07-19T22:15,0.4,0.2,open-meteo
2026-07-19 22:19:42,Kurla,19.065,72.879,CR-hotspot,2026-07-19T22:15,0.2,0.1,open-meteo
2026-07-19 22:19:42,Thane,19.186,72.975,CR,2026-07-19T22:15,0.2,0.1,open-meteo
2026-07-19 22:19:42,Kalyan,19.243,73.13,CR,2026-07-19T22:15,0.3,0.2,open-meteo
2026-07-19 22:19:42,Chunnabhatti,19.046,72.875,Harbour-hotspot,2026-07-19T22:15,0.4,0.2,open-meteo
2026-07-19 22:19:42,Matunga,19.027,72.852,CR-hotspot,,,,open-meteo-ERR
2026-07-19 23:21:23,Churchgate,18.935,72.827,WR,2026-07-19T23:15,0.2,0.1,open-meteo
2026-07-19 23:21:23,Dadar,19.018,72.844,WR/CR,2026-07-19T23:15,0.2,0.1,open-meteo
2026-07-19 23:21:23,Andheri,19.119,72.846,WR,2026-07-19T23:15,0.2,0.1,open-meteo
2026-07-19 23:21:23,Borivali,19.231,72.857,WR,2026-07-19T23:15,0.2,0.1,open-meteo
2026-07-19 23:21:23,Virar,19.455,72.811,WR,,,,open-meteo-ERR
2026-07-19 23:21:23,CSMT,18.94,72.835,CR,2026-07-19T23:15,0.2,0.1,open-meteo
2026-07-19 23:21:23,Sion,19.043,72.862,CR-hotspot,2026-07-19T23:15,0.2,0.1,open-meteo
2026-07-19 23:21:23,Kurla,19.065,72.879,CR-hotspot,2026-07-19T23:15,0.2,0.1,open-meteo
2026-07-19 23:21:23,Thane,19.186,72.975,CR,2026-07-19T23:15,0.1,0.0,open-meteo
2026-07-19 23:21:23,Kalyan,19.243,73.13,CR,2026-07-19T23:15,0.2,0.1,open-meteo
2026-07-19 23:21:23,Chunnabhatti,19.046,72.875,Harbour-hotspot,,,,open-meteo-ERR
2026-07-19 23:21:23,Matunga,19.027,72.852,CR-hotspot,2026-07-19T23:15,0.2,0.1,open-meteo
2026-07-20 00:23:30,Churchgate,18.935,72.827,WR,2026-07-20T00:15,0.3,0.0,open-meteo
2026-07-20 00:23:30,Dadar,19.018,72.844,WR/CR,2026-07-20T00:15,0.3,0.0,open-meteo
2026-07-20 00:23:30,Andheri,19.119,72.846,WR,2026-07-20T00:15,0.3,0.2,open-meteo
2026-07-20 00:23:30,Borivali,19.231,72.857,WR,2026-07-20T00:15,0.1,0.0,open-meteo
2026-07-20 00:23:30,Virar,19.455,72.811,WR,,,,open-meteo-ERR
2026-07-20 00:23:30,CSMT,18.94,72.835,CR,2026-07-20T00:15,0.3,0.0,open-meteo
2026-07-20 00:23:30,Sion,19.043,72.862,CR-hotspot,2026-07-20T00:15,0.3,0.0,open-meteo
2026-07-20 00:23:30,Kurla,19.065,72.879,CR-hotspot,,,,open-meteo-ERR
2026-07-20 00:23:30,Thane,19.186,72.975,CR,2026-07-20T00:15,0.1,0.1,open-meteo
2026-07-20 00:23:30,Kalyan,19.243,73.13,CR,2026-07-20T00:15,0.0,0.0,open-meteo
2026-07-20 00:23:30,Chunnabhatti,19.046,72.875,Harbour-hotspot,2026-07-20T00:15,0.3,0.0,open-meteo
2026-07-20 00:23:30,Matunga,19.027,72.852,CR-hotspot,2026-07-20T00:15,0.3,0.0,open-meteo
2026-07-20 01:33:31,Churchgate,18.935,72.827,WR,2026-07-20T01:30,0.3,0.1,open-meteo
2026-07-20 01:33:31,Dadar,19.018,72.844,WR/CR,2026-07-20T01:30,0.3,0.1,open-meteo
2026-07-20 01:33:31,Andheri,19.119,72.846,WR,2026-07-20T01:30,0.5,0.1,open-meteo
2026-07-20 01:33:31,Borivali,19.231,72.857,WR,,,,open-meteo-ERR
2026-07-20 01:33:31,Virar,19.455,72.811,WR,2026-07-20T01:30,0.1,0.1,open-meteo
2026-07-20 01:33:31,CSMT,18.94,72.835,CR,2026-07-20T01:30,0.3,0.1,open-meteo
2026-07-20 01:33:31,Sion,19.043,72.862,CR-hotspot,2026-07-20T01:30,0.3,0.1,open-meteo
2026-07-20 01:33:31,Kurla,19.065,72.879,CR-hotspot,,,,open-meteo-ERR
2026-07-20 01:33:31,Thane,19.186,72.975,CR,2026-07-20T01:30,0.2,0.2,open-meteo
2026-07-20 01:33:31,Kalyan,19.243,73.13,CR,2026-07-20T01:30,0.1,0.1,open-meteo
2026-07-20 01:33:31,Chunnabhatti,19.046,72.875,Harbour-hotspot,2026-07-20T01:30,0.3,0.1,open-meteo
2026-07-20 01:33:31,Matunga,19.027,72.852,CR-hotspot,,,,open-meteo-ERR
2026-07-20 02:42:32,Churchgate,18.935,72.827,WR,2026-07-20T02:30,0.3,0.2,open-meteo
2026-07-20 02:42:32,Dadar,19.018,72.844,WR/CR,2026-07-20T02:30,0.3,0.2,open-meteo
2026-07-20 02:42:32,Andheri,19.119,72.846,WR,2026-07-20T02:30,0.2,0.2,open-meteo
2026-07-20 02:42:32,Borivali,19.231,72.857,WR,,,,open-meteo-ERR
2026-07-20 02:42:32,Virar,19.455,72.811,WR,2026-07-20T02:30,0.2,0.1,open-meteo
2026-07-20 02:42:32,CSMT,18.94,72.835,CR,2026-07-20T02:30,0.3,0.2,open-meteo
2026-07-20 02:42:32,Sion,19.043,72.862,CR-hotspot,2026-07-20T02:30,0.3,0.2,open-meteo
2026-07-20 02:42:32,Kurla,19.065,72.879,CR-hotspot,,,,open-meteo-ERR
2026-07-20 02:42:32,Thane,19.186,72.975,CR,2026-07-20T02:45,0.1,0.1,open-meteo
2026-07-20 02:42:32,Kalyan,19.243,73.13,CR,2026-07-20T02:45,0.0,0.0,open-meteo
2026-07-20 02:42:32,Chunnabhatti,19.046,72.875,Harbour-hotspot,2026-07-20T02:45,0.2,0.1,open-meteo
2026-07-20 02:42:32,Matunga,19.027,72.852,CR-hotspot,,,,open-meteo-ERR
2026-07-20 03:44:13,Churchgate,18.935,72.827,WR,2026-07-20T03:30,0.2,0.1,open-meteo
2026-07-20 03:44:13,Dadar,19.018,72.844,WR/CR,2026-07-20T03:30,0.2,0.1,open-meteo
2026-07-20 03:44:13,Andheri,19.119,72.846,WR,2026-07-20T03:30,0.1,0.1,open-meteo
2026-07-20 03:44:13,Borivali,19.231,72.857,WR,2026-07-20T03:30,0.6,0.3,open-meteo
2026-07-20 03:44:13,Virar,19.455,72.811,WR,,,,open-meteo-ERR
2026-07-20 03:44:13,CSMT,18.94,72.835,CR,2026-07-20T03:45,0.7,0.5,open-meteo
2026-07-20 03:44:13,Sion,19.043,72.862,CR-hotspot,2026-07-20T03:45,0.7,0.5,open-meteo
2026-07-20 03:44:13,Kurla,19.065,72.879,CR-hotspot,2026-07-20T03:45,0.6,0.3,open-meteo
2026-07-20 03:44:13,Thane,19.186,72.975,CR,2026-07-20T03:45,0.1,0.1,open-meteo
2026-07-20 03:44:13,Kalyan,19.243,73.13,CR,2026-07-20T03:45,0.1,0.1,open-meteo
2026-07-20 03:44:13,Chunnabhatti,19.046,72.875,Harbour-hotspot,,,,open-meteo-ERR
2026-07-20 03:44:13,Matunga,19.027,72.852,CR-hotspot,2026-07-20T03:45,0.7,0.5,open-meteo
2026-07-20 04:55:13,Churchgate,18.935,72.827,WR,2026-07-20T04:45,0.6,0.3,open-meteo
2026-07-20 04:55:13,Dadar,19.018,72.844,WR/CR,2026-07-20T04:45,0.6,0.3,open-meteo
2026-07-20 04:55:13,Andheri,19.119,72.846,WR,2026-07-20T04:45,0.3,0.2,open-meteo
2026-07-20 04:55:13,Borivali,19.231,72.857,WR,2026-07-20T04:45,0.2,0.1,open-meteo
2026-07-20 04:55:13,Virar,19.455,72.811,WR,2026-07-20T04:45,0.3,0.1,open-meteo
2026-07-20 04:55:13,CSMT,18.94,72.835,CR,,,,open-meteo-ERR
2026-07-20 04:55:13,Sion,19.043,72.862,CR-hotspot,2026-07-20T04:45,0.6,0.3,open-meteo
2026-07-20 04:55:13,Kurla,19.065,72.879,CR-hotspot,2026-07-20T04:45,0.3,0.2,open-meteo
2026-07-20 04:55:13,Thane,19.186,72.975,CR,2026-07-20T04:45,0.1,0.1,open-meteo
2026-07-20 04:55:13,Kalyan,19.243,73.13,CR,2026-07-20T04:45,0.1,0.1,open-meteo
2026-07-20 04:55:13,Chunnabhatti,19.046,72.875,Harbour-hotspot,2026-07-20T04:45,0.6,0.3,open-meteo
2026-07-20 04:55:13,Matunga,19.027,72.852,CR-hotspot,2026-07-20T04:45,0.6,0.3,open-meteo
2026-07-20 06:31:04,Churchgate,18.935,72.827,WR,2026-07-20T06:30,1.2,0.4,open-meteo
2026-07-20 06:31:04,Dadar,19.018,72.844,WR/CR,2026-07-20T06:30,1.2,0.4,open-meteo
2026-07-20 06:31:04,Andheri,19.119,72.846,WR,2026-07-20T06:30,1.1,0.2,open-meteo
2026-07-20 06:31:04,Borivali,19.231,72.857,WR,2026-07-20T06:30,0.8,0.1,open-meteo
2026-07-20 06:31:04,Virar,19.455,72.811,WR,,,,open-meteo-ERR
2026-07-20 06:31:04,CSMT,18.94,72.835,CR,2026-07-20T06:30,1.2,0.4,open-meteo
2026-07-20 06:31:04,Sion,19.043,72.862,CR-hotspot,2026-07-20T06:30,1.2,0.4,open-meteo
2026-07-20 06:31:04,Kurla,19.065,72.879,CR-hotspot,2026-07-20T06:30,1.1,0.2,open-meteo
2026-07-20 06:31:04,Thane,19.186,72.975,CR,2026-07-20T06:30,0.6,0.2,open-meteo
2026-07-20 06:31:04,Kalyan,19.243,73.13,CR,2026-07-20T06:30,0.2,0.1,open-meteo
2026-07-20 06:31:04,Chunnabhatti,19.046,72.875,Harbour-hotspot,,,,open-meteo-ERR
2026-07-20 06:31:04,Matunga,19.027,72.852,CR-hotspot,2026-07-20T06:30,1.2,0.4,open-meteo
2026-07-20 10:29:52,Churchgate,18.935,72.827,WR,2026-07-20T10:15,0.3,0.1,open-meteo
2026-07-20 10:29:52,Dadar,19.018,72.844,WR/CR,2026-07-20T10:15,0.3,0.1,open-meteo
2026-07-20 10:29:52,Andheri,19.119,72.846,WR,2026-07-20T10:15,0.5,0.1,open-meteo
2026-07-20 10:29:52,Borivali,19.231,72.857,WR,,,,open-meteo-ERR
2026-07-20 10:29:52,Virar,19.455,72.811,WR,2026-07-20T10:30,0.9,0.3,open-meteo
2026-07-20 10:29:52,CSMT,18.94,72.835,CR,2026-07-20T10:30,0.3,0.1,open-meteo
2026-07-20 10:29:52,Sion,19.043,72.862,CR-hotspot,2026-07-20T10:30,0.3,0.1,open-meteo
2026-07-20 10:29:52,Kurla,19.065,72.879,CR-hotspot,,,,open-meteo-ERR
2026-07-20 10:29:52,Thane,19.186,72.975,CR,2026-07-20T10:30,0.1,0.0,open-meteo
2026-07-20 10:29:52,Kalyan,19.243,73.13,CR,2026-07-20T10:30,0.1,0.0,open-meteo
2026-07-20 10:29:52,Chunnabhatti,19.046,72.875,Harbour-hotspot,2026-07-20T10:30,0.3,0.1,open-meteo
2026-07-20 10:29:52,Matunga,19.027,72.852,CR-hotspot,,,,open-meteo-ERR
2026-07-20 13:39:24,Churchgate,18.935,72.827,WR,2026-07-20T13:30,0.5,0.3,open-meteo
2026-07-20 13:39:24,Dadar,19.018,72.844,WR/CR,2026-07-20T13:30,0.5,0.3,open-meteo
2026-07-20 13:39:24,Andheri,19.119,72.846,WR,2026-07-20T13:30,0.5,0.2,open-meteo
2026-07-20 13:39:24,Borivali,19.231,72.857,WR,,,,open-meteo-ERR
2026-07-20 13:39:24,Virar,19.455,72.811,WR,2026-07-20T13:30,0.5,0.2,open-meteo
2026-07-20 13:39:24,CSMT,18.94,72.835,CR,2026-07-20T13:30,0.5,0.3,open-meteo
2026-07-20 13:39:24,Sion,19.043,72.862,CR-hotspot,2026-07-20T13:30,0.5,0.3,open-meteo
2026-07-20 13:39:24,Kurla,19.065,72.879,CR-hotspot,2026-07-20T13:30,0.5,0.2,open-meteo
2026-07-20 13:39:24,Thane,19.186,72.975,CR,,,,open-meteo-ERR
2026-07-20 13:39:24,Kalyan,19.243,73.13,CR,2026-07-20T13:30,0.1,0.0,open-meteo
2026-07-20 13:39:24,Chunnabhatti,19.046,72.875,Harbour-hotspot,2026-07-20T13:30,0.5,0.3,open-meteo
2026-07-20 13:39:24,Matunga,19.027,72.852,CR-hotspot,2026-07-20T13:30,0.5,0.3,open-meteo
2026-07-20 16:49:14,Churchgate,18.935,72.827,WR,2026-07-20T16:45,1.0,0.2,open-meteo
2026-07-20 16:49:14,Dadar,19.018,72.844,WR/CR,2026-07-20T16:45,1.0,0.2,open-meteo
2026-07-20 16:49:14,Andheri,19.119,72.846,WR,2026-07-20T16:45,1.2,0.1,open-meteo
2026-07-20 16:49:14,Borivali,19.231,72.857,WR,,,,open-meteo-ERR
2026-07-20 16:49:14,Virar,19.455,72.811,WR,2026-07-20T16:45,0.8,0.1,open-meteo
2026-07-20 16:49:14,CSMT,18.94,72.835,CR,2026-07-20T16:45,1.0,0.2,open-meteo
2026-07-20 16:49:14,Sion,19.043,72.862,CR-hotspot,2026-07-20T16:45,1.0,0.2,open-meteo
2026-07-20 16:49:14,Kurla,19.065,72.879,CR-hotspot,,,,open-meteo-ERR
2026-07-20 16:49:14,Thane,19.186,72.975,CR,2026-07-20T16:45,1.3,0.2,open-meteo
2026-07-20 16:49:14,Kalyan,19.243,73.13,CR,2026-07-20T16:45,1.2,0.1,open-meteo
2026-07-20 16:49:14,Chunnabhatti,19.046,72.875,Harbour-hotspot,2026-07-20T16:45,1.0,0.2,open-meteo
2026-07-20 16:49:14,Matunga,19.027,72.852,CR-hotspot,,,,open-meteo-ERR
2026-07-20 18:52:55,Churchgate,18.935,72.827,WR,2026-07-20T18:45,0.1,0.0,open-meteo
2026-07-20 18:52:55,Dadar,19.018,72.844,WR/CR,2026-07-20T18:45,0.1,0.0,open-meteo
2026-07-20 18:52:55,Andheri,19.119,72.846,WR,2026-07-20T18:45,0.2,0.1,open-meteo
2026-07-20 18:52:55,Borivali,19.231,72.857,WR,2026-07-20T18:45,0.5,0.1,open-meteo
2026-07-20 18:52:55,Virar,19.455,72.811,WR,,,,open-meteo-ERR
2026-07-20 18:52:55,CSMT,18.94,72.835,CR,2026-07-20T18:45,0.1,0.0,open-meteo
2026-07-20 18:52:55,Sion,19.043,72.862,CR-hotspot,2026-07-20T18:45,0.1,0.0,open-meteo
2026-07-20 18:52:55,Kurla,19.065,72.879,CR-hotspot,2026-07-20T18:45,0.2,0.1,open-meteo
2026-07-20 18:52:55,Thane,19.186,72.975,CR,2026-07-20T18:45,0.5,0.3,open-meteo
2026-07-20 18:52:55,Kalyan,19.243,73.13,CR,2026-07-20T18:45,0.4,0.2,open-meteo
2026-07-20 18:52:55,Chunnabhatti,19.046,72.875,Harbour-hotspot,,,,open-meteo-ERR
2026-07-20 18:52:55,Matunga,19.027,72.852,CR-hotspot,2026-07-20T18:45,0.1,0.0,open-meteo
2026-07-20 20:55:54,Churchgate,18.935,72.827,WR,2026-07-20T20:45,0.8,0.2,open-meteo
2026-07-20 20:55:54,Dadar,19.018,72.844,WR/CR,2026-07-20T20:45,0.8,0.2,open-meteo
2026-07-20 20:55:54,Andheri,19.119,72.846,WR,2026-07-20T20:45,0.6,0.1,open-meteo
2026-07-20 20:55:54,Borivali,19.231,72.857,WR,2026-07-20T20:45,0.5,0.0,open-meteo
2026-07-20 20:55:54,Virar,19.455,72.811,WR,,,,open-meteo-ERR
2026-07-20 20:55:54,CSMT,18.94,72.835,CR,2026-07-20T20:45,0.8,0.2,open-meteo
2026-07-20 20:55:54,Sion,19.043,72.862,CR-hotspot,2026-07-20T20:45,0.8,0.2,open-meteo
2026-07-20 20:55:54,Kurla,19.065,72.879,CR-hotspot,2026-07-20T20:45,0.6,0.1,open-meteo
2026-07-20 20:55:54,Thane,19.186,72.975,CR,2026-07-20T20:45,1.2,0.4,open-meteo
2026-07-20 20:55:54,Kalyan,19.243,73.13,CR,,,,open-meteo-ERR
2026-07-20 20:55:54,Chunnabhatti,19.046,72.875,Harbour-hotspot,2026-07-20T20:45,0.8,0.2,open-meteo
2026-07-20 20:55:54,Matunga,19.027,72.852,CR-hotspot,2026-07-20T20:45,0.8,0.2,open-meteo
2026-07-20 22:21:57,Churchgate,18.935,72.827,WR,2026-07-20T22:15,0.6,0.2,open-meteo
2026-07-20 22:21:57,Dadar,19.018,72.844,WR/CR,2026-07-20T22:15,0.6,0.2,open-meteo
2026-07-20 22:21:57,Andheri,19.119,72.846,WR,2026-07-20T22:15,0.7,0.4,open-meteo
2026-07-20 22:21:57,Borivali,19.231,72.857,WR,,,,open-meteo-ERR
2026-07-20 22:21:57,Virar,19.455,72.811,WR,2026-07-20T22:15,0.3,0.2,open-meteo
2026-07-20 22:21:57,CSMT,18.94,72.835,CR,2026-07-20T22:15,0.6,0.2,open-meteo
2026-07-20 22:21:57,Sion,19.043,72.862,CR-hotspot,2026-07-20T22:15,0.6,0.2,open-meteo
2026-07-20 22:21:57,Kurla,19.065,72.879,CR-hotspot,2026-07-20T22:15,0.7,0.4,open-meteo
2026-07-20 22:21:57,Thane,19.186,72.975,CR,2026-07-20T22:15,1.0,0.3,open-meteo
2026-07-20 22:21:57,Kalyan,19.243,73.13,CR,2026-07-20T22:15,0.7,0.2,open-meteo
2026-07-20 22:21:57,Chunnabhatti,19.046,72.875,Harbour-hotspot,2026-07-20T22:15,0.6,0.2,open-meteo
2026-07-20 22:21:57,Matunga,19.027,72.852,CR-hotspot,2026-07-20T22:15,0.6,0.2,open-meteo
2026-07-21 00:18:57,Churchgate,18.935,72.827,WR,2026-07-21T00:15,0.6,0.3,open-meteo
2026-07-21 00:18:57,Dadar,19.018,72.844,WR/CR,2026-07-21T00:15,0.6,0.3,open-meteo
2026-07-21 00:18:57,Andheri,19.119,72.846,WR,2026-07-21T00:15,0.6,0.3,open-meteo
2026-07-21 00:18:57,Borivali,19.231,72.857,WR,,,,open-meteo-ERR
2026-07-21 00:18:57,Virar,19.455,72.811,WR,2026-07-21T00:15,0.5,0.0,open-meteo
2026-07-21 00:18:57,CSMT,18.94,72.835,CR,2026-07-21T00:15,0.6,0.3,open-meteo
2026-07-21 00:18:57,Sion,19.043,72.862,CR-hotspot,2026-07-21T00:15,0.6,0.3,open-meteo
2026-07-21 00:18:57,Kurla,19.065,72.879,CR-hotspot,2026-07-21T00:15,0.6,0.3,open-meteo
2026-07-21 00:18:57,Thane,19.186,72.975,CR,,,,open-meteo-ERR
2026-07-21 00:18:57,Kalyan,19.243,73.13,CR,2026-07-21T00:15,0.2,0.1,open-meteo
2026-07-21 00:18:57,Chunnabhatti,19.046,72.875,Harbour-hotspot,2026-07-21T00:15,0.6,0.3,open-meteo
2026-07-21 00:18:57,Matunga,19.027,72.852,CR-hotspot,2026-07-21T00:15,0.6,0.3,open-meteo
2026-07-21 01:46:00,Churchgate,18.935,72.827,WR,2026-07-21T01:45,0.5,0.3,open-meteo
2026-07-21 01:46:00,Dadar,19.018,72.844,WR/CR,2026-07-21T01:45,0.5,0.3,open-meteo
2026-07-21 01:46:00,Andheri,19.119,72.846,WR,2026-07-21T01:45,0.3,0.2,open-meteo
2026-07-21 01:46:00,Borivali,19.231,72.857,WR,,,,open-meteo-ERR
2026-07-21 01:46:00,Virar,19.455,72.811,WR,2026-07-21T01:45,0.6,0.3,open-meteo
2026-07-21 01:46:00,CSMT,18.94,72.835,CR,2026-07-21T01:45,0.5,0.3,open-meteo
2026-07-21 01:46:00,Sion,19.043,72.862,CR-hotspot,2026-07-21T01:45,0.5,0.3,open-meteo
2026-07-21 01:46:00,Kurla,19.065,72.879,CR-hotspot,,,,open-meteo-ERR
2026-07-21 01:46:00,Thane,19.186,72.975,CR,2026-07-21T01:45,0.2,0.1,open-meteo
2026-07-21 01:46:00,Kalyan,19.243,73.13,CR,2026-07-21T01:45,0.4,0.0,open-meteo
2026-07-21 01:46:00,Chunnabhatti,19.046,72.875,Harbour-hotspot,2026-07-21T01:45,0.5,0.3,open-meteo
2026-07-21 01:46:00,Matunga,19.027,72.852,CR-hotspot,2026-07-21T01:45,0.5,0.3,open-meteo
2026-07-21 03:08:55,Churchgate,18.935,72.827,WR,2026-07-21T03:00,0.5,0.4,open-meteo
2026-07-21 03:08:55,Dadar,19.018,72.844,WR/CR,2026-07-21T03:00,0.5,0.4,open-meteo
2026-07-21 03:08:55,Andheri,19.119,72.846,WR,2026-07-21T03:00,0.7,0.4,open-meteo
2026-07-21 03:08:55,Borivali,19.231,72.857,WR,2026-07-21T03:00,1.1,0.6,open-meteo
2026-07-21 03:08:55,Virar,19.455,72.811,WR,,,,open-meteo-ERR
2026-07-21 03:08:55,CSMT,18.94,72.835,CR,2026-07-21T03:00,0.5,0.4,open-meteo
2026-07-21 03:08:55,Sion,19.043,72.862,CR-hotspot,2026-07-21T03:00,0.5,0.4,open-meteo
2026-07-21 03:08:55,Kurla,19.065,72.879,CR-hotspot,2026-07-21T03:00,0.7,0.4,open-meteo
2026-07-21 03:08:55,Thane,19.186,72.975,CR,2026-07-21T03:00,0.3,0.1,open-meteo
2026-07-21 03:08:55,Kalyan,19.243,73.13,CR,2026-07-21T03:00,0.2,0.1,open-meteo
2026-07-21 03:08:55,Chunnabhatti,19.046,72.875,Harbour-hotspot,2026-07-21T03:00,0.5,0.4,open-meteo
2026-07-21 03:08:55,Matunga,19.027,72.852,CR-hotspot,,,,open-meteo-ERR
2026-07-21 04:19:06,Churchgate,18.935,72.827,WR,2026-07-21T04:15,0.4,0.2,open-meteo
2026-07-21 04:19:06,Dadar,19.018,72.844,WR/CR,2026-07-21T04:15,0.4,0.2,open-meteo
2026-07-21 04:19:06,Andheri,19.119,72.846,WR,2026-07-21T04:15,0.8,0.5,open-meteo
2026-07-21 04:19:06,Borivali,19.231,72.857,WR,,,,open-meteo-ERR
2026-07-21 04:19:06,Virar,19.455,72.811,WR,2026-07-21T04:15,0.9,0.3,open-meteo
2026-07-21 04:19:06,CSMT,18.94,72.835,CR,2026-07-21T04:15,0.4,0.2,open-meteo
2026-07-21 04:19:06,Sion,19.043,72.862,CR-hotspot,2026-07-21T04:15,0.4,0.2,open-meteo
2026-07-21 04:19:06,Kurla,19.065,72.879,CR-hotspot,2026-07-21T04:15,0.8,0.5,open-meteo
2026-07-21 04:19:06,Thane,19.186,72.975,CR,,,,open-meteo-ERR
2026-07-21 04:19:06,Kalyan,19.243,73.13,CR,2026-07-21T04:15,0.2,0.1,open-meteo
2026-07-21 04:19:06,Chunnabhatti,19.046,72.875,Harbour-hotspot,2026-07-21T04:15,0.4,0.2,open-meteo
2026-07-21 04:19:06,Matunga,19.027,72.852,CR-hotspot,2026-07-21T04:15,0.4,0.2,open-meteo
2026-07-21 05:19:10,Churchgate,18.935,72.827,WR,2026-07-21T05:15,0.0,0.0,open-meteo
2026-07-21 05:19:10,Dadar,19.018,72.844,WR/CR,2026-07-21T05:15,0.0,0.0,open-meteo
2026-07-21 05:19:10,Andheri,19.119,72.846,WR,2026-07-21T05:15,1.0,0.4,open-meteo
2026-07-21 05:19:10,Borivali,19.231,72.857,WR,2026-07-21T05:15,1.1,0.6,open-meteo
2026-07-21 05:19:10,Virar,19.455,72.811,WR,,,,open-meteo-ERR
2026-07-21 05:19:10,CSMT,18.94,72.835,CR,2026-07-21T05:15,0.0,0.0,open-meteo
2026-07-21 05:19:10,Sion,19.043,72.862,CR-hotspot,2026-07-21T05:15,0.0,0.0,open-meteo
2026-07-21 05:19:10,Kurla,19.065,72.879,CR-hotspot,2026-07-21T05:15,1.0,0.4,open-meteo
2026-07-21 05:19:10,Thane,19.186,72.975,CR,2026-07-21T05:15,0.3,0.1,open-meteo
2026-07-21 05:19:10,Kalyan,19.243,73.13,CR,2026-07-21T05:15,0.2,0.1,open-meteo
2026-07-21 05:19:10,Chunnabhatti,19.046,72.875,Harbour-hotspot,,,,open-meteo-ERR
2026-07-21 05:19:10,Matunga,19.027,72.852,CR-hotspot,2026-07-21T05:15,0.0,0.0,open-meteo
2026-07-21 07:21:47,Churchgate,18.935,72.827,WR,2026-07-21T07:15,0.1,0.1,open-meteo
2026-07-21 07:21:47,Dadar,19.018,72.844,WR/CR,2026-07-21T07:15,0.1,0.1,open-meteo
2026-07-21 07:21:47,Andheri,19.119,72.846,WR,2026-07-21T07:15,0.2,0.0,open-meteo
2026-07-21 07:21:47,Borivali,19.231,72.857,WR,2026-07-21T07:15,0.3,0.1,open-meteo
2026-07-21 07:21:47,Virar,19.455,72.811,WR,,,,open-meteo-ERR
2026-07-21 07:21:47,CSMT,18.94,72.835,CR,2026-07-21T07:15,0.1,0.1,open-meteo
2026-07-21 07:21:47,Sion,19.043,72.862,CR-hotspot,2026-07-21T07:15,0.1,0.1,open-meteo
2026-07-21 07:21:47,Kurla,19.065,72.879,CR-hotspot,2026-07-21T07:15,0.2,0.0,open-meteo
2026-07-21 07:21:47,Thane,19.186,72.975,CR,2026-07-21T07:15,0.2,0.1,open-meteo
2026-07-21 07:21:47,Kalyan,19.243,73.13,CR,2026-07-21T07:15,0.2,0.1,open-meteo
2026-07-21 07:21:47,Chunnabhatti,19.046,72.875,Harbour-hotspot,2026-07-21T07:15,0.1,0.1,open-meteo
2026-07-21 07:21:47,Matunga,19.027,72.852,CR-hotspot,2026-07-21T07:15,0.1,0.1,open-meteo
2026-07-21 10:43:18,Churchgate,18.935,72.827,WR,2026-07-21T10:30,0.5,0.2,open-meteo
2026-07-21 10:43:18,Dadar,19.018,72.844,WR/CR,2026-07-21T10:30,0.5,0.2,open-meteo
2026-07-21 10:43:18,Andheri,19.119,72.846,WR,2026-07-21T10:30,0.3,0.2,open-meteo
2026-07-21 10:43:18,Borivali,19.231,72.857,WR,2026-07-21T10:30,0.3,0.1,open-meteo
2026-07-21 10:43:18,Virar,19.455,72.811,WR,,,,open-meteo-ERR
2026-07-21 10:43:18,CSMT,18.94,72.835,CR,2026-07-21T10:45,0.1,0.0,open-meteo
2026-07-21 10:43:18,Sion,19.043,72.862,CR-hotspot,2026-07-21T10:45,0.1,0.0,open-meteo
2026-07-21 10:43:18,Kurla,19.065,72.879,CR-hotspot,2026-07-21T10:45,0.1,0.0,open-meteo
2026-07-21 10:43:18,Thane,19.186,72.975,CR,2026-07-21T10:45,0.4,0.3,open-meteo
2026-07-21 10:43:18,Kalyan,19.243,73.13,CR,2026-07-21T10:45,0.3,0.2,open-meteo
2026-07-21 10:43:18,Chunnabhatti,19.046,72.875,Harbour-hotspot,,,,open-meteo-ERR
2026-07-21 10:43:18,Matunga,19.027,72.852,CR-hotspot,2026-07-21T10:45,0.1,0.0,open-meteo
2026-07-21 13:15:07,Churchgate,18.935,72.827,WR,2026-07-21T13:15,0.2,0.0,open-meteo
2026-07-21 13:15:07,Dadar,19.018,72.844,WR/CR,2026-07-21T13:15,0.2,0.0,open-meteo
2026-07-21 13:15:07,Andheri,19.119,72.846,WR,2026-07-21T13:15,0.2,0.0,open-meteo
2026-07-21 13:15:07,Borivali,19.231,72.857,WR,,,,open-meteo-ERR
2026-07-21 13:15:07,Virar,19.455,72.811,WR,2026-07-21T13:15,0.2,0.0,open-meteo
2026-07-21 13:15:07,CSMT,18.94,72.835,CR,2026-07-21T13:15,0.2,0.0,open-meteo
2026-07-21 13:15:07,Sion,19.043,72.862,CR-hotspot,2026-07-21T13:15,0.2,0.0,open-meteo
2026-07-21 13:15:07,Kurla,19.065,72.879,CR-hotspot,,,,open-meteo-ERR
2026-07-21 13:15:07,Thane,19.186,72.975,CR,2026-07-21T13:15,0.5,0.2,open-meteo
2026-07-21 13:15:07,Kalyan,19.243,73.13,CR,2026-07-21T13:15,0.5,0.1,open-meteo
2026-07-21 13:15:07,Chunnabhatti,19.046,72.875,Harbour-hotspot,2026-07-21T13:15,0.2,0.0,open-meteo
2026-07-21 13:15:07,Matunga,19.027,72.852,CR-hotspot,,,,open-meteo-ERR
2026-07-21 15:46:56,Churchgate,18.935,72.827,WR,2026-07-21T15:45,0.6,0.2,open-meteo
2026-07-21 15:46:56,Dadar,19.018,72.844,WR/CR,2026-07-21T15:45,0.6,0.2,open-meteo
2026-07-21 15:46:56,Andheri,19.119,72.846,WR,2026-07-21T15:45,0.8,0.2,open-meteo
2026-07-21 15:46:56,Borivali,19.231,72.857,WR,2026-07-21T15:45,0.1,0.0,open-meteo
2026-07-21 15:46:56,Virar,19.455,72.811,WR,,,,open-meteo-ERR
2026-07-21 15:46:56,CSMT,18.94,72.835,CR,2026-07-21T15:45,0.6,0.2,open-meteo
2026-07-21 15:46:56,Sion,19.043,72.862,CR-hotspot,2026-07-21T15:45,0.6,0.2,open-meteo
2026-07-21 15:46:56,Kurla,19.065,72.879,CR-hotspot,2026-07-21T15:45,0.8,0.2,open-meteo
2026-07-21 15:46:56,Thane,19.186,72.975,CR,2026-07-21T15:45,0.5,0.3,open-meteo
2026-07-21 15:46:56,Kalyan,19.243,73.13,CR,2026-07-21T15:45,0.5,0.2,open-meteo
2026-07-21 15:46:56,Chunnabhatti,19.046,72.875,Harbour-hotspot,,,,open-meteo-ERR
2026-07-21 15:46:56,Matunga,19.027,72.852,CR-hotspot,2026-07-21T15:45,0.6,0.2,open-meteo
2026-07-21 17:36:28,Churchgate,18.935,72.827,WR,2026-07-21T17:30,0.6,0.3,open-meteo
2026-07-21 17:36:28,Dadar,19.018,72.844,WR/CR,2026-07-21T17:30,0.6,0.3,open-meteo
2026-07-21 17:36:28,Andheri,19.119,72.846,WR,2026-07-21T17:30,0.4,0.2,open-meteo
2026-07-21 17:36:28,Borivali,19.231,72.857,WR,,,,open-meteo-ERR
2026-07-21 17:36:28,Virar,19.455,72.811,WR,2026-07-21T17:30,0.4,0.2,open-meteo
2026-07-21 17:36:28,CSMT,18.94,72.835,CR,2026-07-21T17:30,0.6,0.3,open-meteo
2026-07-21 17:36:28,Sion,19.043,72.862,CR-hotspot,2026-07-21T17:30,0.6,0.3,open-meteo
2026-07-21 17:36:28,Kurla,19.065,72.879,CR-hotspot,2026-07-21T17:30,0.4,0.2,open-meteo
2026-07-21 17:36:28,Thane,19.186,72.975,CR,2026-07-21T17:30,0.1,0.0,open-meteo
2026-07-21 17:36:28,Kalyan,19.243,73.13,CR,2026-07-21T17:30,0.2,0.1,open-meteo
2026-07-21 17:36:28,Chunnabhatti,19.046,72.875,Harbour-hotspot,2026-07-21T17:30,0.6,0.3,open-meteo
2026-07-21 17:36:28,Matunga,19.027,72.852,CR-hotspot,2026-07-21T17:30,0.6,0.3,open-meteo
2026-07-21 20:01:16,Churchgate,18.935,72.827,WR,2026-07-21T20:00,0.6,0.3,open-meteo
2026-07-21 20:01:16,Dadar,19.018,72.844,WR/CR,2026-07-21T20:00,0.6,0.3,open-meteo
2026-07-21 20:01:16,Andheri,19.119,72.846,WR,2026-07-21T20:00,0.7,0.2,open-meteo
2026-07-21 20:01:16,Borivali,19.231,72.857,WR,,,,open-meteo-ERR
2026-07-21 20:01:16,Virar,19.455,72.811,WR,2026-07-21T20:00,0.3,0.2,open-meteo
2026-07-21 20:01:16,CSMT,18.94,72.835,CR,2026-07-21T20:00,0.6,0.3,open-meteo
2026-07-21 20:01:16,Sion,19.043,72.862,CR-hotspot,2026-07-21T20:00,0.6,0.3,open-meteo
2026-07-21 20:01:16,Kurla,19.065,72.879,CR-hotspot,,,,open-meteo-ERR
2026-07-21 20:01:16,Thane,19.186,72.975,CR,2026-07-21T20:00,0.6,0.2,open-meteo
2026-07-21 20:01:16,Kalyan,19.243,73.13,CR,2026-07-21T20:00,0.6,0.3,open-meteo
2026-07-21 20:01:16,Chunnabhatti,19.046,72.875,Harbour-hotspot,2026-07-21T20:00,0.6,0.3,open-meteo
2026-07-21 20:01:16,Matunga,19.027,72.852,CR-hotspot,2026-07-21T20:00,0.6,0.3,open-meteo
2026-07-21 21:46:47,Churchgate,18.935,72.827,WR,2026-07-21T21:45,0.6,0.1,open-meteo
2026-07-21 21:46:47,Dadar,19.018,72.844,WR/CR,2026-07-21T21:45,0.6,0.1,open-meteo
2026-07-21 21:46:47,Andheri,19.119,72.846,WR,2026-07-21T21:45,0.7,0.3,open-meteo
2026-07-21 21:46:47,Borivali,19.231,72.857,WR,2026-07-21T21:45,0.5,0.1,open-meteo
2026-07-21 21:46:47,Virar,19.455,72.811,WR,,,,open-meteo-ERR
2026-07-21 21:46:47,CSMT,18.94,72.835,CR,2026-07-21T21:45,0.6,0.1,open-meteo
2026-07-21 21:46:47,Sion,19.043,72.862,CR-hotspot,2026-07-21T21:45,0.6,0.1,open-meteo
2026-07-21 21:46:47,Kurla,19.065,72.879,CR-hotspot,2026-07-21T21:45,0.7,0.3,open-meteo
2026-07-21 21:46:47,Thane,19.186,72.975,CR,2026-07-21T21:45,0.4,0.2,open-meteo
2026-07-21 21:46:47,Kalyan,19.243,73.13,CR,2026-07-21T21:45,0.3,0.0,open-meteo
2026-07-21 21:46:47,Chunnabhatti,19.046,72.875,Harbour-hotspot,,,,open-meteo-ERR
2026-07-21 21:46:47,Matunga,19.027,72.852,CR-hotspot,2026-07-21T21:45,0.6,0.1,open-meteo
2026-07-21 23:20:23,Churchgate,18.935,72.827,WR,2026-07-21T23:15,0.5,0.1,open-meteo
2026-07-21 23:20:23,Dadar,19.018,72.844,WR/CR,2026-07-21T23:15,0.5,0.1,open-meteo
2026-07-21 23:20:23,Andheri,19.119,72.846,WR,2026-07-21T23:15,0.5,0.1,open-meteo
2026-07-21 23:20:23,Borivali,19.231,72.857,WR,2026-07-21T23:15,0.5,0.2,open-meteo
2026-07-21 23:20:23,Virar,19.455,72.811,WR,,,,open-meteo-ERR
2026-07-21 23:20:23,CSMT,18.94,72.835,CR,2026-07-21T23:15,0.5,0.1,open-meteo
2026-07-21 23:20:23,Sion,19.043,72.862,CR-hotspot,2026-07-21T23:15,0.5,0.1,open-meteo
2026-07-21 23:20:23,Kurla,19.065,72.879,CR-hotspot,2026-07-21T23:15,0.5,0.1,open-meteo
2026-07-21 23:20:23,Thane,19.186,72.975,CR,2026-07-21T23:15,0.5,0.2,open-meteo
2026-07-21 23:20:23,Kalyan,19.243,73.13,CR,,,,open-meteo-ERR
2026-07-21 23:20:23,Chunnabhatti,19.046,72.875,Harbour-hotspot,2026-07-21T23:15,0.5,0.1,open-meteo
2026-07-21 23:20:23,Matunga,19.027,72.852,CR-hotspot,2026-07-21T23:15,0.5,0.1,open-meteo
2026-07-22 00:35:46,Churchgate,18.935,72.827,WR,2026-07-22T00:30,0.8,0.4,open-meteo
2026-07-22 00:35:46,Dadar,19.018,72.844,WR/CR,2026-07-22T00:30,0.8,0.4,open-meteo
2026-07-22 00:35:46,Andheri,19.119,72.846,WR,2026-07-22T00:30,0.5,0.2,open-meteo
2026-07-22 00:35:46,Borivali,19.231,72.857,WR,2026-07-22T00:30,0.5,0.1,open-meteo
2026-07-22 00:35:46,Virar,19.455,72.811,WR,,,,open-meteo-ERR
2026-07-22 00:35:46,CSMT,18.94,72.835,CR,2026-07-22T00:30,0.8,0.4,open-meteo
2026-07-22 00:35:46,Sion,19.043,72.862,CR-hotspot,2026-07-22T00:30,0.8,0.4,open-meteo
2026-07-22 00:35:46,Kurla,19.065,72.879,CR-hotspot,2026-07-22T00:30,0.5,0.2,open-meteo
2026-07-22 00:35:46,Thane,19.186,72.975,CR,2026-07-22T00:30,0.3,0.0,open-meteo
2026-07-22 00:35:46,Kalyan,19.243,73.13,CR,2026-07-22T00:30,0.3,0.1,open-meteo
2026-07-22 00:35:46,Chunnabhatti,19.046,72.875,Harbour-hotspot,,,,open-meteo-ERR
2026-07-22 00:35:46,Matunga,19.027,72.852,CR-hotspot,2026-07-22T00:30,0.8,0.4,open-meteo
2026-07-22 02:11:03,Churchgate,18.935,72.827,WR,2026-07-22T02:00,0.8,0.2,open-meteo
2026-07-22 02:11:03,Dadar,19.018,72.844,WR/CR,2026-07-22T02:00,0.8,0.2,open-meteo
2026-07-22 02:11:03,Andheri,19.119,72.846,WR,2026-07-22T02:00,1.0,0.2,open-meteo
2026-07-22 02:11:03,Borivali,19.231,72.857,WR,2026-07-22T02:00,1.4,0.3,open-meteo
2026-07-22 02:11:03,Virar,19.455,72.811,WR,2026-07-22T02:00,2.0,0.2,open-meteo
2026-07-22 02:11:03,CSMT,18.94,72.835,CR,2026-07-22T02:00,0.8,0.2,open-meteo
2026-07-22 02:11:03,Sion,19.043,72.862,CR-hotspot,2026-07-22T02:00,0.8,0.2,open-meteo
2026-07-22 02:11:03,Kurla,19.065,72.879,CR-hotspot,2026-07-22T02:00,1.0,0.2,open-meteo
2026-07-22 02:11:03,Thane,19.186,72.975,CR,2026-07-22T02:00,0.6,0.2,open-meteo
2026-07-22 02:11:03,Kalyan,19.243,73.13,CR,2026-07-22T02:00,0.6,0.2,open-meteo
2026-07-22 02:11:03,Chunnabhatti,19.046,72.875,Harbour-hotspot,2026-07-22T02:00,0.8,0.2,open-meteo
2026-07-22 02:11:03,Matunga,19.027,72.852,CR-hotspot,2026-07-22T02:00,0.8,0.2,open-meteo
2026-07-22 03:27:02,Churchgate,18.935,72.827,WR,2026-07-22T03:15,1.5,0.1,open-meteo
2026-07-22 03:27:02,Dadar,19.018,72.844,WR/CR,2026-07-22T03:15,1.5,0.1,open-meteo
2026-07-22 03:27:02,Andheri,19.119,72.846,WR,2026-07-22T03:15,1.1,0.3,open-meteo
2026-07-22 03:27:02,Borivali,19.231,72.857,WR,,,,open-meteo-ERR
2026-07-22 03:27:02,Virar,19.455,72.811,WR,2026-07-22T03:15,2.3,0.5,open-meteo
2026-07-22 03:27:02,CSMT,18.94,72.835,CR,2026-07-22T03:15,1.5,0.1,open-meteo
2026-07-22 03:27:02,Sion,19.043,72.862,CR-hotspot,2026-07-22T03:15,1.5,0.1,open-meteo
2026-07-22 03:27:02,Kurla,19.065,72.879,CR-hotspot,,,,open-meteo-ERR
2026-07-22 03:27:02,Thane,19.186,72.975,CR,2026-07-22T03:15,1.5,0.7,open-meteo
2026-07-22 03:27:02,Kalyan,19.243,73.13,CR,2026-07-22T03:15,1.2,0.4,open-meteo
2026-07-22 03:27:02,Chunnabhatti,19.046,72.875,Harbour-hotspot,2026-07-22T03:15,1.5,0.1,open-meteo
2026-07-22 03:27:02,Matunga,19.027,72.852,CR-hotspot,2026-07-22T03:15,1.5,0.1,open-meteo
2026-07-22 04:22:57,Churchgate,18.935,72.827,WR,2026-07-22T04:15,2.8,0.4,open-meteo
2026-07-22 04:22:57,Dadar,19.018,72.844,WR/CR,2026-07-22T04:15,2.8,0.4,open-meteo
2026-07-22 04:22:57,Andheri,19.119,72.846,WR,2026-07-22T04:15,3.1,0.3,open-meteo
2026-07-22 04:22:57,Borivali,19.231,72.857,WR,2026-07-22T04:15,3.2,0.4,open-meteo
2026-07-22 04:22:57,Virar,19.455,72.811,WR,,,,open-meteo-ERR
2026-07-22 04:22:57,CSMT,18.94,72.835,CR,2026-07-22T04:15,2.8,0.4,open-meteo
2026-07-22 04:22:57,Sion,19.043,72.862,CR-hotspot,2026-07-22T04:15,2.8,0.4,open-meteo
2026-07-22 04:22:57,Kurla,19.065,72.879,CR-hotspot,2026-07-22T04:15,3.1,0.3,open-meteo
2026-07-22 04:22:57,Thane,19.186,72.975,CR,2026-07-22T04:15,1.7,0.7,open-meteo
2026-07-22 04:22:57,Kalyan,19.243,73.13,CR,2026-07-22T04:15,1.4,0.6,open-meteo
2026-07-22 04:22:57,Chunnabhatti,19.046,72.875,Harbour-hotspot,,,,open-meteo-ERR
2026-07-22 04:22:57,Matunga,19.027,72.852,CR-hotspot,2026-07-22T04:15,2.8,0.4,open-meteo
2026-07-22 05:19:33,Churchgate,18.935,72.827,WR,2026-07-22T05:15,2.1,0.6,open-meteo
2026-07-22 05:19:33,Dadar,19.018,72.844,WR/CR,2026-07-22T05:15,2.1,0.6,open-meteo
2026-07-22 05:19:33,Andheri,19.119,72.846,WR,2026-07-22T05:15,2.9,0.6,open-meteo
2026-07-22 05:19:33,Borivali,19.231,72.857,WR,2026-07-22T05:15,2.1,0.7,open-meteo
2026-07-22 05:19:33,Virar,19.455,72.811,WR,,,,open-meteo-ERR
2026-07-22 05:19:33,CSMT,18.94,72.835,CR,2026-07-22T05:15,2.1,0.6,open-meteo
2026-07-22 05:19:33,Sion,19.043,72.862,CR-hotspot,2026-07-22T05:15,2.1,0.6,open-meteo
2026-07-22 05:19:33,Kurla,19.065,72.879,CR-hotspot,2026-07-22T05:15,2.9,0.6,open-meteo
2026-07-22 05:19:33,Thane,19.186,72.975,CR,2026-07-22T05:15,2.0,0.9,open-meteo
2026-07-22 05:19:33,Kalyan,19.243,73.13,CR,,,,open-meteo-ERR
2026-07-22 05:19:33,Chunnabhatti,19.046,72.875,Harbour-hotspot,2026-07-22T05:15,2.1,0.6,open-meteo
2026-07-22 05:19:33,Matunga,19.027,72.852,CR-hotspot,2026-07-22T05:15,2.1,0.6,open-meteo
2026-07-22 07:20:38,Churchgate,18.935,72.827,WR,2026-07-22T07:15,1.1,0.4,open-meteo
2026-07-22 07:20:38,Dadar,19.018,72.844,WR/CR,2026-07-22T07:15,1.1,0.4,open-meteo
2026-07-22 07:20:38,Andheri,19.119,72.846,WR,2026-07-22T07:15,0.9,0.4,open-meteo
2026-07-22 07:20:38,Borivali,19.231,72.857,WR,,,,open-meteo-ERR
2026-07-22 07:20:38,Virar,19.455,72.811,WR,2026-07-22T07:15,1.3,0.5,open-meteo
2026-07-22 07:20:38,CSMT,18.94,72.835,CR,2026-07-22T07:15,1.1,0.4,open-meteo
2026-07-22 07:20:38,Sion,19.043,72.862,CR-hotspot,2026-07-22T07:15,1.1,0.4,open-meteo
2026-07-22 07:20:38,Kurla,19.065,72.879,CR-hotspot,,,,open-meteo-ERR
2026-07-22 07:20:38,Thane,19.186,72.975,CR,2026-07-22T07:15,1.2,0.8,open-meteo
2026-07-22 07:20:38,Kalyan,19.243,73.13,CR,2026-07-22T07:15,1.2,0.7,open-meteo
2026-07-22 07:20:38,Chunnabhatti,19.046,72.875,Harbour-hotspot,2026-07-22T07:15,1.1,0.4,open-meteo
2026-07-22 07:20:38,Matunga,19.027,72.852,CR-hotspot,2026-07-22T07:15,1.1,0.4,open-meteo
2026-07-22 10:41:50,Churchgate,18.935,72.827,WR,2026-07-22T10:30,1.3,0.4,open-meteo
2026-07-22 10:41:50,Dadar,19.018,72.844,WR/CR,2026-07-22T10:30,1.3,0.4,open-meteo
2026-07-22 10:41:50,Andheri,19.119,72.846,WR,2026-07-22T10:30,1.4,0.3,open-meteo
2026-07-22 10:41:50,Borivali,19.231,72.857,WR,,,,open-meteo-ERR
2026-07-22 10:41:50,Virar,19.455,72.811,WR,2026-07-22T10:30,0.9,0.2,open-meteo
2026-07-22 10:41:50,CSMT,18.94,72.835,CR,2026-07-22T10:30,1.3,0.4,open-meteo
2026-07-22 10:41:50,Sion,19.043,72.862,CR-hotspot,2026-07-22T10:30,1.3,0.4,open-meteo
2026-07-22 10:41:50,Kurla,19.065,72.879,CR-hotspot,,,,open-meteo-ERR
2026-07-22 10:41:50,Thane,19.186,72.975,CR,2026-07-22T10:30,0.9,0.4,open-meteo
2026-07-22 10:41:50,Kalyan,19.243,73.13,CR,2026-07-22T10:30,0.7,0.3,open-meteo
2026-07-22 10:41:50,Chunnabhatti,19.046,72.875,Harbour-hotspot,2026-07-22T10:30,1.3,0.4,open-meteo
2026-07-22 10:41:50,Matunga,19.027,72.852,CR-hotspot,,,,open-meteo-ERR
2026-07-22 13:22:23,Churchgate,18.935,72.827,WR,2026-07-22T13:15,0.3,0.3,open-meteo
2026-07-22 13:22:23,Dadar,19.018,72.844,WR/CR,2026-07-22T13:15,0.3,0.3,open-meteo
2026-07-22 13:22:23,Andheri,19.119,72.846,WR,2026-07-22T13:15,0.4,0.3,open-meteo
2026-07-22 13:22:23,Borivali,19.231,72.857,WR,2026-07-22T13:15,0.7,0.4,open-meteo
2026-07-22 13:22:23,Virar,19.455,72.811,WR,,,,open-meteo-ERR
2026-07-22 13:22:23,CSMT,18.94,72.835,CR,2026-07-22T13:15,0.3,0.3,open-meteo
2026-07-22 13:22:23,Sion,19.043,72.862,CR-hotspot,2026-07-22T13:15,0.3,0.3,open-meteo
2026-07-22 13:22:23,Kurla,19.065,72.879,CR-hotspot,2026-07-22T13:15,0.4,0.3,open-meteo
2026-07-22 13:22:23,Thane,19.186,72.975,CR,2026-07-22T13:15,0.5,0.4,open-meteo
2026-07-22 13:22:23,Kalyan,19.243,73.13,CR,2026-07-22T13:15,0.3,0.3,open-meteo
2026-07-22 13:22:23,Chunnabhatti,19.046,72.875,Harbour-hotspot,,,,open-meteo-ERR
2026-07-22 13:22:23,Matunga,19.027,72.852,CR-hotspot,2026-07-22T13:15,0.3,0.3,open-meteo
2026-07-22 15:46:37,Churchgate,18.935,72.827,WR,2026-07-22T15:45,0.2,0.2,open-meteo
2026-07-22 15:46:37,Dadar,19.018,72.844,WR/CR,2026-07-22T15:45,0.2,0.2,open-meteo
2026-07-22 15:46:37,Andheri,19.119,72.846,WR,2026-07-22T15:45,0.3,0.1,open-meteo
2026-07-22 15:46:37,Borivali,19.231,72.857,WR,2026-07-22T15:45,0.6,0.3,open-meteo
2026-07-22 15:46:37,Virar,19.455,72.811,WR,,,,open-meteo-ERR
2026-07-22 15:46:37,CSMT,18.94,72.835,CR,2026-07-22T15:45,0.2,0.2,open-meteo
2026-07-22 15:46:37,Sion,19.043,72.862,CR-hotspot,2026-07-22T15:45,0.2,0.2,open-meteo
2026-07-22 15:46:37,Kurla,19.065,72.879,CR-hotspot,2026-07-22T15:45,0.3,0.1,open-meteo
2026-07-22 15:46:37,Thane,19.186,72.975,CR,2026-07-22T15:45,0.4,0.3,open-meteo
2026-07-22 15:46:37,Kalyan,19.243,73.13,CR,2026-07-22T15:45,0.5,0.3,open-meteo
2026-07-22 15:46:37,Chunnabhatti,19.046,72.875,Harbour-hotspot,,,,open-meteo-ERR
2026-07-22 15:46:37,Matunga,19.027,72.852,CR-hotspot,2026-07-22T15:45,0.2,0.2,open-meteo
2026-07-22 17:40:18,Churchgate,18.935,72.827,WR,2026-07-22T17:30,0.9,0.4,open-meteo
2026-07-22 17:40:18,Dadar,19.018,72.844,WR/CR,2026-07-22T17:30,0.9,0.4,open-meteo
2026-07-22 17:40:18,Andheri,19.119,72.846,WR,2026-07-22T17:30,0.8,0.3,open-meteo
2026-07-22 17:40:18,Borivali,19.231,72.857,WR,2026-07-22T17:30,0.6,0.3,open-meteo
2026-07-22 17:40:18,Virar,19.455,72.811,WR,2026-07-22T17:30,0.9,0.4,open-meteo
2026-07-22 17:40:18,CSMT,18.94,72.835,CR,2026-07-22T17:30,0.9,0.4,open-meteo
2026-07-22 17:40:18,Sion,19.043,72.862,CR-hotspot,2026-07-22T17:30,0.9,0.4,open-meteo
2026-07-22 17:40:18,Kurla,19.065,72.879,CR-hotspot,2026-07-22T17:30,0.8,0.3,open-meteo
2026-07-22 17:40:18,Thane,19.186,72.975,CR,2026-07-22T17:30,0.7,0.3,open-meteo
2026-07-22 17:40:18,Kalyan,19.243,73.13,CR,2026-07-22T17:30,0.6,0.3,open-meteo
2026-07-22 17:40:18,Chunnabhatti,19.046,72.875,Harbour-hotspot,2026-07-22T17:30,0.9,0.4,open-meteo
2026-07-22 17:40:18,Matunga,19.027,72.852,CR-hotspot,2026-07-22T17:30,0.9,0.4,open-meteo
2026-07-22 20:01:52,Churchgate,18.935,72.827,WR,2026-07-22T20:00,1.2,0.4,open-meteo
2026-07-22 20:01:52,Dadar,19.018,72.844,WR/CR,2026-07-22T20:00,1.2,0.4,open-meteo
2026-07-22 20:01:52,Andheri,19.119,72.846,WR,2026-07-22T20:00,1.1,0.4,open-meteo
2026-07-22 20:01:52,Borivali,19.231,72.857,WR,,,,open-meteo-ERR
2026-07-22 20:01:52,Virar,19.455,72.811,WR,2026-07-22T20:00,1.0,0.5,open-meteo
2026-07-22 20:01:52,CSMT,18.94,72.835,CR,2026-07-22T20:00,1.2,0.4,open-meteo
2026-07-22 20:01:52,Sion,19.043,72.862,CR-hotspot,2026-07-22T20:00,1.2,0.4,open-meteo
2026-07-22 20:01:52,Kurla,19.065,72.879,CR-hotspot,2026-07-22T20:00,1.1,0.4,open-meteo
2026-07-22 20:01:52,Thane,19.186,72.975,CR,,,,open-meteo-ERR
2026-07-22 20:01:52,Kalyan,19.243,73.13,CR,2026-07-22T20:00,1.1,0.5,open-meteo
2026-07-22 20:01:52,Chunnabhatti,19.046,72.875,Harbour-hotspot,2026-07-22T20:00,1.2,0.4,open-meteo
2026-07-22 20:01:52,Matunga,19.027,72.852,CR-hotspot,2026-07-22T20:00,1.2,0.4,open-meteo
2026-07-22 21:44:58,Churchgate,18.935,72.827,WR,2026-07-22T21:30,1.0,0.2,open-meteo
2026-07-22 21:44:58,Dadar,19.018,72.844,WR/CR,2026-07-22T21:45,1.1,0.3,open-meteo
2026-07-22 21:44:58,Andheri,19.119,72.846,WR,2026-07-22T21:45,1.1,0.3,open-meteo
2026-07-22 21:44:58,Borivali,19.231,72.857,WR,,,,open-meteo-ERR
2026-07-22 21:44:58,Virar,19.455,72.811,WR,2026-07-22T21:45,1.5,0.6,open-meteo
2026-07-22 21:44:58,CSMT,18.94,72.835,CR,2026-07-22T21:45,1.1,0.3,open-meteo
2026-07-22 21:44:58,Sion,19.043,72.862,CR-hotspot,2026-07-22T21:45,1.1,0.3,open-meteo
2026-07-22 21:44:58,Kurla,19.065,72.879,CR-hotspot,,,,open-meteo-ERR
2026-07-22 21:44:58,Thane,19.186,72.975,CR,2026-07-22T21:45,0.9,0.4,open-meteo
2026-07-22 21:44:58,Kalyan,19.243,73.13,CR,2026-07-22T21:45,1.0,0.4,open-meteo
2026-07-22 21:44:58,Chunnabhatti,19.046,72.875,Harbour-hotspot,2026-07-22T21:45,1.1,0.3,open-meteo
2026-07-22 21:44:58,Matunga,19.027,72.852,CR-hotspot,,,,open-meteo-ERR
2026-07-22 23:17:13,Churchgate,18.935,72.827,WR,2026-07-22T23:15,0.9,0.3,open-meteo
2026-07-22 23:17:13,Dadar,19.018,72.844,WR/CR,2026-07-22T23:15,0.9,0.3,open-meteo
2026-07-22 23:17:13,Andheri,19.119,72.846,WR,2026-07-22T23:15,0.9,0.4,open-meteo
2026-07-22 23:17:13,Borivali,19.231,72.857,WR,,,,open-meteo-ERR
2026-07-22 23:17:13,Virar,19.455,72.811,WR,2026-07-22T23:15,0.9,0.4,open-meteo
2026-07-22 23:17:13,CSMT,18.94,72.835,CR,2026-07-22T23:15,0.9,0.3,open-meteo
2026-07-22 23:17:13,Sion,19.043,72.862,CR-hotspot,2026-07-22T23:15,0.9,0.3,open-meteo
2026-07-22 23:17:13,Kurla,19.065,72.879,CR-hotspot,,,,open-meteo-ERR
2026-07-22 23:17:13,Thane,19.186,72.975,CR,2026-07-22T23:15,1.0,0.6,open-meteo
2026-07-22 23:17:13,Kalyan,19.243,73.13,CR,2026-07-22T23:15,1.0,0.6,open-meteo
2026-07-22 23:17:13,Chunnabhatti,19.046,72.875,Harbour-hotspot,2026-07-22T23:15,0.9,0.3,open-meteo
2026-07-22 23:17:13,Matunga,19.027,72.852,CR-hotspot,,,,open-meteo-ERR
2026-07-23 00:29:12,Churchgate,18.935,72.827,WR,2026-07-23T00:15,1.1,0.6,open-meteo
2026-07-23 00:29:12,Dadar,19.018,72.844,WR/CR,2026-07-23T00:15,1.1,0.6,open-meteo
2026-07-23 00:29:12,Andheri,19.119,72.846,WR,2026-07-23T00:15,0.8,0.6,open-meteo
2026-07-23 00:29:12,Borivali,19.231,72.857,WR,,,,open-meteo-ERR
2026-07-23 00:29:12,Virar,19.455,72.811,WR,2026-07-23T00:30,2.0,1.0,open-meteo
2026-07-23 00:29:12,CSMT,18.94,72.835,CR,2026-07-23T00:30,1.1,0.6,open-meteo
2026-07-23 00:29:12,Sion,19.043,72.862,CR-hotspot,2026-07-23T00:30,1.1,0.6,open-meteo
2026-07-23 00:29:12,Kurla,19.065,72.879,CR-hotspot,,,,open-meteo-ERR
2026-07-23 00:29:12,Thane,19.186,72.975,CR,2026-07-23T00:30,1.0,0.6,open-meteo
2026-07-23 00:29:12,Kalyan,19.243,73.13,CR,2026-07-23T00:30,0.7,0.5,open-meteo
2026-07-23 00:29:12,Chunnabhatti,19.046,72.875,Harbour-hotspot,2026-07-23T00:30,1.1,0.6,open-meteo
2026-07-23 00:29:12,Matunga,19.027,72.852,CR-hotspot,2026-07-23T00:30,1.1,0.6,open-meteo
2026-07-23 01:42:11,Churchgate,18.935,72.827,WR,2026-07-23T01:30,0.6,0.3,open-meteo
2026-07-23 01:42:11,Dadar,19.018,72.844,WR/CR,2026-07-23T01:30,0.6,0.3,open-meteo
2026-07-23 01:42:11,Andheri,19.119,72.846,WR,2026-07-23T01:30,0.9,0.5,open-meteo
2026-07-23 01:42:11,Borivali,19.231,72.857,WR,2026-07-23T01:30,1.4,0.6,open-meteo
2026-07-23 01:42:11,Virar,19.455,72.811,WR,,,,open-meteo-ERR
2026-07-23 01:42:11,CSMT,18.94,72.835,CR,2026-07-23T01:30,0.6,0.3,open-meteo
2026-07-23 01:42:11,Sion,19.043,72.862,CR-hotspot,2026-07-23T01:30,0.6,0.3,open-meteo
2026-07-23 01:42:11,Kurla,19.065,72.879,CR-hotspot,2026-07-23T01:30,0.9,0.5,open-meteo
2026-07-23 01:42:11,Thane,19.186,72.975,CR,2026-07-23T01:30,0.9,0.4,open-meteo
2026-07-23 01:42:11,Kalyan,19.243,73.13,CR,,,,open-meteo-ERR
2026-07-23 01:42:11,Chunnabhatti,19.046,72.875,Harbour-hotspot,2026-07-23T01:45,1.0,0.5,open-meteo
2026-07-23 01:42:11,Matunga,19.027,72.852,CR-hotspot,2026-07-23T01:45,1.0,0.5,open-meteo
2026-07-23 03:04:51,Churchgate,18.935,72.827,WR,2026-07-23T03:00,1.3,0.4,open-meteo
2026-07-23 03:04:51,Dadar,19.018,72.844,WR/CR,2026-07-23T03:00,1.3,0.4,open-meteo
2026-07-23 03:04:51,Andheri,19.119,72.846,WR,2026-07-23T03:00,1.0,0.4,open-meteo
2026-07-23 03:04:51,Borivali,19.231,72.857,WR,,,,open-meteo-ERR
2026-07-23 03:04:51,Virar,19.455,72.811,WR,2026-07-23T03:00,1.7,0.8,open-meteo
2026-07-23 03:04:51,CSMT,18.94,72.835,CR,2026-07-23T03:00,1.3,0.4,open-meteo
2026-07-23 03:04:51,Sion,19.043,72.862,CR-hotspot,2026-07-23T03:00,1.3,0.4,open-meteo
2026-07-23 03:04:51,Kurla,19.065,72.879,CR-hotspot,2026-07-23T03:00,1.0,0.4,open-meteo
2026-07-23 03:04:51,Thane,19.186,72.975,CR,,,,open-meteo-ERR
2026-07-23 03:04:51,Kalyan,19.243,73.13,CR,2026-07-23T03:00,1.4,0.6,open-meteo
2026-07-23 03:04:51,Chunnabhatti,19.046,72.875,Harbour-hotspot,2026-07-23T03:00,1.3,0.4,open-meteo
2026-07-23 03:04:51,Matunga,19.027,72.852,CR-hotspot,2026-07-23T03:00,1.3,0.4,open-meteo
2026-07-23 04:24:17,Churchgate,18.935,72.827,WR,2026-07-23T04:15,1.1,0.3,open-meteo
2026-07-23 04:24:17,Dadar,19.018,72.844,WR/CR,2026-07-23T04:15,1.1,0.3,open-meteo
2026-07-23 04:24:17,Andheri,19.119,72.846,WR,2026-07-23T04:15,1.0,0.5,open-meteo
2026-07-23 04:24:17,Borivali,19.231,72.857,WR,2026-07-23T04:15,1.6,0.5,open-meteo
2026-07-23 04:24:17,Virar,19.455,72.811,WR,,,,open-meteo-ERR
2026-07-23 04:24:17,CSMT,18.94,72.835,CR,2026-07-23T04:15,1.1,0.3,open-meteo
2026-07-23 04:24:17,Sion,19.043,72.862,CR-hotspot,2026-07-23T04:15,1.1,0.3,open-meteo
2026-07-23 04:24:17,Kurla,19.065,72.879,CR-hotspot,2026-07-23T04:15,1.0,0.5,open-meteo
2026-07-23 04:24:17,Thane,19.186,72.975,CR,2026-07-23T04:15,2.1,1.2,open-meteo
2026-07-23 04:24:17,Kalyan,19.243,73.13,CR,2026-07-23T04:15,2.0,0.9,open-meteo
2026-07-23 04:24:17,Chunnabhatti,19.046,72.875,Harbour-hotspot,,,,open-meteo-ERR
2026-07-23 04:24:17,Matunga,19.027,72.852,CR-hotspot,2026-07-23T04:15,1.1,0.3,open-meteo
2026-07-23 05:25:31,Churchgate,18.935,72.827,WR,2026-07-23T05:15,0.8,0.2,open-meteo
2026-07-23 05:25:31,Dadar,19.018,72.844,WR/CR,2026-07-23T05:15,0.8,0.2,open-meteo
2026-07-23 05:25:31,Andheri,19.119,72.846,WR,2026-07-23T05:15,1.0,0.3,open-meteo
2026-07-23 05:25:31,Borivali,19.231,72.857,WR,2026-07-23T05:15,1.1,0.4,open-meteo
2026-07-23 05:25:31,Virar,19.455,72.811,WR,,,,open-meteo-ERR
2026-07-23 05:25:31,CSMT,18.94,72.835,CR,2026-07-23T05:15,0.8,0.2,open-meteo
2026-07-23 05:25:31,Sion,19.043,72.862,CR-hotspot,2026-07-23T05:15,0.8,0.2,open-meteo
2026-07-23 05:25:31,Kurla,19.065,72.879,CR-hotspot,2026-07-23T05:15,1.0,0.3,open-meteo
2026-07-23 05:25:31,Thane,19.186,72.975,CR,2026-07-23T05:15,1.1,0.6,open-meteo
2026-07-23 05:25:31,Kalyan,19.243,73.13,CR,2026-07-23T05:15,1.3,0.7,open-meteo
2026-07-23 05:25:31,Chunnabhatti,19.046,72.875,Harbour-hotspot,,,,open-meteo-ERR
2026-07-23 05:25:31,Matunga,19.027,72.852,CR-hotspot,2026-07-23T05:15,0.8,0.2,open-meteo
2026-07-23 07:33:31,Churchgate,18.935,72.827,WR,2026-07-23T07:30,1.3,0.3,open-meteo
2026-07-23 07:33:31,Dadar,19.018,72.844,WR/CR,2026-07-23T07:30,1.3,0.3,open-meteo
2026-07-23 07:33:31,Andheri,19.119,72.846,WR,2026-07-23T07:30,1.1,0.4,open-meteo
2026-07-23 07:33:31,Borivali,19.231,72.857,WR,2026-07-23T07:30,1.4,0.5,open-meteo
2026-07-23 07:33:31,Virar,19.455,72.811,WR,2026-07-23T07:30,1.0,0.4,open-meteo
2026-07-23 07:33:31,CSMT,18.94,72.835,CR,,,,open-meteo-ERR
2026-07-23 07:33:31,Sion,19.043,72.862,CR-hotspot,2026-07-23T07:30,1.3,0.3,open-meteo
2026-07-23 07:33:31,Kurla,19.065,72.879,CR-hotspot,2026-07-23T07:30,1.1,0.4,open-meteo
2026-07-23 07:33:31,Thane,19.186,72.975,CR,2026-07-23T07:30,1.4,0.7,open-meteo
2026-07-23 07:33:31,Kalyan,19.243,73.13,CR,2026-07-23T07:30,1.2,0.9,open-meteo
2026-07-23 07:33:31,Chunnabhatti,19.046,72.875,Harbour-hotspot,2026-07-23T07:30,1.3,0.3,open-meteo
2026-07-23 07:33:31,Matunga,19.027,72.852,CR-hotspot,2026-07-23T07:30,1.3,0.3,open-meteo
2026-07-23 11:07:35,Churchgate,18.935,72.827,WR,2026-07-23T11:00,1.1,0.2,open-meteo
2026-07-23 11:07:35,Dadar,19.018,72.844,WR/CR,2026-07-23T11:00,1.1,0.2,open-meteo
2026-07-23 11:07:35,Andheri,19.119,72.846,WR,2026-07-23T11:00,1.0,0.2,open-meteo
2026-07-23 11:07:35,Borivali,19.231,72.857,WR,2026-07-23T11:00,1.1,0.2,open-meteo
2026-07-23 11:07:35,Virar,19.455,72.811,WR,,,,open-meteo-ERR
2026-07-23 11:07:35,CSMT,18.94,72.835,CR,2026-07-23T11:00,1.1,0.2,open-meteo
2026-07-23 11:07:35,Sion,19.043,72.862,CR-hotspot,2026-07-23T11:00,1.1,0.2,open-meteo
2026-07-23 11:07:35,Kurla,19.065,72.879,CR-hotspot,2026-07-23T11:00,1.0,0.2,open-meteo
2026-07-23 11:07:35,Thane,19.186,72.975,CR,2026-07-23T11:00,0.8,0.3,open-meteo
2026-07-23 11:07:35,Kalyan,19.243,73.13,CR,,,,open-meteo-ERR
2026-07-23 11:07:35,Chunnabhatti,19.046,72.875,Harbour-hotspot,2026-07-23T11:00,1.1,0.2,open-meteo
2026-07-23 11:07:35,Matunga,19.027,72.852,CR-hotspot,2026-07-23T11:00,1.1,0.2,open-meteo
2026-07-23 13:44:05,Churchgate,18.935,72.827,WR,2026-07-23T13:30,0.7,0.3,open-meteo
2026-07-23 13:44:05,Dadar,19.018,72.844,WR/CR,2026-07-23T13:30,0.7,0.3,open-meteo
2026-07-23 13:44:05,Andheri,19.119,72.846,WR,2026-07-23T13:30,0.9,0.4,open-meteo
2026-07-23 13:44:05,Borivali,19.231,72.857,WR,,,,open-meteo-ERR
2026-07-23 13:44:05,Virar,19.455,72.811,WR,2026-07-23T13:45,1.3,0.4,open-meteo
2026-07-23 13:44:05,CSMT,18.94,72.835,CR,2026-07-23T13:45,0.4,0.2,open-meteo
2026-07-23 13:44:05,Sion,19.043,72.862,CR-hotspot,2026-07-23T13:45,0.4,0.2,open-meteo
2026-07-23 13:44:05,Kurla,19.065,72.879,CR-hotspot,2026-07-23T13:45,0.8,0.2,open-meteo
2026-07-23 13:44:05,Thane,19.186,72.975,CR,2026-07-23T13:45,0.9,0.4,open-meteo
2026-07-23 13:44:05,Kalyan,19.243,73.13,CR,2026-07-23T13:45,0.8,0.4,open-meteo
2026-07-23 13:44:05,Chunnabhatti,19.046,72.875,Harbour-hotspot,2026-07-23T13:45,0.4,0.2,open-meteo
2026-07-23 13:44:05,Matunga,19.027,72.852,CR-hotspot,2026-07-23T13:45,0.4,0.2,open-meteo
2026-07-23 16:07:29,Churchgate,18.935,72.827,WR,2026-07-23T16:00,0.1,0.1,open-meteo
2026-07-23 16:07:29,Dadar,19.018,72.844,WR/CR,2026-07-23T16:00,0.1,0.1,open-meteo
2026-07-23 16:07:29,Andheri,19.119,72.846,WR,2026-07-23T16:00,0.1,0.1,open-meteo
2026-07-23 16:07:29,Borivali,19.231,72.857,WR,,,,open-meteo-ERR
2026-07-23 16:07:29,Virar,19.455,72.811,WR,2026-07-23T16:00,0.4,0.2,open-meteo
2026-07-23 16:07:29,CSMT,18.94,72.835,CR,2026-07-23T16:00,0.1,0.1,open-meteo
2026-07-23 16:07:29,Sion,19.043,72.862,CR-hotspot,2026-07-23T16:00,0.1,0.1,open-meteo
2026-07-23 16:07:29,Kurla,19.065,72.879,CR-hotspot,,,,open-meteo-ERR
2026-07-23 16:07:29,Thane,19.186,72.975,CR,2026-07-23T16:00,0.4,0.1,open-meteo
2026-07-23 16:07:29,Kalyan,19.243,73.13,CR,2026-07-23T16:00,0.3,0.1,open-meteo
2026-07-23 16:07:29,Chunnabhatti,19.046,72.875,Harbour-hotspot,2026-07-23T16:00,0.1,0.1,open-meteo
2026-07-23 16:07:29,Matunga,19.027,72.852,CR-hotspot,,,,open-meteo-ERR
2026-07-23 17:49:23,Churchgate,18.935,72.827,WR,2026-07-23T17:45,0.2,0.1,open-meteo
2026-07-23 17:49:23,Dadar,19.018,72.844,WR/CR,2026-07-23T17:45,0.2,0.1,open-meteo
2026-07-23 17:49:23,Andheri,19.119,72.846,WR,2026-07-23T17:45,0.2,0.1,open-meteo
2026-07-23 17:49:23,Borivali,19.231,72.857,WR,2026-07-23T17:45,0.2,0.1,open-meteo
2026-07-23 17:49:23,Virar,19.455,72.811,WR,2026-07-23T17:45,0.3,0.2,open-meteo
2026-07-23 17:49:23,CSMT,18.94,72.835,CR,2026-07-23T17:45,0.2,0.1,open-meteo
2026-07-23 17:49:23,Sion,19.043,72.862,CR-hotspot,2026-07-23T17:45,0.2,0.1,open-meteo
2026-07-23 17:49:23,Kurla,19.065,72.879,CR-hotspot,,,,open-meteo-ERR
2026-07-23 17:49:23,Thane,19.186,72.975,CR,2026-07-23T17:45,0.3,0.2,open-meteo
2026-07-23 17:49:23,Kalyan,19.243,73.13,CR,2026-07-23T17:45,0.3,0.2,open-meteo
2026-07-23 17:49:23,Chunnabhatti,19.046,72.875,Harbour-hotspot,2026-07-23T17:45,0.2,0.1,open-meteo
2026-07-23 17:49:23,Matunga,19.027,72.852,CR-hotspot,2026-07-23T17:45,0.2,0.1,open-meteo
2026-07-23 20:09:22,Churchgate,18.935,72.827,WR,2026-07-23T20:00,0.1,0.0,open-meteo
2026-07-23 20:09:22,Dadar,19.018,72.844,WR/CR,2026-07-23T20:00,0.1,0.0,open-meteo
2026-07-23 20:09:22,Andheri,19.119,72.846,WR,2026-07-23T20:00,0.1,0.0,open-meteo
2026-07-23 20:09:22,Borivali,19.231,72.857,WR,2026-07-23T20:00,0.1,0.0,open-meteo
2026-07-23 20:09:22,Virar,19.455,72.811,WR,,,,open-meteo-ERR
2026-07-23 20:09:22,CSMT,18.94,72.835,CR,2026-07-23T20:00,0.1,0.0,open-meteo
2026-07-23 20:09:22,Sion,19.043,72.862,CR-hotspot,2026-07-23T20:00,0.1,0.0,open-meteo
2026-07-23 20:09:22,Kurla,19.065,72.879,CR-hotspot,2026-07-23T20:00,0.1,0.0,open-meteo
2026-07-23 20:09:22,Thane,19.186,72.975,CR,2026-07-23T20:00,0.2,0.2,open-meteo
2026-07-23 20:09:22,Kalyan,19.243,73.13,CR,,,,open-meteo-ERR
2026-07-23 20:09:22,Chunnabhatti,19.046,72.875,Harbour-hotspot,2026-07-23T20:00,0.1,0.0,open-meteo
2026-07-23 20:09:22,Matunga,19.027,72.852,CR-hotspot,2026-07-23T20:00,0.1,0.0,open-meteo
2026-07-23 21:50:58,Churchgate,18.935,72.827,WR,2026-07-23T21:45,0.2,0.0,open-meteo
2026-07-23 21:50:58,Dadar,19.018,72.844,WR/CR,2026-07-23T21:45,0.2,0.0,open-meteo
2026-07-23 21:50:58,Andheri,19.119,72.846,WR,2026-07-23T21:45,0.2,0.0,open-meteo
2026-07-23 21:50:58,Borivali,19.231,72.857,WR,2026-07-23T21:45,0.1,0.1,open-meteo
2026-07-23 21:50:58,Virar,19.455,72.811,WR,,,,open-meteo-ERR
2026-07-23 21:50:58,CSMT,18.94,72.835,CR,2026-07-23T21:45,0.2,0.0,open-meteo
2026-07-23 21:50:58,Sion,19.043,72.862,CR-hotspot,2026-07-23T21:45,0.2,0.0,open-meteo
2026-07-23 21:50:58,Kurla,19.065,72.879,CR-hotspot,2026-07-23T21:45,0.2,0.0,open-meteo
2026-07-23 21:50:58,Thane,19.186,72.975,CR,2026-07-23T21:45,0.2,0.1,open-meteo
2026-07-23 21:50:58,Kalyan,19.243,73.13,CR,,,,open-meteo-ERR
2026-07-23 21:50:58,Chunnabhatti,19.046,72.875,Harbour-hotspot,2026-07-23T21:45,0.2,0.0,open-meteo
2026-07-23 21:50:58,Matunga,19.027,72.852,CR-hotspot,2026-07-23T21:45,0.2,0.0,open-meteo
2026-07-23 23:23:31,Churchgate,18.935,72.827,WR,2026-07-23T23:15,0.5,0.0,open-meteo
2026-07-23 23:23:31,Dadar,19.018,72.844,WR/CR,2026-07-23T23:15,0.5,0.0,open-meteo
2026-07-23 23:23:31,Andheri,19.119,72.846,WR,2026-07-23T23:15,0.4,0.1,open-meteo
2026-07-23 23:23:31,Borivali,19.231,72.857,WR,,,,open-meteo-ERR
2026-07-23 23:23:31,Virar,19.455,72.811,WR,2026-07-23T23:15,0.0,0.0,open-meteo
2026-07-23 23:23:31,CSMT,18.94,72.835,CR,2026-07-23T23:15,0.5,0.0,open-meteo
2026-07-23 23:23:31,Sion,19.043,72.862,CR-hotspot,2026-07-23T23:15,0.5,0.0,open-meteo
2026-07-23 23:23:31,Kurla,19.065,72.879,CR-hotspot,,,,open-meteo-ERR
2026-07-23 23:23:31,Thane,19.186,72.975,CR,2026-07-23T23:15,0.3,0.2,open-meteo
2026-07-23 23:23:31,Kalyan,19.243,73.13,CR,2026-07-23T23:15,0.3,0.1,open-meteo
2026-07-23 23:23:31,Chunnabhatti,19.046,72.875,Harbour-hotspot,2026-07-23T23:15,0.5,0.0,open-meteo
2026-07-23 23:23:31,Matunga,19.027,72.852,CR-hotspot,,,,open-meteo-ERR
2026-07-24 00:31:21,Churchgate,18.935,72.827,WR,2026-07-24T00:30,0.4,0.0,open-meteo
2026-07-24 00:31:21,Dadar,19.018,72.844,WR/CR,2026-07-24T00:30,0.4,0.0,open-meteo
2026-07-24 00:31:21,Andheri,19.119,72.846,WR,2026-07-24T00:30,0.1,0.0,open-meteo
2026-07-24 00:31:21,Borivali,19.231,72.857,WR,,,,open-meteo-ERR
2026-07-24 00:31:21,Virar,19.455,72.811,WR,2026-07-24T00:30,0.3,0.1,open-meteo
2026-07-24 00:31:21,CSMT,18.94,72.835,CR,2026-07-24T00:30,0.4,0.0,open-meteo
2026-07-24 00:31:21,Sion,19.043,72.862,CR-hotspot,2026-07-24T00:30,0.4,0.0,open-meteo
2026-07-24 00:31:21,Kurla,19.065,72.879,CR-hotspot,,,,open-meteo-ERR
2026-07-24 00:31:21,Thane,19.186,72.975,CR,2026-07-24T00:30,0.4,0.0,open-meteo
2026-07-24 00:31:21,Kalyan,19.243,73.13,CR,2026-07-24T00:30,0.6,0.2,open-meteo
2026-07-24 00:31:21,Chunnabhatti,19.046,72.875,Harbour-hotspot,2026-07-24T00:30,0.4,0.0,open-meteo
2026-07-24 00:31:21,Matunga,19.027,72.852,CR-hotspot,,,,open-meteo-ERR
2026-07-24 02:04:20,Churchgate,18.935,72.827,WR,2026-07-24T02:00,0.7,0.0,open-meteo
2026-07-24 02:04:20,Dadar,19.018,72.844,WR/CR,2026-07-24T02:00,0.7,0.0,open-meteo
2026-07-24 02:04:20,Andheri,19.119,72.846,WR,2026-07-24T02:00,0.3,0.1,open-meteo
2026-07-24 02:04:20,Borivali,19.231,72.857,WR,2026-07-24T02:00,0.0,0.0,open-meteo
2026-07-24 02:04:20,Virar,19.455,72.811,WR,,,,open-meteo-ERR
2026-07-24 02:04:20,CSMT,18.94,72.835,CR,2026-07-24T02:00,0.7,0.0,open-meteo
2026-07-24 02:04:20,Sion,19.043,72.862,CR-hotspot,2026-07-24T02:00,0.7,0.0,open-meteo
2026-07-24 02:04:20,Kurla,19.065,72.879,CR-hotspot,2026-07-24T02:00,0.3,0.1,open-meteo
2026-07-24 02:04:20,Thane,19.186,72.975,CR,,,,open-meteo-ERR
2026-07-24 02:04:20,Kalyan,19.243,73.13,CR,2026-07-24T02:00,0.1,0.0,open-meteo
2026-07-24 02:04:20,Chunnabhatti,19.046,72.875,Harbour-hotspot,2026-07-24T02:00,0.7,0.0,open-meteo
2026-07-24 02:04:20,Matunga,19.027,72.852,CR-hotspot,2026-07-24T02:00,0.7,0.0,open-meteo
2026-07-24 03:27:55,Churchgate,18.935,72.827,WR,2026-07-24T03:15,0.1,0.0,open-meteo
2026-07-24 03:27:55,Dadar,19.018,72.844,WR/CR,2026-07-24T03:15,0.1,0.0,open-meteo
2026-07-24 03:27:55,Andheri,19.119,72.846,WR,2026-07-24T03:15,0.1,0.1,open-meteo
2026-07-24 03:27:55,Borivali,19.231,72.857,WR,,,,open-meteo-ERR
2026-07-24 03:27:55,Virar,19.455,72.811,WR,2026-07-24T03:15,0.1,0.0,open-meteo
2026-07-24 03:27:55,CSMT,18.94,72.835,CR,2026-07-24T03:15,0.1,0.0,open-meteo
2026-07-24 03:27:55,Sion,19.043,72.862,CR-hotspot,2026-07-24T03:15,0.1,0.0,open-meteo
2026-07-24 03:27:55,Kurla,19.065,72.879,CR-hotspot,,,,open-meteo-ERR
2026-07-24 03:27:55,Thane,19.186,72.975,CR,2026-07-24T03:30,0.4,0.0,open-meteo
2026-07-24 03:27:55,Kalyan,19.243,73.13,CR,2026-07-24T03:30,0.3,0.2,open-meteo
2026-07-24 03:27:55,Chunnabhatti,19.046,72.875,Harbour-hotspot,2026-07-24T03:30,0.1,0.0,open-meteo
2026-07-24 03:27:55,Matunga,19.027,72.852,CR-hotspot,,,,open-meteo-ERR
2026-07-24 04:25:10,Churchgate,18.935,72.827,WR,2026-07-24T04:15,0.2,0.0,open-meteo
2026-07-24 04:25:10,Dadar,19.018,72.844,WR/CR,2026-07-24T04:15,0.2,0.0,open-meteo
2026-07-24 04:25:10,Andheri,19.119,72.846,WR,2026-07-24T04:15,0.2,0.0,open-meteo
2026-07-24 04:25:10,Borivali,19.231,72.857,WR,2026-07-24T04:15,0.1,0.0,open-meteo
2026-07-24 04:25:10,Virar,19.455,72.811,WR,,,,open-meteo-ERR
2026-07-24 04:25:10,CSMT,18.94,72.835,CR,2026-07-24T04:15,0.2,0.0,open-meteo
2026-07-24 04:25:10,Sion,19.043,72.862,CR-hotspot,2026-07-24T04:15,0.2,0.0,open-meteo
2026-07-24 04:25:10,Kurla,19.065,72.879,CR-hotspot,2026-07-24T04:15,0.2,0.0,open-meteo
2026-07-24 04:25:10,Thane,19.186,72.975,CR,2026-07-24T04:15,0.3,0.0,open-meteo
2026-07-24 04:25:10,Kalyan,19.243,73.13,CR,2026-07-24T04:15,0.5,0.2,open-meteo
2026-07-24 04:25:10,Chunnabhatti,19.046,72.875,Harbour-hotspot,,,,open-meteo-ERR
2026-07-24 04:25:10,Matunga,19.027,72.852,CR-hotspot,2026-07-24T04:15,0.2,0.0,open-meteo
2026-07-24 05:23:40,Churchgate,18.935,72.827,WR,2026-07-24T05:15,0.4,0.0,open-meteo
2026-07-24 05:23:40,Dadar,19.018,72.844,WR/CR,2026-07-24T05:15,0.4,0.0,open-meteo
2026-07-24 05:23:40,Andheri,19.119,72.846,WR,2026-07-24T05:15,0.2,0.0,open-meteo
2026-07-24 05:23:40,Borivali,19.231,72.857,WR,2026-07-24T05:15,0.4,0.0,open-meteo
2026-07-24 05:23:40,Virar,19.455,72.811,WR,,,,open-meteo-ERR
2026-07-24 05:23:40,CSMT,18.94,72.835,CR,2026-07-24T05:15,0.4,0.0,open-meteo
2026-07-24 05:23:40,Sion,19.043,72.862,CR-hotspot,2026-07-24T05:15,0.4,0.0,open-meteo
2026-07-24 05:23:40,Kurla,19.065,72.879,CR-hotspot,2026-07-24T05:15,0.2,0.0,open-meteo
2026-07-24 05:23:40,Thane,19.186,72.975,CR,,,,open-meteo-ERR
2026-07-24 05:23:40,Kalyan,19.243,73.13,CR,2026-07-24T05:15,0.2,0.0,open-meteo
2026-07-24 05:23:40,Chunnabhatti,19.046,72.875,Harbour-hotspot,2026-07-24T05:15,0.4,0.0,open-meteo
2026-07-24 05:23:40,Matunga,19.027,72.852,CR-hotspot,2026-07-24T05:15,0.4,0.0,open-meteo
2026-07-24 07:23:52,Churchgate,18.935,72.827,WR,2026-07-24T07:15,1.2,0.0,open-meteo
2026-07-24 07:23:52,Dadar,19.018,72.844,WR/CR,2026-07-24T07:15,1.2,0.0,open-meteo
2026-07-24 07:23:52,Andheri,19.119,72.846,WR,2026-07-24T07:15,0.9,0.2,open-meteo
2026-07-24 07:23:52,Borivali,19.231,72.857,WR,2026-07-24T07:15,0.4,0.1,open-meteo
2026-07-24 07:23:52,Virar,19.455,72.811,WR,2026-07-24T07:15,0.4,0.0,open-meteo
2026-07-24 07:23:52,CSMT,18.94,72.835,CR,2026-07-24T07:15,1.2,0.0,open-meteo
2026-07-24 07:23:52,Sion,19.043,72.862,CR-hotspot,2026-07-24T07:15,1.2,0.0,open-meteo
2026-07-24 07:23:52,Kurla,19.065,72.879,CR-hotspot,2026-07-24T07:15,0.9,0.2,open-meteo
2026-07-24 07:23:52,Thane,19.186,72.975,CR,2026-07-24T07:15,0.6,0.4,open-meteo
2026-07-24 07:23:52,Kalyan,19.243,73.13,CR,2026-07-24T07:15,0.5,0.3,open-meteo
2026-07-24 07:23:52,Chunnabhatti,19.046,72.875,Harbour-hotspot,2026-07-24T07:15,1.2,0.0,open-meteo
2026-07-24 07:23:52,Matunga,19.027,72.852,CR-hotspot,2026-07-24T07:15,1.2,0.0,open-meteo
2026-07-24 10:44:00,Churchgate,18.935,72.827,WR,2026-07-24T10:30,0.3,0.1,open-meteo
2026-07-24 10:44:00,Dadar,19.018,72.844,WR/CR,2026-07-24T10:30,0.3,0.1,open-meteo
2026-07-24 10:44:00,Andheri,19.119,72.846,WR,2026-07-24T10:30,0.4,0.1,open-meteo
2026-07-24 10:44:00,Borivali,19.231,72.857,WR,,,,open-meteo-ERR
2026-07-24 10:44:00,Virar,19.455,72.811,WR,2026-07-24T10:45,0.6,0.1,open-meteo
2026-07-24 10:44:00,CSMT,18.94,72.835,CR,2026-07-24T10:45,0.7,0.4,open-meteo
2026-07-24 10:44:00,Sion,19.043,72.862,CR-hotspot,2026-07-24T10:45,0.7,0.4,open-meteo
2026-07-24 10:44:00,Kurla,19.065,72.879,CR-hotspot,,,,open-meteo-ERR
2026-07-24 10:44:00,Thane,19.186,72.975,CR,2026-07-24T10:45,0.9,0.4,open-meteo
2026-07-24 10:44:00,Kalyan,19.243,73.13,CR,2026-07-24T10:45,0.8,0.3,open-meteo
2026-07-24 10:44:00,Chunnabhatti,19.046,72.875,Harbour-hotspot,2026-07-24T10:45,0.7,0.4,open-meteo
2026-07-24 10:44:00,Matunga,19.027,72.852,CR-hotspot,,,,open-meteo-ERR
2026-07-24 13:14:24,Churchgate,18.935,72.827,WR,2026-07-24T13:00,0.4,0.2,open-meteo
2026-07-24 13:14:24,Dadar,19.018,72.844,WR/CR,2026-07-24T13:00,0.4,0.2,open-meteo
2026-07-24 13:14:24,Andheri,19.119,72.846,WR,2026-07-24T13:00,0.5,0.2,open-meteo
2026-07-24 13:14:24,Borivali,19.231,72.857,WR,2026-07-24T13:00,0.6,0.1,open-meteo
2026-07-24 13:14:24,Virar,19.455,72.811,WR,,,,open-meteo-ERR
2026-07-24 13:14:24,CSMT,18.94,72.835,CR,2026-07-24T13:15,0.4,0.2,open-meteo
2026-07-24 13:14:24,Sion,19.043,72.862,CR-hotspot,2026-07-24T13:15,0.4,0.2,open-meteo
2026-07-24 13:14:24,Kurla,19.065,72.879,CR-hotspot,2026-07-24T13:15,0.5,0.2,open-meteo
2026-07-24 13:14:24,Thane,19.186,72.975,CR,2026-07-24T13:15,0.5,0.2,open-meteo
2026-07-24 13:14:24,Kalyan,19.243,73.13,CR,2026-07-24T13:15,0.6,0.2,open-meteo
2026-07-24 13:14:24,Chunnabhatti,19.046,72.875,Harbour-hotspot,,,,open-meteo-ERR
2026-07-24 13:14:24,Matunga,19.027,72.852,CR-hotspot,2026-07-24T13:15,0.4,0.2,open-meteo
2026-07-24 15:38:44,Churchgate,18.935,72.827,WR,2026-07-24T15:30,0.1,0.1,open-meteo
2026-07-24 15:38:44,Dadar,19.018,72.844,WR/CR,2026-07-24T15:30,0.1,0.1,open-meteo
2026-07-24 15:38:44,Andheri,19.119,72.846,WR,2026-07-24T15:30,0.5,0.0,open-meteo
2026-07-24 15:38:44,Borivali,19.231,72.857,WR,2026-07-24T15:30,0.6,0.1,open-meteo
2026-07-24 15:38:44,Virar,19.455,72.811,WR,,,,open-meteo-ERR
2026-07-24 15:38:44,CSMT,18.94,72.835,CR,2026-07-24T15:30,0.1,0.1,open-meteo
2026-07-24 15:38:44,Sion,19.043,72.862,CR-hotspot,2026-07-24T15:30,0.1,0.1,open-meteo
2026-07-24 15:38:44,Kurla,19.065,72.879,CR-hotspot,2026-07-24T15:30,0.5,0.0,open-meteo
2026-07-24 15:38:44,Thane,19.186,72.975,CR,2026-07-24T15:30,0.4,0.0,open-meteo
2026-07-24 15:38:44,Kalyan,19.243,73.13,CR,2026-07-24T15:30,0.4,0.1,open-meteo
2026-07-24 15:38:44,Chunnabhatti,19.046,72.875,Harbour-hotspot,,,,open-meteo-ERR
2026-07-24 15:38:44,Matunga,19.027,72.852,CR-hotspot,2026-07-24T15:30,0.1,0.1,open-meteo
2026-07-24 17:29:08,Churchgate,18.935,72.827,WR,2026-07-24T17:15,0.1,0.0,open-meteo
2026-07-24 17:29:08,Dadar,19.018,72.844,WR/CR,2026-07-24T17:15,0.1,0.0,open-meteo
2026-07-24 17:29:08,Andheri,19.119,72.846,WR,2026-07-24T17:15,0.1,0.0,open-meteo
2026-07-24 17:29:08,Borivali,19.231,72.857,WR,,,,open-meteo-ERR
2026-07-24 17:29:08,Virar,19.455,72.811,WR,2026-07-24T17:30,0.6,0.1,open-meteo
2026-07-24 17:29:08,CSMT,18.94,72.835,CR,2026-07-24T17:30,0.1,0.0,open-meteo
2026-07-24 17:29:08,Sion,19.043,72.862,CR-hotspot,2026-07-24T17:30,0.1,0.0,open-meteo
2026-07-24 17:29:08,Kurla,19.065,72.879,CR-hotspot,2026-07-24T17:30,0.1,0.0,open-meteo
2026-07-24 17:29:08,Thane,19.186,72.975,CR,,,,open-meteo-ERR
2026-07-24 17:29:08,Kalyan,19.243,73.13,CR,2026-07-24T17:30,0.4,0.2,open-meteo
2026-07-24 17:29:08,Chunnabhatti,19.046,72.875,Harbour-hotspot,2026-07-24T17:30,0.1,0.0,open-meteo
2026-07-24 17:29:08,Matunga,19.027,72.852,CR-hotspot,2026-07-24T17:30,0.1,0.0,open-meteo
2026-07-24 19:19:02,Churchgate,18.935,72.827,WR,2026-07-24T19:15,0.2,0.1,open-meteo
2026-07-24 19:19:02,Dadar,19.018,72.844,WR/CR,2026-07-24T19:15,0.2,0.1,open-meteo
2026-07-24 19:19:02,Andheri,19.119,72.846,WR,2026-07-24T19:15,0.1,0.1,open-meteo
2026-07-24 19:19:02,Borivali,19.231,72.857,WR,,,,open-meteo-ERR
2026-07-24 19:19:02,Virar,19.455,72.811,WR,2026-07-24T19:15,0.3,0.2,open-meteo
2026-07-24 19:19:02,CSMT,18.94,72.835,CR,2026-07-24T19:15,0.2,0.1,open-meteo
2026-07-24 19:19:02,Sion,19.043,72.862,CR-hotspot,2026-07-24T19:15,0.2,0.1,open-meteo
2026-07-24 19:19:02,Kurla,19.065,72.879,CR-hotspot,2026-07-24T19:15,0.1,0.1,open-meteo
2026-07-24 19:19:02,Thane,19.186,72.975,CR,,,,open-meteo-ERR
2026-07-24 19:19:02,Kalyan,19.243,73.13,CR,2026-07-24T19:15,0.2,0.1,open-meteo
2026-07-24 19:19:02,Chunnabhatti,19.046,72.875,Harbour-hotspot,2026-07-24T19:15,0.2,0.1,open-meteo
2026-07-24 19:19:02,Matunga,19.027,72.852,CR-hotspot,2026-07-24T19:15,0.2,0.1,open-meteo
2026-07-24 20:50:56,Churchgate,18.935,72.827,WR,2026-07-24T20:45,0.1,0.1,open-meteo
2026-07-24 20:50:56,Dadar,19.018,72.844,WR/CR,2026-07-24T20:45,0.1,0.1,open-meteo
2026-07-24 20:50:56,Andheri,19.119,72.846,WR,2026-07-24T20:45,0.1,0.0,open-meteo
2026-07-24 20:50:56,Borivali,19.231,72.857,WR,2026-07-24T20:45,0.2,0.1,open-meteo
2026-07-24 20:50:56,Virar,19.455,72.811,WR,,,,open-meteo-ERR
2026-07-24 20:50:56,CSMT,18.94,72.835,CR,2026-07-24T20:45,0.1,0.1,open-meteo
2026-07-24 20:50:56,Sion,19.043,72.862,CR-hotspot,2026-07-24T20:45,0.1,0.1,open-meteo
2026-07-24 20:50:56,Kurla,19.065,72.879,CR-hotspot,2026-07-24T20:45,0.1,0.0,open-meteo
2026-07-24 20:50:56,Thane,19.186,72.975,CR,2026-07-24T20:45,0.1,0.1,open-meteo
2026-07-24 20:50:56,Kalyan,19.243,73.13,CR,,,,open-meteo-ERR
2026-07-24 20:50:56,Chunnabhatti,19.046,72.875,Harbour-hotspot,2026-07-24T20:45,0.1,0.1,open-meteo
2026-07-24 20:50:56,Matunga,19.027,72.852,CR-hotspot,2026-07-24T20:45,0.1,0.1,open-meteo
2026-07-24 22:31:27,Churchgate,18.935,72.827,WR,2026-07-24T22:30,0.3,0.1,open-meteo
2026-07-24 22:31:27,Dadar,19.018,72.844,WR/CR,2026-07-24T22:30,0.3,0.1,open-meteo
2026-07-24 22:31:27,Andheri,19.119,72.846,WR,2026-07-24T22:30,0.2,0.2,open-meteo
2026-07-24 22:31:27,Borivali,19.231,72.857,WR,2026-07-24T22:30,0.2,0.1,open-meteo
2026-07-24 22:31:27,Virar,19.455,72.811,WR,,,,open-meteo-ERR
2026-07-24 22:31:27,CSMT,18.94,72.835,CR,2026-07-24T22:30,0.3,0.1,open-meteo
2026-07-24 22:31:27,Sion,19.043,72.862,CR-hotspot,2026-07-24T22:30,0.3,0.1,open-meteo
2026-07-24 22:31:27,Kurla,19.065,72.879,CR-hotspot,2026-07-24T22:30,0.2,0.2,open-meteo
2026-07-24 22:31:27,Thane,19.186,72.975,CR,2026-07-24T22:30,0.3,0.1,open-meteo
2026-07-24 22:31:27,Kalyan,19.243,73.13,CR,2026-07-24T22:30,0.2,0.1,open-meteo
2026-07-24 22:31:27,Chunnabhatti,19.046,72.875,Harbour-hotspot,,,,open-meteo-ERR
2026-07-24 22:31:27,Matunga,19.027,72.852,CR-hotspot,2026-07-24T22:30,0.3,0.1,open-meteo
2026-07-25 00:23:44,Churchgate,18.935,72.827,WR,2026-07-25T00:15,0.1,0.1,open-meteo
2026-07-25 00:23:44,Dadar,19.018,72.844,WR/CR,2026-07-25T00:15,0.1,0.1,open-meteo
2026-07-25 00:23:44,Andheri,19.119,72.846,WR,2026-07-25T00:15,0.2,0.1,open-meteo
2026-07-25 00:23:44,Borivali,19.231,72.857,WR,2026-07-25T00:15,0.0,0.0,open-meteo
2026-07-25 00:23:44,Virar,19.455,72.811,WR,,,,open-meteo-ERR
2026-07-25 00:23:44,CSMT,18.94,72.835,CR,2026-07-25T00:15,0.1,0.1,open-meteo
2026-07-25 00:23:44,Sion,19.043,72.862,CR-hotspot,2026-07-25T00:15,0.1,0.1,open-meteo
2026-07-25 00:23:44,Kurla,19.065,72.879,CR-hotspot,2026-07-25T00:15,0.2,0.1,open-meteo
2026-07-25 00:23:44,Thane,19.186,72.975,CR,2026-07-25T00:15,0.1,0.1,open-meteo
2026-07-25 00:23:44,Kalyan,19.243,73.13,CR,2026-07-25T00:15,0.0,0.0,open-meteo
2026-07-25 00:23:44,Chunnabhatti,19.046,72.875,Harbour-hotspot,,,,open-meteo-ERR
2026-07-25 00:23:44,Matunga,19.027,72.852,CR-hotspot,2026-07-25T00:15,0.1,0.1,open-meteo
2026-07-25 01:42:04,Churchgate,18.935,72.827,WR,2026-07-25T01:30,0.1,0.0,open-meteo
2026-07-25 01:42:04,Dadar,19.018,72.844,WR/CR,2026-07-25T01:30,0.1,0.0,open-meteo
2026-07-25 01:42:04,Andheri,19.119,72.846,WR,2026-07-25T01:30,0.1,0.0,open-meteo
2026-07-25 01:42:04,Borivali,19.231,72.857,WR,,,,open-meteo-ERR
2026-07-25 01:42:04,Virar,19.455,72.811,WR,2026-07-25T01:30,0.1,0.0,open-meteo
2026-07-25 01:42:04,CSMT,18.94,72.835,CR,2026-07-25T01:30,0.1,0.0,open-meteo
2026-07-25 01:42:04,Sion,19.043,72.862,CR-hotspot,2026-07-25T01:30,0.1,0.0,open-meteo
2026-07-25 01:42:04,Kurla,19.065,72.879,CR-hotspot,2026-07-25T01:30,0.1,0.0,open-meteo
2026-07-25 01:42:04,Thane,19.186,72.975,CR,2026-07-25T01:30,0.2,0.1,open-meteo
2026-07-25 01:42:04,Kalyan,19.243,73.13,CR,2026-07-25T01:30,0.1,0.1,open-meteo
2026-07-25 01:42:04,Chunnabhatti,19.046,72.875,Harbour-hotspot,2026-07-25T01:30,0.1,0.0,open-meteo
2026-07-25 01:42:04,Matunga,19.027,72.852,CR-hotspot,,,,open-meteo-ERR
2026-07-25 03:04:02,Churchgate,18.935,72.827,WR,2026-07-25T03:00,0.2,0.0,open-meteo
2026-07-25 03:04:02,Dadar,19.018,72.844,WR/CR,2026-07-25T03:00,0.2,0.0,open-meteo
2026-07-25 03:04:02,Andheri,19.119,72.846,WR,2026-07-25T03:00,0.1,0.1,open-meteo
2026-07-25 03:04:02,Borivali,19.231,72.857,WR,2026-07-25T03:00,0.4,0.2,open-meteo
2026-07-25 03:04:02,Virar,19.455,72.811,WR,,,,open-meteo-ERR
2026-07-25 03:04:02,CSMT,18.94,72.835,CR,2026-07-25T03:00,0.2,0.0,open-meteo
2026-07-25 03:04:02,Sion,19.043,72.862,CR-hotspot,2026-07-25T03:00,0.2,0.0,open-meteo
2026-07-25 03:04:02,Kurla,19.065,72.879,CR-hotspot,2026-07-25T03:00,0.1,0.1,open-meteo
2026-07-25 03:04:02,Thane,19.186,72.975,CR,2026-07-25T03:00,0.4,0.2,open-meteo
2026-07-25 03:04:02,Kalyan,19.243,73.13,CR,,,,open-meteo-ERR
2026-07-25 03:04:02,Chunnabhatti,19.046,72.875,Harbour-hotspot,2026-07-25T03:00,0.2,0.0,open-meteo
2026-07-25 03:04:02,Matunga,19.027,72.852,CR-hotspot,2026-07-25T03:00,0.2,0.0,open-meteo
2026-07-25 04:24:16,Churchgate,18.935,72.827,WR,2026-07-25T04:15,1.8,0.2,open-meteo
2026-07-25 04:24:16,Dadar,19.018,72.844,WR/CR,2026-07-25T04:15,1.8,0.2,open-meteo
2026-07-25 04:24:16,Andheri,19.119,72.846,WR,2026-07-25T04:15,0.9,0.2,open-meteo
2026-07-25 04:24:16,Borivali,19.231,72.857,WR,2026-07-25T04:15,0.8,0.3,open-meteo
2026-07-25 04:24:16,Virar,19.455,72.811,WR,,,,open-meteo-ERR
2026-07-25 04:24:16,CSMT,18.94,72.835,CR,2026-07-25T04:15,1.8,0.2,open-meteo
2026-07-25 04:24:16,Sion,19.043,72.862,CR-hotspot,2026-07-25T04:15,1.8,0.2,open-meteo
2026-07-25 04:24:16,Kurla,19.065,72.879,CR-hotspot,2026-07-25T04:15,0.9,0.2,open-meteo
2026-07-25 04:24:16,Thane,19.186,72.975,CR,2026-07-25T04:15,0.7,0.4,open-meteo
2026-07-25 04:24:16,Kalyan,19.243,73.13,CR,2026-07-25T04:15,0.8,0.4,open-meteo
2026-07-25 04:24:16,Chunnabhatti,19.046,72.875,Harbour-hotspot,,,,open-meteo-ERR
2026-07-25 04:24:16,Matunga,19.027,72.852,CR-hotspot,2026-07-25T04:15,1.8,0.2,open-meteo
2026-07-25 05:26:40,Churchgate,18.935,72.827,WR,2026-07-25T05:15,0.4,0.1,open-meteo
2026-07-25 05:26:40,Dadar,19.018,72.844,WR/CR,2026-07-25T05:15,0.4,0.1,open-meteo
2026-07-25 05:26:40,Andheri,19.119,72.846,WR,2026-07-25T05:15,0.3,0.1,open-meteo
2026-07-25 05:26:40,Borivali,19.231,72.857,WR,2026-07-25T05:15,0.4,0.1,open-meteo
2026-07-25 05:26:40,Virar,19.455,72.811,WR,,,,open-meteo-ERR
2026-07-25 05:26:40,CSMT,18.94,72.835,CR,2026-07-25T05:15,0.4,0.1,open-meteo
2026-07-25 05:26:40,Sion,19.043,72.862,CR-hotspot,2026-07-25T05:15,0.4,0.1,open-meteo
2026-07-25 05:26:40,Kurla,19.065,72.879,CR-hotspot,2026-07-25T05:15,0.3,0.1,open-meteo
2026-07-25 05:26:40,Thane,19.186,72.975,CR,2026-07-25T05:15,0.2,0.1,open-meteo
2026-07-25 05:26:40,Kalyan,19.243,73.13,CR,2026-07-25T05:15,0.2,0.1,open-meteo
2026-07-25 05:26:40,Chunnabhatti,19.046,72.875,Harbour-hotspot,,,,open-meteo-ERR
2026-07-25 05:26:40,Matunga,19.027,72.852,CR-hotspot,2026-07-25T05:30,0.4,0.1,open-meteo
2026-07-25 07:43:33,Churchgate,18.935,72.827,WR,2026-07-25T07:30,0.6,0.1,open-meteo
2026-07-25 07:43:33,Dadar,19.018,72.844,WR/CR,2026-07-25T07:30,0.6,0.1,open-meteo
2026-07-25 07:43:33,Andheri,19.119,72.846,WR,2026-07-25T07:30,0.5,0.1,open-meteo
2026-07-25 07:43:33,Borivali,19.231,72.857,WR,2026-07-25T07:30,0.3,0.1,open-meteo
2026-07-25 07:43:33,Virar,19.455,72.811,WR,,,,open-meteo-ERR
2026-07-25 07:43:33,CSMT,18.94,72.835,CR,2026-07-25T07:45,0.2,0.1,open-meteo
2026-07-25 07:43:33,Sion,19.043,72.862,CR-hotspot,2026-07-25T07:45,0.2,0.1,open-meteo
2026-07-25 07:43:33,Kurla,19.065,72.879,CR-hotspot,2026-07-25T07:45,0.1,0.1,open-meteo
2026-07-25 07:43:33,Thane,19.186,72.975,CR,2026-07-25T07:45,0.3,0.2,open-meteo
2026-07-25 07:43:33,Kalyan,19.243,73.13,CR,2026-07-25T07:45,0.4,0.2,open-meteo
2026-07-25 07:43:33,Chunnabhatti,19.046,72.875,Harbour-hotspot,,,,open-meteo-ERR
2026-07-25 07:43:33,Matunga,19.027,72.852,CR-hotspot,2026-07-25T07:45,0.2,0.1,open-meteo
2026-07-25 10:57:08,Churchgate,18.935,72.827,WR,2026-07-25T10:45,1.9,0.2,open-meteo
2026-07-25 10:57:08,Dadar,19.018,72.844,WR/CR,2026-07-25T10:45,1.9,0.2,open-meteo
2026-07-25 10:57:08,Andheri,19.119,72.846,WR,2026-07-25T10:45,0.8,0.3,open-meteo
2026-07-25 10:57:08,Borivali,19.231,72.857,WR,2026-07-25T10:45,0.5,0.2,open-meteo
2026-07-25 10:57:08,Virar,19.455,72.811,WR,,,,open-meteo-ERR
2026-07-25 10:57:08,CSMT,18.94,72.835,CR,2026-07-25T10:45,1.9,0.2,open-meteo
2026-07-25 10:57:08,Sion,19.043,72.862,CR-hotspot,2026-07-25T10:45,1.9,0.2,open-meteo
2026-07-25 10:57:08,Kurla,19.065,72.879,CR-hotspot,2026-07-25T10:45,0.8,0.3,open-meteo
2026-07-25 10:57:08,Thane,19.186,72.975,CR,2026-07-25T10:45,0.4,0.0,open-meteo
2026-07-25 10:57:08,Kalyan,19.243,73.13,CR,2026-07-25T10:45,0.6,0.3,open-meteo
2026-07-25 10:57:08,Chunnabhatti,19.046,72.875,Harbour-hotspot,,,,open-meteo-ERR
2026-07-25 10:57:08,Matunga,19.027,72.852,CR-hotspot,2026-07-25T11:00,1.9,0.2,open-meteo
2026-07-25 13:02:00,Churchgate,18.935,72.827,WR,2026-07-25T13:00,0.2,0.0,open-meteo
2026-07-25 13:02:00,Dadar,19.018,72.844,WR/CR,2026-07-25T13:00,0.2,0.0,open-meteo
2026-07-25 13:02:00,Andheri,19.119,72.846,WR,2026-07-25T13:00,0.1,0.0,open-meteo
2026-07-25 13:02:00,Borivali,19.231,72.857,WR,,,,open-meteo-ERR
2026-07-25 13:02:00,Virar,19.455,72.811,WR,2026-07-25T13:00,0.0,0.0,open-meteo
2026-07-25 13:02:00,CSMT,18.94,72.835,CR,2026-07-25T13:00,0.2,0.0,open-meteo
2026-07-25 13:02:00,Sion,19.043,72.862,CR-hotspot,2026-07-25T13:00,0.2,0.0,open-meteo
2026-07-25 13:02:00,Kurla,19.065,72.879,CR-hotspot,,,,open-meteo-ERR
2026-07-25 13:02:00,Thane,19.186,72.975,CR,2026-07-25T13:00,0.1,0.0,open-meteo
2026-07-25 13:02:00,Kalyan,19.243,73.13,CR,2026-07-25T13:00,0.1,0.0,open-meteo
2026-07-25 13:02:00,Chunnabhatti,19.046,72.875,Harbour-hotspot,2026-07-25T13:00,0.2,0.0,open-meteo
2026-07-25 13:02:00,Matunga,19.027,72.852,CR-hotspot,2026-07-25T13:00,0.2,0.0,open-meteo
2026-07-25 14:59:12,Churchgate,18.935,72.827,WR,2026-07-25T14:45,0.1,0.1,open-meteo
2026-07-25 14:59:12,Dadar,19.018,72.844,WR/CR,2026-07-25T14:45,0.1,0.1,open-meteo
2026-07-25 14:59:12,Andheri,19.119,72.846,WR,2026-07-25T14:45,0.1,0.0,open-meteo
2026-07-25 14:59:12,Borivali,19.231,72.857,WR,2026-07-25T14:45,0.0,0.0,open-meteo
2026-07-25 14:59:12,Virar,19.455,72.811,WR,2026-07-25T14:45,0.4,0.0,open-meteo
2026-07-25 14:59:12,CSMT,18.94,72.835,CR,,,,open-meteo-ERR
2026-07-25 14:59:12,Sion,19.043,72.862,CR-hotspot,2026-07-25T15:00,0.1,0.1,open-meteo
2026-07-25 14:59:12,Kurla,19.065,72.879,CR-hotspot,2026-07-25T15:00,0.1,0.0,open-meteo
2026-07-25 14:59:12,Thane,19.186,72.975,CR,2026-07-25T15:00,0.3,0.2,open-meteo
2026-07-25 14:59:12,Kalyan,19.243,73.13,CR,2026-07-25T15:00,0.2,0.1,open-meteo
2026-07-25 14:59:12,Chunnabhatti,19.046,72.875,Harbour-hotspot,2026-07-25T15:00,0.1,0.1,open-meteo
2026-07-25 14:59:12,Matunga,19.027,72.852,CR-hotspot,2026-07-25T15:00,0.1,0.1,open-meteo
2026-07-25 16:22:42,Churchgate,18.935,72.827,WR,2026-07-25T16:15,0.1,0.0,open-meteo
2026-07-25 16:22:42,Dadar,19.018,72.844,WR/CR,2026-07-25T16:15,0.1,0.0,open-meteo
2026-07-25 16:22:42,Andheri,19.119,72.846,WR,2026-07-25T16:15,0.3,0.1,open-meteo
2026-07-25 16:22:42,Borivali,19.231,72.857,WR,,,,open-meteo-ERR
2026-07-25 16:22:42,Virar,19.455,72.811,WR,2026-07-25T16:15,0.5,0.2,open-meteo
2026-07-25 16:22:42,CSMT,18.94,72.835,CR,2026-07-25T16:15,0.1,0.0,open-meteo
2026-07-25 16:22:42,Sion,19.043,72.862,CR-hotspot,2026-07-25T16:15,0.1,0.0,open-meteo
2026-07-25 16:22:42,Kurla,19.065,72.879,CR-hotspot,,,,open-meteo-ERR
2026-07-25 16:22:42,Thane,19.186,72.975,CR,2026-07-25T16:15,0.3,0.2,open-meteo
2026-07-25 16:22:42,Kalyan,19.243,73.13,CR,2026-07-25T16:15,0.2,0.1,open-meteo
2026-07-25 16:22:42,Chunnabhatti,19.046,72.875,Harbour-hotspot,2026-07-25T16:15,0.1,0.0,open-meteo
2026-07-25 16:22:42,Matunga,19.027,72.852,CR-hotspot,,,,open-meteo-ERR
2026-07-25 17:27:58,Churchgate,18.935,72.827,WR,2026-07-25T17:15,0.1,0.0,open-meteo
2026-07-25 17:27:58,Dadar,19.018,72.844,WR/CR,2026-07-25T17:15,0.1,0.0,open-meteo
2026-07-25 17:27:58,Andheri,19.119,72.846,WR,2026-07-25T17:15,0.1,0.0,open-meteo
2026-07-25 17:27:58,Borivali,19.231,72.857,WR,2026-07-25T17:15,0.2,0.1,open-meteo
2026-07-25 17:27:58,Virar,19.455,72.811,WR,,,,open-meteo-ERR
2026-07-25 17:27:58,CSMT,18.94,72.835,CR,2026-07-25T17:15,0.1,0.0,open-meteo
2026-07-25 17:27:58,Sion,19.043,72.862,CR-hotspot,2026-07-25T17:15,0.1,0.0,open-meteo
2026-07-25 17:27:58,Kurla,19.065,72.879,CR-hotspot,2026-07-25T17:15,0.1,0.0,open-meteo
2026-07-25 17:27:58,Thane,19.186,72.975,CR,2026-07-25T17:15,0.2,0.1,open-meteo
2026-07-25 17:27:58,Kalyan,19.243,73.13,CR,2026-07-25T17:15,0.3,0.1,open-meteo
2026-07-25 17:27:58,Chunnabhatti,19.046,72.875,Harbour-hotspot,,,,open-meteo-ERR
2026-07-25 17:27:58,Matunga,19.027,72.852,CR-hotspot,2026-07-25T17:30,0.1,0.0,open-meteo
2026-07-25 18:53:20,Churchgate,18.935,72.827,WR,2026-07-25T18:45,1.4,0.5,open-meteo
2026-07-25 18:53:20,Dadar,19.018,72.844,WR/CR,2026-07-25T18:45,1.4,0.5,open-meteo
2026-07-25 18:53:20,Andheri,19.119,72.846,WR,2026-07-25T18:45,1.6,1.0,open-meteo
2026-07-25 18:53:20,Borivali,19.231,72.857,WR,,,,open-meteo-ERR
2026-07-25 18:53:20,Virar,19.455,72.811,WR,2026-07-25T18:45,0.2,0.1,open-meteo
2026-07-25 18:53:20,CSMT,18.94,72.835,CR,2026-07-25T18:45,1.4,0.5,open-meteo
2026-07-25 18:53:20,Sion,19.043,72.862,CR-hotspot,2026-07-25T18:45,1.4,0.5,open-meteo
2026-07-25 18:53:20,Kurla,19.065,72.879,CR-hotspot,2026-07-25T18:45,1.6,1.0,open-meteo
2026-07-25 18:53:20,Thane,19.186,72.975,CR,2026-07-25T18:45,0.5,0.4,open-meteo
2026-07-25 18:53:20,Kalyan,19.243,73.13,CR,2026-07-25T18:45,0.2,0.1,open-meteo
2026-07-25 18:53:20,Chunnabhatti,19.046,72.875,Harbour-hotspot,2026-07-25T18:45,1.4,0.5,open-meteo
2026-07-25 18:53:20,Matunga,19.027,72.852,CR-hotspot,,,,open-meteo-ERR
2026-07-25 20:14:37,Churchgate,18.935,72.827,WR,2026-07-25T20:00,3.1,0.0,open-meteo
2026-07-25 20:14:37,Dadar,19.018,72.844,WR/CR,2026-07-25T20:00,3.1,0.0,open-meteo
2026-07-25 20:14:37,Andheri,19.119,72.846,WR,2026-07-25T20:00,0.9,0.5,open-meteo
2026-07-25 20:14:37,Borivali,19.231,72.857,WR,,,,open-meteo-ERR
2026-07-25 20:14:37,Virar,19.455,72.811,WR,2026-07-25T20:15,0.6,0.1,open-meteo
2026-07-25 20:14:37,CSMT,18.94,72.835,CR,2026-07-25T20:15,3.1,0.0,open-meteo
2026-07-25 20:14:37,Sion,19.043,72.862,CR-hotspot,2026-07-25T20:15,3.1,0.0,open-meteo
2026-07-25 20:14:37,Kurla,19.065,72.879,CR-hotspot,,,,open-meteo-ERR
2026-07-25 20:14:37,Thane,19.186,72.975,CR,2026-07-25T20:15,0.4,0.4,open-meteo
2026-07-25 20:14:37,Kalyan,19.243,73.13,CR,2026-07-25T20:15,0.3,0.3,open-meteo
2026-07-25 20:14:37,Chunnabhatti,19.046,72.875,Harbour-hotspot,2026-07-25T20:15,3.1,0.0,open-meteo
2026-07-25 20:14:37,Matunga,19.027,72.852,CR-hotspot,,,,open-meteo-ERR
2026-07-25 21:27:38,Churchgate,18.935,72.827,WR,2026-07-25T21:15,0.7,0.2,open-meteo
2026-07-25 21:27:38,Dadar,19.018,72.844,WR/CR,2026-07-25T21:15,0.7,0.2,open-meteo
2026-07-25 21:27:38,Andheri,19.119,72.846,WR,2026-07-25T21:15,0.3,0.2,open-meteo
2026-07-25 21:27:38,Borivali,19.231,72.857,WR,2026-07-25T21:15,1.4,0.4,open-meteo
2026-07-25 21:27:38,Virar,19.455,72.811,WR,,,,open-meteo-ERR
2026-07-25 21:27:38,CSMT,18.94,72.835,CR,2026-07-25T21:15,0.7,0.2,open-meteo
2026-07-25 21:27:38,Sion,19.043,72.862,CR-hotspot,2026-07-25T21:15,0.7,0.2,open-meteo
2026-07-25 21:27:38,Kurla,19.065,72.879,CR-hotspot,2026-07-25T21:15,0.3,0.2,open-meteo
2026-07-25 21:27:38,Thane,19.186,72.975,CR,2026-07-25T21:15,1.2,0.6,open-meteo
2026-07-25 21:27:38,Kalyan,19.243,73.13,CR,,,,open-meteo-ERR
2026-07-25 21:27:38,Chunnabhatti,19.046,72.875,Harbour-hotspot,2026-07-25T21:30,0.7,0.2,open-meteo
2026-07-25 21:27:38,Matunga,19.027,72.852,CR-hotspot,2026-07-25T21:30,0.7,0.2,open-meteo
2026-07-25 22:24:34,Churchgate,18.935,72.827,WR,2026-07-25T22:15,1.2,0.6,open-meteo
2026-07-25 22:24:34,Dadar,19.018,72.844,WR/CR,2026-07-25T22:15,1.2,0.6,open-meteo
2026-07-25 22:24:34,Andheri,19.119,72.846,WR,2026-07-25T22:15,1.0,0.4,open-meteo
2026-07-25 22:24:34,Borivali,19.231,72.857,WR,,,,open-meteo-ERR
2026-07-25 22:24:34,Virar,19.455,72.811,WR,2026-07-25T22:15,0.9,0.5,open-meteo
2026-07-25 22:24:34,CSMT,18.94,72.835,CR,2026-07-25T22:15,1.2,0.6,open-meteo
2026-07-25 22:24:34,Sion,19.043,72.862,CR-hotspot,2026-07-25T22:15,1.2,0.6,open-meteo
2026-07-25 22:24:34,Kurla,19.065,72.879,CR-hotspot,,,,open-meteo-ERR
2026-07-25 22:24:34,Thane,19.186,72.975,CR,2026-07-25T22:15,0.6,0.3,open-meteo
2026-07-25 22:24:34,Kalyan,19.243,73.13,CR,2026-07-25T22:15,1.1,0.2,open-meteo
2026-07-25 22:24:34,Chunnabhatti,19.046,72.875,Harbour-hotspot,2026-07-25T22:15,1.2,0.6,open-meteo
2026-07-25 22:24:34,Matunga,19.027,72.852,CR-hotspot,,,,open-meteo-ERR
2026-07-25 23:22:06,Churchgate,18.935,72.827,WR,2026-07-25T23:15,0.4,0.1,open-meteo
2026-07-25 23:22:06,Dadar,19.018,72.844,WR/CR,2026-07-25T23:15,0.4,0.1,open-meteo
2026-07-25 23:22:06,Andheri,19.119,72.846,WR,2026-07-25T23:15,0.8,0.3,open-meteo
2026-07-25 23:22:06,Borivali,19.231,72.857,WR,,,,open-meteo-ERR
2026-07-25 23:22:06,Virar,19.455,72.811,WR,2026-07-25T23:15,0.1,0.0,open-meteo
2026-07-25 23:22:06,CSMT,18.94,72.835,CR,2026-07-25T23:15,0.4,0.1,open-meteo
2026-07-25 23:22:06,Sion,19.043,72.862,CR-hotspot,2026-07-25T23:15,0.4,0.1,open-meteo
2026-07-25 23:22:06,Kurla,19.065,72.879,CR-hotspot,,,,open-meteo-ERR
2026-07-25 23:22:06,Thane,19.186,72.975,CR,2026-07-25T23:15,0.3,0.3,open-meteo
2026-07-25 23:22:06,Kalyan,19.243,73.13,CR,2026-07-25T23:15,0.2,0.2,open-meteo
2026-07-25 23:22:06,Chunnabhatti,19.046,72.875,Harbour-hotspot,2026-07-25T23:15,0.4,0.1,open-meteo
2026-07-25 23:22:06,Matunga,19.027,72.852,CR-hotspot,,,,open-meteo-ERR
2026-07-26 00:24:58,Churchgate,18.935,72.827,WR,2026-07-26T00:15,1.8,0.2,open-meteo
2026-07-26 00:24:58,Dadar,19.018,72.844,WR/CR,2026-07-26T00:15,1.8,0.2,open-meteo
2026-07-26 00:24:58,Andheri,19.119,72.846,WR,2026-07-26T00:15,1.5,0.9,open-meteo
2026-07-26 00:24:58,Borivali,19.231,72.857,WR,,,,open-meteo-ERR
2026-07-26 00:24:58,Virar,19.455,72.811,WR,2026-07-26T00:15,0.3,0.1,open-meteo
2026-07-26 00:24:58,CSMT,18.94,72.835,CR,2026-07-26T00:15,1.8,0.2,open-meteo
2026-07-26 00:24:58,Sion,19.043,72.862,CR-hotspot,2026-07-26T00:15,1.8,0.2,open-meteo
2026-07-26 00:24:58,Kurla,19.065,72.879,CR-hotspot,2026-07-26T00:15,1.5,0.9,open-meteo
2026-07-26 00:24:58,Thane,19.186,72.975,CR,,,,open-meteo-ERR
2026-07-26 00:24:58,Kalyan,19.243,73.13,CR,2026-07-26T00:15,0.2,0.2,open-meteo
2026-07-26 00:24:58,Chunnabhatti,19.046,72.875,Harbour-hotspot,2026-07-26T00:15,1.8,0.2,open-meteo
2026-07-26 00:24:58,Matunga,19.027,72.852,CR-hotspot,2026-07-26T00:15,1.8,0.2,open-meteo
2026-07-26 01:37:19,Churchgate,18.935,72.827,WR,2026-07-26T01:30,0.6,0.5,open-meteo
2026-07-26 01:37:19,Dadar,19.018,72.844,WR/CR,2026-07-26T01:30,0.6,0.5,open-meteo
2026-07-26 01:37:19,Andheri,19.119,72.846,WR,2026-07-26T01:30,0.6,0.3,open-meteo
2026-07-26 01:37:19,Borivali,19.231,72.857,WR,2026-07-26T01:30,0.8,0.3,open-meteo
2026-07-26 01:37:19,Virar,19.455,72.811,WR,2026-07-26T01:30,0.5,0.2,open-meteo
2026-07-26 01:37:19,CSMT,18.94,72.835,CR,2026-07-26T01:30,0.6,0.5,open-meteo
2026-07-26 01:37:19,Sion,19.043,72.862,CR-hotspot,2026-07-26T01:30,0.6,0.5,open-meteo
2026-07-26 01:37:19,Kurla,19.065,72.879,CR-hotspot,2026-07-26T01:30,0.6,0.3,open-meteo
2026-07-26 01:37:19,Thane,19.186,72.975,CR,2026-07-26T01:30,0.6,0.3,open-meteo
2026-07-26 01:37:19,Kalyan,19.243,73.13,CR,,,,open-meteo-ERR
2026-07-26 01:37:19,Chunnabhatti,19.046,72.875,Harbour-hotspot,2026-07-26T01:30,0.6,0.5,open-meteo
2026-07-26 01:37:19,Matunga,19.027,72.852,CR-hotspot,2026-07-26T01:30,0.6,0.5,open-meteo
2026-07-26 02:45:38,Churchgate,18.935,72.827,WR,2026-07-26T02:45,0.9,0.4,open-meteo
2026-07-26 02:45:38,Dadar,19.018,72.844,WR/CR,2026-07-26T02:45,0.9,0.4,open-meteo
2026-07-26 02:45:38,Andheri,19.119,72.846,WR,2026-07-26T02:45,1.3,0.5,open-meteo
2026-07-26 02:45:38,Borivali,19.231,72.857,WR,,,,open-meteo-ERR
2026-07-26 02:45:38,Virar,19.455,72.811,WR,2026-07-26T02:45,1.1,0.2,open-meteo
2026-07-26 02:45:38,CSMT,18.94,72.835,CR,2026-07-26T02:45,0.9,0.4,open-meteo
2026-07-26 02:45:38,Sion,19.043,72.862,CR-hotspot,2026-07-26T02:45,0.9,0.4,open-meteo
2026-07-26 02:45:38,Kurla,19.065,72.879,CR-hotspot,2026-07-26T02:45,1.3,0.5,open-meteo
2026-07-26 02:45:38,Thane,19.186,72.975,CR,,,,open-meteo-ERR
2026-07-26 02:45:38,Kalyan,19.243,73.13,CR,2026-07-26T02:45,0.1,0.1,open-meteo
2026-07-26 02:45:38,Chunnabhatti,19.046,72.875,Harbour-hotspot,2026-07-26T02:45,0.9,0.4,open-meteo
2026-07-26 02:45:38,Matunga,19.027,72.852,CR-hotspot,2026-07-26T02:45,0.9,0.4,open-meteo
2026-07-26 03:53:46,Churchgate,18.935,72.827,WR,2026-07-26T03:45,1.1,0.6,open-meteo
2026-07-26 03:53:46,Dadar,19.018,72.844,WR/CR,2026-07-26T03:45,1.1,0.6,open-meteo
2026-07-26 03:53:46,Andheri,19.119,72.846,WR,2026-07-26T03:45,1.4,0.7,open-meteo
2026-07-26 03:53:46,Borivali,19.231,72.857,WR,,,,open-meteo-ERR
2026-07-26 03:53:46,Virar,19.455,72.811,WR,2026-07-26T03:45,0.4,0.2,open-meteo
2026-07-26 03:53:46,CSMT,18.94,72.835,CR,2026-07-26T03:45,1.1,0.6,open-meteo
2026-07-26 03:53:46,Sion,19.043,72.862,CR-hotspot,2026-07-26T03:45,1.1,0.6,open-meteo
2026-07-26 03:53:46,Kurla,19.065,72.879,CR-hotspot,,,,open-meteo-ERR
2026-07-26 03:53:46,Thane,19.186,72.975,CR,2026-07-26T03:45,0.2,0.2,open-meteo
2026-07-26 03:53:46,Kalyan,19.243,73.13,CR,2026-07-26T03:45,0.1,0.1,open-meteo
2026-07-26 03:53:46,Chunnabhatti,19.046,72.875,Harbour-hotspot,2026-07-26T03:45,1.1,0.6,open-meteo
2026-07-26 03:53:46,Matunga,19.027,72.852,CR-hotspot,2026-07-26T03:45,1.1,0.6,open-meteo
2026-07-26 04:57:29,Churchgate,18.935,72.827,WR,2026-07-26T04:45,0.3,0.2,open-meteo
2026-07-26 04:57:29,Dadar,19.018,72.844,WR/CR,2026-07-26T04:45,0.3,0.2,open-meteo
2026-07-26 04:57:29,Andheri,19.119,72.846,WR,2026-07-26T04:45,0.3,0.1,open-meteo
2026-07-26 04:57:29,Borivali,19.231,72.857,WR,2026-07-26T04:45,0.3,0.3,open-meteo
2026-07-26 04:57:29,Virar,19.455,72.811,WR,,,,open-meteo-ERR
2026-07-26 04:57:29,CSMT,18.94,72.835,CR,2026-07-26T04:45,0.3,0.2,open-meteo
2026-07-26 04:57:29,Sion,19.043,72.862,CR-hotspot,2026-07-26T04:45,0.3,0.2,open-meteo
2026-07-26 04:57:29,Kurla,19.065,72.879,CR-hotspot,2026-07-26T04:45,0.3,0.1,open-meteo
2026-07-26 04:57:29,Thane,19.186,72.975,CR,2026-07-26T04:45,0.1,0.1,open-meteo
2026-07-26 04:57:29,Kalyan,19.243,73.13,CR,2026-07-26T04:45,0.1,0.1,open-meteo
2026-07-26 04:57:29,Chunnabhatti,19.046,72.875,Harbour-hotspot,,,,open-meteo-ERR
2026-07-26 04:57:29,Matunga,19.027,72.852,CR-hotspot,2026-07-26T05:00,0.3,0.2,open-meteo
2026-07-26 06:36:15,Churchgate,18.935,72.827,WR,2026-07-26T06:30,0.7,0.4,open-meteo
2026-07-26 06:36:15,Dadar,19.018,72.844,WR/CR,2026-07-26T06:30,0.7,0.4,open-meteo
2026-07-26 06:36:15,Andheri,19.119,72.846,WR,2026-07-26T06:30,1.7,0.6,open-meteo
2026-07-26 06:36:15,Borivali,19.231,72.857,WR,,,,open-meteo-ERR
2026-07-26 06:36:15,Virar,19.455,72.811,WR,2026-07-26T06:30,0.6,0.1,open-meteo
2026-07-26 06:36:15,CSMT,18.94,72.835,CR,2026-07-26T06:30,0.7,0.4,open-meteo
2026-07-26 06:36:15,Sion,19.043,72.862,CR-hotspot,2026-07-26T06:30,0.7,0.4,open-meteo
2026-07-26 06:36:15,Kurla,19.065,72.879,CR-hotspot,2026-07-26T06:30,1.7,0.6,open-meteo
2026-07-26 06:36:15,Thane,19.186,72.975,CR,,,,open-meteo-ERR
2026-07-26 06:36:15,Kalyan,19.243,73.13,CR,2026-07-26T06:30,0.3,0.2,open-meteo
2026-07-26 06:36:15,Chunnabhatti,19.046,72.875,Harbour-hotspot,2026-07-26T06:30,0.7,0.4,open-meteo
2026-07-26 06:36:15,Matunga,19.027,72.852,CR-hotspot,2026-07-26T06:30,0.7,0.4,open-meteo
2026-07-26 10:22:26,Churchgate,18.935,72.827,WR,2026-07-26T10:15,0.1,0.1,open-meteo
2026-07-26 10:22:26,Dadar,19.018,72.844,WR/CR,2026-07-26T10:15,0.1,0.1,open-meteo
2026-07-26 10:22:26,Andheri,19.119,72.846,WR,2026-07-26T10:15,0.2,0.1,open-meteo
2026-07-26 10:22:26,Borivali,19.231,72.857,WR,,,,open-meteo-ERR
2026-07-26 10:22:26,Virar,19.455,72.811,WR,2026-07-26T10:15,0.6,0.3,open-meteo
2026-07-26 10:22:26,CSMT,18.94,72.835,CR,2026-07-26T10:15,0.1,0.1,open-meteo
2026-07-26 10:22:26,Sion,19.043,72.862,CR-hotspot,2026-07-26T10:15,0.1,0.1,open-meteo
2026-07-26 10:22:26,Kurla,19.065,72.879,CR-hotspot,2026-07-26T10:15,0.2,0.1,open-meteo
2026-07-26 10:22:26,Thane,19.186,72.975,CR,,,,open-meteo-ERR
2026-07-26 10:22:26,Kalyan,19.243,73.13,CR,2026-07-26T10:15,0.0,0.0,open-meteo
2026-07-26 10:22:26,Chunnabhatti,19.046,72.875,Harbour-hotspot,2026-07-26T10:15,0.1,0.1,open-meteo
2026-07-26 10:22:26,Matunga,19.027,72.852,CR-hotspot,2026-07-26T10:15,0.1,0.1,open-meteo
2026-07-26 13:00:56,Churchgate,18.935,72.827,WR,2026-07-26T13:00,0.2,0.2,open-meteo
2026-07-26 13:00:56,Dadar,19.018,72.844,WR/CR,2026-07-26T13:00,0.2,0.2,open-meteo
2026-07-26 13:00:56,Andheri,19.119,72.846,WR,2026-07-26T13:00,0.2,0.1,open-meteo
2026-07-26 13:00:56,Borivali,19.231,72.857,WR,2026-07-26T13:00,1.0,0.2,open-meteo
2026-07-26 13:00:56,Virar,19.455,72.811,WR,2026-07-26T13:00,0.4,0.2,open-meteo
2026-07-26 13:00:56,CSMT,18.94,72.835,CR,2026-07-26T13:00,0.2,0.2,open-meteo
2026-07-26 13:00:56,Sion,19.043,72.862,CR-hotspot,2026-07-26T13:00,0.2,0.2,open-meteo
2026-07-26 13:00:56,Kurla,19.065,72.879,CR-hotspot,2026-07-26T13:00,0.2,0.1,open-meteo
2026-07-26 13:00:56,Thane,19.186,72.975,CR,2026-07-26T13:00,0.4,0.1,open-meteo
2026-07-26 13:00:56,Kalyan,19.243,73.13,CR,2026-07-26T13:00,0.1,0.1,open-meteo
2026-07-26 13:00:56,Chunnabhatti,19.046,72.875,Harbour-hotspot,2026-07-26T13:00,0.2,0.2,open-meteo
2026-07-26 13:00:56,Matunga,19.027,72.852,CR-hotspot,2026-07-26T13:00,0.2,0.2,open-meteo
2026-07-26 15:21:37,Churchgate,18.935,72.827,WR,2026-07-26T15:15,0.4,0.2,open-meteo
2026-07-26 15:21:37,Dadar,19.018,72.844,WR/CR,2026-07-26T15:15,0.4,0.2,open-meteo
2026-07-26 15:21:37,Andheri,19.119,72.846,WR,2026-07-26T15:15,0.4,0.2,open-meteo
2026-07-26 15:21:37,Borivali,19.231,72.857,WR,2026-07-26T15:15,0.2,0.1,open-meteo
2026-07-26 15:21:37,Virar,19.455,72.811,WR,,,,open-meteo-ERR
2026-07-26 15:21:37,CSMT,18.94,72.835,CR,2026-07-26T15:15,0.4,0.2,open-meteo
2026-07-26 15:21:37,Sion,19.043,72.862,CR-hotspot,2026-07-26T15:15,0.4,0.2,open-meteo
2026-07-26 15:21:37,Kurla,19.065,72.879,CR-hotspot,2026-07-26T15:15,0.4,0.2,open-meteo
2026-07-26 15:21:37,Thane,19.186,72.975,CR,2026-07-26T15:15,0.1,0.1,open-meteo
2026-07-26 15:21:37,Kalyan,19.243,73.13,CR,2026-07-26T15:15,0.1,0.1,open-meteo
2026-07-26 15:21:37,Chunnabhatti,19.046,72.875,Harbour-hotspot,2026-07-26T15:15,0.4,0.2,open-meteo
2026-07-26 15:21:37,Matunga,19.027,72.852,CR-hotspot,,,,open-meteo-ERR
2026-07-26 16:43:46,Churchgate,18.935,72.827,WR,2026-07-26T16:30,0.2,0.2,open-meteo
2026-07-26 16:43:46,Dadar,19.018,72.844,WR/CR,2026-07-26T16:30,0.2,0.2,open-meteo
2026-07-26 16:43:46,Andheri,19.119,72.846,WR,2026-07-26T16:30,0.2,0.2,open-meteo
2026-07-26 16:43:46,Borivali,19.231,72.857,WR,2026-07-26T16:30,0.1,0.1,open-meteo
2026-07-26 16:43:46,Virar,19.455,72.811,WR,,,,open-meteo-ERR
2026-07-26 16:43:46,CSMT,18.94,72.835,CR,2026-07-26T16:45,0.1,0.1,open-meteo
2026-07-26 16:43:46,Sion,19.043,72.862,CR-hotspot,2026-07-26T16:45,0.1,0.1,open-meteo
2026-07-26 16:43:46,Kurla,19.065,72.879,CR-hotspot,2026-07-26T16:45,0.2,0.2,open-meteo
2026-07-26 16:43:46,Thane,19.186,72.975,CR,2026-07-26T16:45,0.1,0.1,open-meteo
2026-07-26 16:43:46,Kalyan,19.243,73.13,CR,2026-07-26T16:45,0.0,0.0,open-meteo
2026-07-26 16:43:46,Chunnabhatti,19.046,72.875,Harbour-hotspot,,,,open-meteo-ERR
2026-07-26 16:43:46,Matunga,19.027,72.852,CR-hotspot,2026-07-26T16:45,0.1,0.1,open-meteo
2026-07-26 18:05:47,Churchgate,18.935,72.827,WR,2026-07-26T18:00,0.7,0.1,open-meteo
2026-07-26 18:05:47,Dadar,19.018,72.844,WR/CR,2026-07-26T18:00,0.7,0.1,open-meteo
2026-07-26 18:05:47,Andheri,19.119,72.846,WR,2026-07-26T18:00,1.4,0.5,open-meteo
2026-07-26 18:05:47,Borivali,19.231,72.857,WR,2026-07-26T18:00,0.4,0.2,open-meteo
2026-07-26 18:05:47,Virar,19.455,72.811,WR,,,,open-meteo-ERR
2026-07-26 18:05:47,CSMT,18.94,72.835,CR,2026-07-26T18:00,0.7,0.1,open-meteo
2026-07-26 18:05:47,Sion,19.043,72.862,CR-hotspot,2026-07-26T18:00,0.7,0.1,open-meteo
2026-07-26 18:05:47,Kurla,19.065,72.879,CR-hotspot,2026-07-26T18:00,1.4,0.5,open-meteo
2026-07-26 18:05:47,Thane,19.186,72.975,CR,2026-07-26T18:00,0.2,0.2,open-meteo
2026-07-26 18:05:47,Kalyan,19.243,73.13,CR,2026-07-26T18:00,0.1,0.1,open-meteo
2026-07-26 18:05:47,Chunnabhatti,19.046,72.875,Harbour-hotspot,,,,open-meteo-ERR
2026-07-26 18:05:47,Matunga,19.027,72.852,CR-hotspot,2026-07-26T18:00,0.7,0.1,open-meteo
2026-07-26 19:54:30,Churchgate,18.935,72.827,WR,2026-07-26T19:45,1.0,1.0,open-meteo
2026-07-26 19:54:30,Dadar,19.018,72.844,WR/CR,2026-07-26T19:45,1.0,1.0,open-meteo
2026-07-26 19:54:30,Andheri,19.119,72.846,WR,2026-07-26T19:45,0.8,0.6,open-meteo
2026-07-26 19:54:30,Borivali,19.231,72.857,WR,2026-07-26T19:45,0.6,0.3,open-meteo
2026-07-26 19:54:30,Virar,19.455,72.811,WR,,,,open-meteo-ERR
2026-07-26 19:54:30,CSMT,18.94,72.835,CR,2026-07-26T19:45,1.0,1.0,open-meteo
2026-07-26 19:54:30,Sion,19.043,72.862,CR-hotspot,2026-07-26T19:45,1.0,1.0,open-meteo
2026-07-26 19:54:30,Kurla,19.065,72.879,CR-hotspot,2026-07-26T19:45,0.8,0.6,open-meteo
2026-07-26 19:54:30,Thane,19.186,72.975,CR,2026-07-26T19:45,0.2,0.2,open-meteo
2026-07-26 19:54:30,Kalyan,19.243,73.13,CR,2026-07-26T19:45,0.4,0.1,open-meteo
2026-07-26 19:54:30,Chunnabhatti,19.046,72.875,Harbour-hotspot,,,,open-meteo-ERR
2026-07-26 19:54:30,Matunga,19.027,72.852,CR-hotspot,2026-07-26T19:45,1.0,1.0,open-meteo
2026-07-26 21:06:11,Churchgate,18.935,72.827,WR,2026-07-26T21:00,2.0,0.6,open-meteo
2026-07-26 21:06:11,Dadar,19.018,72.844,WR/CR,2026-07-26T21:00,2.0,0.6,open-meteo
2026-07-26 21:06:11,Andheri,19.119,72.846,WR,2026-07-26T21:00,1.7,0.8,open-meteo
2026-07-26 21:06:11,Borivali,19.231,72.857,WR,2026-07-26T21:00,0.4,0.3,open-meteo
2026-07-26 21:06:11,Virar,19.455,72.811,WR,,,,open-meteo-ERR
2026-07-26 21:06:11,CSMT,18.94,72.835,CR,2026-07-26T21:00,2.0,0.6,open-meteo
2026-07-26 21:06:11,Sion,19.043,72.862,CR-hotspot,2026-07-26T21:00,2.0,0.6,open-meteo
2026-07-26 21:06:11,Kurla,19.065,72.879,CR-hotspot,2026-07-26T21:00,1.7,0.8,open-meteo
2026-07-26 21:06:11,Thane,19.186,72.975,CR,2026-07-26T21:00,0.2,0.2,open-meteo
2026-07-26 21:06:11,Kalyan,19.243,73.13,CR,2026-07-26T21:00,0.5,0.2,open-meteo
2026-07-26 21:06:11,Chunnabhatti,19.046,72.875,Harbour-hotspot,,,,open-meteo-ERR
2026-07-26 21:06:11,Matunga,19.027,72.852,CR-hotspot,2026-07-26T21:00,2.0,0.6,open-meteo
2026-07-26 22:20:05,Churchgate,18.935,72.827,WR,2026-07-26T22:15,2.1,0.2,open-meteo
2026-07-26 22:20:05,Dadar,19.018,72.844,WR/CR,2026-07-26T22:15,2.1,0.2,open-meteo
2026-07-26 22:20:05,Andheri,19.119,72.846,WR,2026-07-26T22:15,0.7,0.3,open-meteo
2026-07-26 22:20:05,Borivali,19.231,72.857,WR,2026-07-26T22:15,0.3,0.3,open-meteo
2026-07-26 22:20:05,Virar,19.455,72.811,WR,,,,open-meteo-ERR
2026-07-26 22:20:05,CSMT,18.94,72.835,CR,2026-07-26T22:15,2.1,0.2,open-meteo
2026-07-26 22:20:05,Sion,19.043,72.862,CR-hotspot,2026-07-26T22:15,2.1,0.2,open-meteo
2026-07-26 22:20:05,Kurla,19.065,72.879,CR-hotspot,2026-07-26T22:15,0.7,0.3,open-meteo
2026-07-26 22:20:05,Thane,19.186,72.975,CR,2026-07-26T22:15,0.2,0.2,open-meteo
2026-07-26 22:20:05,Kalyan,19.243,73.13,CR,2026-07-26T22:15,0.1,0.1,open-meteo
2026-07-26 22:20:05,Chunnabhatti,19.046,72.875,Harbour-hotspot,,,,open-meteo-ERR
2026-07-26 22:20:05,Matunga,19.027,72.852,CR-hotspot,2026-07-26T22:15,2.1,0.2,open-meteo
2026-07-26 23:25:19,Churchgate,18.935,72.827,WR,2026-07-26T23:15,2.0,0.1,open-meteo
2026-07-26 23:25:19,Dadar,19.018,72.844,WR/CR,2026-07-26T23:15,2.0,0.1,open-meteo
2026-07-26 23:25:19,Andheri,19.119,72.846,WR,2026-07-26T23:15,0.9,0.0,open-meteo
2026-07-26 23:25:19,Borivali,19.231,72.857,WR,2026-07-26T23:15,0.7,0.4,open-meteo
2026-07-26 23:25:19,Virar,19.455,72.811,WR,,,,open-meteo-ERR
2026-07-26 23:25:19,CSMT,18.94,72.835,CR,2026-07-26T23:15,2.0,0.1,open-meteo
2026-07-26 23:25:19,Sion,19.043,72.862,CR-hotspot,2026-07-26T23:15,2.0,0.1,open-meteo
2026-07-26 23:25:19,Kurla,19.065,72.879,CR-hotspot,2026-07-26T23:15,0.9,0.0,open-meteo
2026-07-26 23:25:19,Thane,19.186,72.975,CR,2026-07-26T23:15,0.1,0.0,open-meteo
2026-07-26 23:25:19,Kalyan,19.243,73.13,CR,2026-07-26T23:15,0.1,0.1,open-meteo
2026-07-26 23:25:19,Chunnabhatti,19.046,72.875,Harbour-hotspot,,,,open-meteo-ERR
2026-07-26 23:25:19,Matunga,19.027,72.852,CR-hotspot,2026-07-26T23:15,2.0,0.1,open-meteo
2026-07-27 00:29:06,Churchgate,18.935,72.827,WR,2026-07-27T00:15,0.6,0.5,open-meteo
2026-07-27 00:29:06,Dadar,19.018,72.844,WR/CR,2026-07-27T00:15,0.6,0.5,open-meteo
2026-07-27 00:29:06,Andheri,19.119,72.846,WR,2026-07-27T00:15,0.9,0.8,open-meteo
2026-07-27 00:29:06,Borivali,19.231,72.857,WR,2026-07-27T00:15,2.2,0.5,open-meteo
2026-07-27 00:29:06,Virar,19.455,72.811,WR,,,,open-meteo-ERR
2026-07-27 00:29:06,CSMT,18.94,72.835,CR,2026-07-27T00:30,0.6,0.5,open-meteo
2026-07-27 00:29:06,Sion,19.043,72.862,CR-hotspot,2026-07-27T00:30,0.6,0.5,open-meteo
2026-07-27 00:29:06,Kurla,19.065,72.879,CR-hotspot,2026-07-27T00:30,0.9,0.8,open-meteo
2026-07-27 00:29:06,Thane,19.186,72.975,CR,2026-07-27T00:30,0.4,0.3,open-meteo
2026-07-27 00:29:06,Kalyan,19.243,73.13,CR,2026-07-27T00:30,0.2,0.1,open-meteo
2026-07-27 00:29:06,Chunnabhatti,19.046,72.875,Harbour-hotspot,,,,open-meteo-ERR
2026-07-27 00:29:06,Matunga,19.027,72.852,CR-hotspot,2026-07-27T00:30,0.6,0.5,open-meteo
2026-07-27 01:40:37,Churchgate,18.935,72.827,WR,2026-07-27T01:30,0.4,0.3,open-meteo
2026-07-27 01:40:37,Dadar,19.018,72.844,WR/CR,2026-07-27T01:30,0.4,0.3,open-meteo
2026-07-27 01:40:37,Andheri,19.119,72.846,WR,2026-07-27T01:30,0.5,0.4,open-meteo
2026-07-27 01:40:37,Borivali,19.231,72.857,WR,2026-07-27T01:30,0.8,0.7,open-meteo
2026-07-27 01:40:37,Virar,19.455,72.811,WR,,,,open-meteo-ERR
2026-07-27 01:40:37,CSMT,18.94,72.835,CR,2026-07-27T01:30,0.4,0.3,open-meteo
2026-07-27 01:40:37,Sion,19.043,72.862,CR-hotspot,2026-07-27T01:30,0.4,0.3,open-meteo
2026-07-27 01:40:37,Kurla,19.065,72.879,CR-hotspot,2026-07-27T01:30,0.5,0.4,open-meteo
2026-07-27 01:40:37,Thane,19.186,72.975,CR,2026-07-27T01:30,0.4,0.4,open-meteo
2026-07-27 01:40:37,Kalyan,19.243,73.13,CR,2026-07-27T01:30,0.2,0.2,open-meteo
2026-07-27 01:40:37,Chunnabhatti,19.046,72.875,Harbour-hotspot,,,,open-meteo-ERR
2026-07-27 01:40:37,Matunga,19.027,72.852,CR-hotspot,2026-07-27T01:30,0.4,0.3,open-meteo
2026-07-27 02:54:31,Churchgate,18.935,72.827,WR,2026-07-27T02:45,0.1,0.1,open-meteo
2026-07-27 02:54:31,Dadar,19.018,72.844,WR/CR,2026-07-27T02:45,0.1,0.1,open-meteo
2026-07-27 02:54:31,Andheri,19.119,72.846,WR,2026-07-27T02:45,0.3,0.2,open-meteo
2026-07-27 02:54:31,Borivali,19.231,72.857,WR,,,,open-meteo-ERR
2026-07-27 02:54:31,Virar,19.455,72.811,WR,2026-07-27T02:45,0.5,0.4,open-meteo
2026-07-27 02:54:31,CSMT,18.94,72.835,CR,2026-07-27T02:45,0.1,0.1,open-meteo
2026-07-27 02:54:31,Sion,19.043,72.862,CR-hotspot,2026-07-27T02:45,0.1,0.1,open-meteo
2026-07-27 02:54:31,Kurla,19.065,72.879,CR-hotspot,,,,open-meteo-ERR
2026-07-27 02:54:31,Thane,19.186,72.975,CR,2026-07-27T02:45,0.2,0.1,open-meteo
2026-07-27 02:54:31,Kalyan,19.243,73.13,CR,2026-07-27T02:45,0.1,0.1,open-meteo
2026-07-27 02:54:31,Chunnabhatti,19.046,72.875,Harbour-hotspot,2026-07-27T02:45,0.1,0.1,open-meteo
2026-07-27 02:54:31,Matunga,19.027,72.852,CR-hotspot,,,,open-meteo-ERR
2026-07-27 03:57:26,Churchgate,18.935,72.827,WR,2026-07-27T03:45,0.1,0.0,open-meteo
2026-07-27 03:57:26,Dadar,19.018,72.844,WR/CR,2026-07-27T03:45,0.1,0.0,open-meteo
2026-07-27 03:57:26,Andheri,19.119,72.846,WR,2026-07-27T03:45,0.3,0.2,open-meteo
2026-07-27 03:57:26,Borivali,19.231,72.857,WR,2026-07-27T03:45,0.2,0.2,open-meteo
2026-07-27 03:57:26,Virar,19.455,72.811,WR,,,,open-meteo-ERR
2026-07-27 03:57:26,CSMT,18.94,72.835,CR,2026-07-27T03:45,0.1,0.0,open-meteo
2026-07-27 03:57:26,Sion,19.043,72.862,CR-hotspot,2026-07-27T03:45,0.1,0.0,open-meteo
2026-07-27 03:57:26,Kurla,19.065,72.879,CR-hotspot,2026-07-27T03:45,0.3,0.2,open-meteo
2026-07-27 03:57:26,Thane,19.186,72.975,CR,2026-07-27T03:45,0.1,0.1,open-meteo
2026-07-27 03:57:26,Kalyan,19.243,73.13,CR,2026-07-27T03:45,0.1,0.1,open-meteo
2026-07-27 03:57:26,Chunnabhatti,19.046,72.875,Harbour-hotspot,,,,open-meteo-ERR
2026-07-27 03:57:26,Matunga,19.027,72.852,CR-hotspot,2026-07-27T04:00,0.1,0.0,open-meteo
2026-07-27 04:58:17,Churchgate,18.935,72.827,WR,2026-07-27T04:45,0.2,0.1,open-meteo
2026-07-27 04:58:17,Dadar,19.018,72.844,WR/CR,2026-07-27T04:45,0.2,0.1,open-meteo
2026-07-27 04:58:17,Andheri,19.119,72.846,WR,2026-07-27T04:45,0.2,0.1,open-meteo
2026-07-27 04:58:17,Borivali,19.231,72.857,WR,2026-07-27T04:45,0.2,0.1,open-meteo
2026-07-27 04:58:17,Virar,19.455,72.811,WR,2026-07-27T04:45,0.2,0.1,open-meteo
2026-07-27 04:58:17,CSMT,18.94,72.835,CR,2026-07-27T04:45,0.2,0.1,open-meteo
2026-07-27 04:58:17,Sion,19.043,72.862,CR-hotspot,2026-07-27T05:00,0.2,0.1,open-meteo
2026-07-27 04:58:17,Kurla,19.065,72.879,CR-hotspot,2026-07-27T05:00,0.2,0.1,open-meteo
2026-07-27 04:58:17,Thane,19.186,72.975,CR,2026-07-27T05:00,0.1,0.1,open-meteo
2026-07-27 04:58:17,Kalyan,19.243,73.13,CR,2026-07-27T05:00,0.1,0.1,open-meteo
2026-07-27 04:58:17,Chunnabhatti,19.046,72.875,Harbour-hotspot,,,,open-meteo-ERR
2026-07-27 04:58:17,Matunga,19.027,72.852,CR-hotspot,2026-07-27T05:00,0.2,0.1,open-meteo
2026-07-27 06:38:15,Churchgate,18.935,72.827,WR,2026-07-27T06:30,0.1,0.0,open-meteo
2026-07-27 06:38:15,Dadar,19.018,72.844,WR/CR,2026-07-27T06:30,0.1,0.0,open-meteo
2026-07-27 06:38:15,Andheri,19.119,72.846,WR,2026-07-27T06:30,0.2,0.1,open-meteo
2026-07-27 06:38:15,Borivali,19.231,72.857,WR,2026-07-27T06:30,0.4,0.2,open-meteo
2026-07-27 06:38:15,Virar,19.455,72.811,WR,2026-07-27T06:30,0.2,0.1,open-meteo
2026-07-27 06:38:15,CSMT,18.94,72.835,CR,2026-07-27T06:30,0.1,0.0,open-meteo
2026-07-27 06:38:15,Sion,19.043,72.862,CR-hotspot,2026-07-27T06:30,0.1,0.0,open-meteo
2026-07-27 06:38:15,Kurla,19.065,72.879,CR-hotspot,2026-07-27T06:30,0.2,0.1,open-meteo
2026-07-27 06:38:15,Thane,19.186,72.975,CR,,,,open-meteo-ERR
2026-07-27 06:38:15,Kalyan,19.243,73.13,CR,2026-07-27T06:30,0.1,0.0,open-meteo
2026-07-27 06:38:15,Chunnabhatti,19.046,72.875,Harbour-hotspot,2026-07-27T06:30,0.1,0.0,open-meteo
2026-07-27 06:38:15,Matunga,19.027,72.852,CR-hotspot,2026-07-27T06:30,0.1,0.0,open-meteo
2026-07-27 10:33:59,Churchgate,18.935,72.827,WR,2026-07-27T10:30,0.8,0.3,open-meteo
2026-07-27 10:33:59,Dadar,19.018,72.844,WR/CR,2026-07-27T10:30,0.8,0.3,open-meteo
2026-07-27 10:33:59,Andheri,19.119,72.846,WR,2026-07-27T10:30,1.9,0.1,open-meteo
2026-07-27 10:33:59,Borivali,19.231,72.857,WR,2026-07-27T10:30,1.6,0.2,open-meteo
2026-07-27 10:33:59,Virar,19.455,72.811,WR,,,,open-meteo-ERR
2026-07-27 10:33:59,CSMT,18.94,72.835,CR,2026-07-27T10:30,0.8,0.3,open-meteo
2026-07-27 10:33:59,Sion,19.043,72.862,CR-hotspot,2026-07-27T10:30,0.8,0.3,open-meteo
2026-07-27 10:33:59,Kurla,19.065,72.879,CR-hotspot,2026-07-27T10:30,1.9,0.1,open-meteo
2026-07-27 10:33:59,Thane,19.186,72.975,CR,,,,open-meteo-ERR
2026-07-27 10:33:59,Kalyan,19.243,73.13,CR,2026-07-27T10:30,1.2,0.0,open-meteo
2026-07-27 10:33:59,Chunnabhatti,19.046,72.875,Harbour-hotspot,2026-07-27T10:30,0.8,0.3,open-meteo
2026-07-27 10:33:59,Matunga,19.027,72.852,CR-hotspot,2026-07-27T10:30,0.8,0.3,open-meteo
2026-07-27 14:22:08,Churchgate,18.935,72.827,WR,2026-07-27T14:15,0.2,0.1,open-meteo
2026-07-27 14:22:08,Dadar,19.018,72.844,WR/CR,2026-07-27T14:15,0.2,0.1,open-meteo
2026-07-27 14:22:08,Andheri,19.119,72.846,WR,2026-07-27T14:15,0.3,0.1,open-meteo
2026-07-27 14:22:08,Borivali,19.231,72.857,WR,,,,open-meteo-ERR
2026-07-27 14:22:08,Virar,19.455,72.811,WR,2026-07-27T14:15,0.3,0.1,open-meteo
2026-07-27 14:22:08,CSMT,18.94,72.835,CR,2026-07-27T14:15,0.2,0.1,open-meteo
2026-07-27 14:22:08,Sion,19.043,72.862,CR-hotspot,2026-07-27T14:15,0.2,0.1,open-meteo
2026-07-27 14:22:08,Kurla,19.065,72.879,CR-hotspot,,,,open-meteo-ERR
2026-07-27 14:22:08,Thane,19.186,72.975,CR,2026-07-27T14:15,0.6,0.1,open-meteo
2026-07-27 14:22:08,Kalyan,19.243,73.13,CR,2026-07-27T14:15,0.4,0.0,open-meteo
2026-07-27 14:22:08,Chunnabhatti,19.046,72.875,Harbour-hotspot,2026-07-27T14:15,0.2,0.1,open-meteo
2026-07-27 14:22:08,Matunga,19.027,72.852,CR-hotspot,2026-07-27T14:15,0.2,0.1,open-meteo
2026-07-27 17:42:40,Churchgate,18.935,72.827,WR,2026-07-27T17:30,0.1,0.1,open-meteo
2026-07-27 17:42:40,Dadar,19.018,72.844,WR/CR,2026-07-27T17:30,0.1,0.1,open-meteo
2026-07-27 17:42:40,Andheri,19.119,72.846,WR,2026-07-27T17:30,0.2,0.1,open-meteo
2026-07-27 17:42:40,Borivali,19.231,72.857,WR,,,,open-meteo-ERR
2026-07-27 17:42:40,Virar,19.455,72.811,WR,2026-07-27T17:30,0.1,0.1,open-meteo
2026-07-27 17:42:40,CSMT,18.94,72.835,CR,2026-07-27T17:30,0.1,0.1,open-meteo
2026-07-27 17:42:40,Sion,19.043,72.862,CR-hotspot,2026-07-27T17:30,0.1,0.1,open-meteo
2026-07-27 17:42:40,Kurla,19.065,72.879,CR-hotspot,,,,open-meteo-ERR
2026-07-27 17:42:40,Thane,19.186,72.975,CR,2026-07-27T17:45,0.0,0.0,open-meteo
2026-07-27 17:42:40,Kalyan,19.243,73.13,CR,2026-07-27T17:45,0.0,0.0,open-meteo
2026-07-27 17:42:40,Chunnabhatti,19.046,72.875,Harbour-hotspot,2026-07-27T17:45,0.2,0.2,open-meteo
2026-07-27 17:42:40,Matunga,19.027,72.852,CR-hotspot,,,,open-meteo-ERR
2026-07-27 20:51:05,Churchgate,18.935,72.827,WR,2026-07-27T20:45,0.7,0.3,open-meteo
2026-07-27 20:51:05,Dadar,19.018,72.844,WR/CR,2026-07-27T20:45,0.7,0.3,open-meteo
2026-07-27 20:51:05,Andheri,19.119,72.846,WR,2026-07-27T20:45,0.7,0.3,open-meteo
2026-07-27 20:51:05,Borivali,19.231,72.857,WR,,,,open-meteo-ERR
2026-07-27 20:51:05,Virar,19.455,72.811,WR,2026-07-27T20:45,0.1,0.0,open-meteo
2026-07-27 20:51:05,CSMT,18.94,72.835,CR,2026-07-27T20:45,0.7,0.3,open-meteo
2026-07-27 20:51:05,Sion,19.043,72.862,CR-hotspot,2026-07-27T20:45,0.7,0.3,open-meteo
2026-07-27 20:51:05,Kurla,19.065,72.879,CR-hotspot,,,,open-meteo-ERR
2026-07-27 20:51:05,Thane,19.186,72.975,CR,2026-07-27T20:45,0.3,0.3,open-meteo
2026-07-27 20:51:05,Kalyan,19.243,73.13,CR,2026-07-27T20:45,0.1,0.1,open-meteo
2026-07-27 20:51:05,Chunnabhatti,19.046,72.875,Harbour-hotspot,2026-07-27T20:45,0.7,0.3,open-meteo
2026-07-27 20:51:05,Matunga,19.027,72.852,CR-hotspot,,,,open-meteo-ERR
2026-07-27 22:45:26,Churchgate,18.935,72.827,WR,2026-07-27T22:45,0.3,0.3,open-meteo
2026-07-27 22:45:26,Dadar,19.018,72.844,WR/CR,2026-07-27T22:45,0.3,0.3,open-meteo
2026-07-27 22:45:26,Andheri,19.119,72.846,WR,2026-07-27T22:45,0.6,0.3,open-meteo
2026-07-27 22:45:26,Borivali,19.231,72.857,WR,2026-07-27T22:45,0.2,0.2,open-meteo
2026-07-27 22:45:26,Virar,19.455,72.811,WR,,,,open-meteo-ERR
2026-07-27 22:45:26,CSMT,18.94,72.835,CR,2026-07-27T22:45,0.3,0.3,open-meteo
2026-07-27 22:45:26,Sion,19.043,72.862,CR-hotspot,2026-07-27T22:45,0.3,0.3,open-meteo
2026-07-27 22:45:26,Kurla,19.065,72.879,CR-hotspot,2026-07-27T22:45,0.6,0.3,open-meteo
2026-07-27 22:45:26,Thane,19.186,72.975,CR,2026-07-27T22:45,0.1,0.1,open-meteo
2026-07-27 22:45:26,Kalyan,19.243,73.13,CR,2026-07-27T22:45,0.0,0.0,open-meteo
2026-07-27 22:45:26,Chunnabhatti,19.046,72.875,Harbour-hotspot,,,,open-meteo-ERR
2026-07-27 22:45:26,Matunga,19.027,72.852,CR-hotspot,2026-07-27T22:45,0.3,0.3,open-meteo
2026-07-28 00:22:58,Churchgate,18.935,72.827,WR,2026-07-28T00:15,0.2,0.1,open-meteo
2026-07-28 00:22:58,Dadar,19.018,72.844,WR/CR,2026-07-28T00:15,0.2,0.1,open-meteo
2026-07-28 00:22:58,Andheri,19.119,72.846,WR,2026-07-28T00:15,0.2,0.2,open-meteo
2026-07-28 00:22:58,Borivali,19.231,72.857,WR,2026-07-28T00:15,0.1,0.0,open-meteo
2026-07-28 00:22:58,Virar,19.455,72.811,WR,2026-07-28T00:15,0.1,0.1,open-meteo
2026-07-28 00:22:58,CSMT,18.94,72.835,CR,,,,open-meteo-ERR
2026-07-28 00:22:58,Sion,19.043,72.862,CR-hotspot,2026-07-28T00:15,0.2,0.1,open-meteo
2026-07-28 00:22:58,Kurla,19.065,72.879,CR-hotspot,2026-07-28T00:15,0.2,0.2,open-meteo
2026-07-28 00:22:58,Thane,19.186,72.975,CR,2026-07-28T00:15,0.1,0.1,open-meteo
2026-07-28 00:22:58,Kalyan,19.243,73.13,CR,2026-07-28T00:15,0.0,0.0,open-meteo
2026-07-28 00:22:58,Chunnabhatti,19.046,72.875,Harbour-hotspot,2026-07-28T00:15,0.3,0.2,open-meteo
2026-07-28 00:22:58,Matunga,19.027,72.852,CR-hotspot,2026-07-28T00:15,0.3,0.1,open-meteo
2026-07-28 01:44:39,Churchgate,18.935,72.827,WR,2026-07-28T01:30,0.2,0.1,open-meteo
2026-07-28 01:44:39,Dadar,19.018,72.844,WR/CR,2026-07-28T01:30,0.2,0.1,open-meteo
2026-07-28 01:44:39,Andheri,19.119,72.846,WR,2026-07-28T01:30,0.3,0.2,open-meteo
2026-07-28 01:44:39,Borivali,19.231,72.857,WR,2026-07-28T01:30,0.2,0.1,open-meteo
2026-07-28 01:44:39,Virar,19.455,72.811,WR,,,,open-meteo-ERR
2026-07-28 01:44:39,CSMT,18.94,72.835,CR,2026-07-28T01:45,0.2,0.2,open-meteo
2026-07-28 01:44:39,Sion,19.043,72.862,CR-hotspot,2026-07-28T01:45,0.2,0.2,open-meteo
2026-07-28 01:44:39,Kurla,19.065,72.879,CR-hotspot,2026-07-28T01:45,0.2,0.1,open-meteo
2026-07-28 01:44:39,Thane,19.186,72.975,CR,2026-07-28T01:45,0.1,0.1,open-meteo
2026-07-28 01:44:39,Kalyan,19.243,73.13,CR,2026-07-28T01:45,0.0,0.0,open-meteo
2026-07-28 01:44:39,Chunnabhatti,19.046,72.875,Harbour-hotspot,,,,open-meteo-ERR
2026-07-28 01:44:39,Matunga,19.027,72.852,CR-hotspot,2026-07-28T01:45,0.2,0.2,open-meteo
2026-07-28 03:05:28,Churchgate,18.935,72.827,WR,2026-07-28T03:00,0.1,0.1,open-meteo
2026-07-28 03:05:28,Dadar,19.018,72.844,WR/CR,2026-07-28T03:00,0.1,0.1,open-meteo
2026-07-28 03:05:28,Andheri,19.119,72.846,WR,2026-07-28T03:00,0.1,0.1,open-meteo
2026-07-28 03:05:28,Borivali,19.231,72.857,WR,2026-07-28T03:00,0.2,0.1,open-meteo
2026-07-28 03:05:28,Virar,19.455,72.811,WR,,,,open-meteo-ERR
2026-07-28 03:05:28,CSMT,18.94,72.835,CR,2026-07-28T03:00,0.1,0.1,open-meteo
2026-07-28 03:05:28,Sion,19.043,72.862,CR-hotspot,2026-07-28T03:00,0.1,0.1,open-meteo
2026-07-28 03:05:28,Kurla,19.065,72.879,CR-hotspot,2026-07-28T03:00,0.1,0.1,open-meteo
2026-07-28 03:05:28,Thane,19.186,72.975,CR,2026-07-28T03:00,0.1,0.1,open-meteo
2026-07-28 03:05:28,Kalyan,19.243,73.13,CR,2026-07-28T03:00,0.0,0.0,open-meteo
2026-07-28 03:05:28,Chunnabhatti,19.046,72.875,Harbour-hotspot,,,,open-meteo-ERR
2026-07-28 03:05:28,Matunga,19.027,72.852,CR-hotspot,2026-07-28T03:00,0.1,0.1,open-meteo
2026-07-28 04:23:17,Churchgate,18.935,72.827,WR,2026-07-28T04:15,0.1,0.1,open-meteo
2026-07-28 04:23:17,Dadar,19.018,72.844,WR/CR,2026-07-28T04:15,0.1,0.1,open-meteo
2026-07-28 04:23:17,Andheri,19.119,72.846,WR,2026-07-28T04:15,0.1,0.1,open-meteo
2026-07-28 04:23:17,Borivali,19.231,72.857,WR,2026-07-28T04:15,0.2,0.2,open-meteo
2026-07-28 04:23:17,Virar,19.455,72.811,WR,,,,open-meteo-ERR
2026-07-28 04:23:17,CSMT,18.94,72.835,CR,2026-07-28T04:15,0.1,0.1,open-meteo
2026-07-28 04:23:17,Sion,19.043,72.862,CR-hotspot,2026-07-28T04:15,0.1,0.1,open-meteo
2026-07-28 04:23:17,Kurla,19.065,72.879,CR-hotspot,2026-07-28T04:15,0.1,0.1,open-meteo
2026-07-28 04:23:17,Thane,19.186,72.975,CR,2026-07-28T04:15,0.1,0.1,open-meteo
2026-07-28 04:23:17,Kalyan,19.243,73.13,CR,2026-07-28T04:15,0.0,0.0,open-meteo
2026-07-28 04:23:17,Chunnabhatti,19.046,72.875,Harbour-hotspot,,,,open-meteo-ERR
2026-07-28 04:23:17,Matunga,19.027,72.852,CR-hotspot,2026-07-28T04:15,0.1,0.1,open-meteo
2026-07-28 05:26:19,Churchgate,18.935,72.827,WR,2026-07-28T05:15,0.2,0.1,open-meteo
2026-07-28 05:26:19,Dadar,19.018,72.844,WR/CR,2026-07-28T05:15,0.2,0.1,open-meteo
2026-07-28 05:26:19,Andheri,19.119,72.846,WR,2026-07-28T05:15,0.2,0.1,open-meteo
2026-07-28 05:26:19,Borivali,19.231,72.857,WR,2026-07-28T05:15,0.1,0.1,open-meteo
2026-07-28 05:26:19,Virar,19.455,72.811,WR,,,,open-meteo-ERR
2026-07-28 05:26:19,CSMT,18.94,72.835,CR,2026-07-28T05:15,0.2,0.1,open-meteo
2026-07-28 05:26:19,Sion,19.043,72.862,CR-hotspot,2026-07-28T05:15,0.2,0.1,open-meteo
2026-07-28 05:26:19,Kurla,19.065,72.879,CR-hotspot,2026-07-28T05:15,0.2,0.1,open-meteo
2026-07-28 05:26:19,Thane,19.186,72.975,CR,2026-07-28T05:15,0.1,0.1,open-meteo
2026-07-28 05:26:19,Kalyan,19.243,73.13,CR,,,,open-meteo-ERR
2026-07-28 05:26:19,Chunnabhatti,19.046,72.875,Harbour-hotspot,2026-07-28T05:15,0.2,0.1,open-meteo
2026-07-28 05:26:19,Matunga,19.027,72.852,CR-hotspot,2026-07-28T05:15,0.2,0.1,open-meteo
2026-07-28 07:31:35,Churchgate,18.935,72.827,WR,2026-07-28T07:30,0.0,0.0,open-meteo
2026-07-28 07:31:35,Dadar,19.018,72.844,WR/CR,2026-07-28T07:30,0.0,0.0,open-meteo
2026-07-28 07:31:35,Andheri,19.119,72.846,WR,2026-07-28T07:30,0.2,0.2,open-meteo
2026-07-28 07:31:35,Borivali,19.231,72.857,WR,2026-07-28T07:30,0.1,0.0,open-meteo
2026-07-28 07:31:35,Virar,19.455,72.811,WR,,,,open-meteo-ERR
2026-07-28 07:31:35,CSMT,18.94,72.835,CR,2026-07-28T07:30,0.0,0.0,open-meteo
2026-07-28 07:31:35,Sion,19.043,72.862,CR-hotspot,2026-07-28T07:30,0.0,0.0,open-meteo
2026-07-28 07:31:35,Kurla,19.065,72.879,CR-hotspot,2026-07-28T07:30,0.2,0.2,open-meteo
2026-07-28 07:31:35,Thane,19.186,72.975,CR,2026-07-28T07:30,0.1,0.1,open-meteo
2026-07-28 07:31:35,Kalyan,19.243,73.13,CR,,,,open-meteo-ERR
2026-07-28 07:31:35,Chunnabhatti,19.046,72.875,Harbour-hotspot,2026-07-28T07:30,0.0,0.0,open-meteo
2026-07-28 07:31:35,Matunga,19.027,72.852,CR-hotspot,2026-07-28T07:30,0.0,0.0,open-meteo
2026-07-28 10:57:31,Churchgate,18.935,72.827,WR,2026-07-28T10:45,0.3,0.2,open-meteo
2026-07-28 10:57:31,Dadar,19.018,72.844,WR/CR,2026-07-28T10:45,0.3,0.2,open-meteo
2026-07-28 10:57:31,Andheri,19.119,72.846,WR,2026-07-28T10:45,0.2,0.1,open-meteo
2026-07-28 10:57:31,Borivali,19.231,72.857,WR,,,,open-meteo-ERR
2026-07-28 10:57:31,Virar,19.455,72.811,WR,2026-07-28T10:45,0.1,0.1,open-meteo
2026-07-28 10:57:31,CSMT,18.94,72.835,CR,2026-07-28T10:45,0.3,0.2,open-meteo
2026-07-28 10:57:31,Sion,19.043,72.862,CR-hotspot,2026-07-28T10:45,0.3,0.2,open-meteo
2026-07-28 10:57:31,Kurla,19.065,72.879,CR-hotspot,2026-07-28T10:45,0.2,0.1,open-meteo
2026-07-28 10:57:31,Thane,19.186,72.975,CR,,,,open-meteo-ERR
2026-07-28 10:57:31,Kalyan,19.243,73.13,CR,2026-07-28T11:00,0.2,0.1,open-meteo
2026-07-28 10:57:31,Chunnabhatti,19.046,72.875,Harbour-hotspot,2026-07-28T11:00,0.3,0.2,open-meteo
2026-07-28 10:57:31,Matunga,19.027,72.852,CR-hotspot,2026-07-28T11:00,0.3,0.2,open-meteo
2026-07-28 13:29:20,Churchgate,18.935,72.827,WR,2026-07-28T13:15,0.1,0.1,open-meteo
2026-07-28 13:29:20,Dadar,19.018,72.844,WR/CR,2026-07-28T13:15,0.1,0.1,open-meteo
2026-07-28 13:29:20,Andheri,19.119,72.846,WR,2026-07-28T13:15,0.3,0.1,open-meteo
2026-07-28 13:29:20,Borivali,19.231,72.857,WR,2026-07-28T13:15,0.1,0.1,open-meteo
2026-07-28 13:29:20,Virar,19.455,72.811,WR,,,,open-meteo-ERR
2026-07-28 13:29:20,CSMT,18.94,72.835,CR,2026-07-28T13:30,0.1,0.1,open-meteo
2026-07-28 13:29:20,Sion,19.043,72.862,CR-hotspot,2026-07-28T13:30,0.1,0.1,open-meteo
2026-07-28 13:29:20,Kurla,19.065,72.879,CR-hotspot,2026-07-28T13:30,0.3,0.1,open-meteo
2026-07-28 13:29:20,Thane,19.186,72.975,CR,2026-07-28T13:30,0.1,0.0,open-meteo
2026-07-28 13:29:20,Kalyan,19.243,73.13,CR,2026-07-28T13:30,0.2,0.1,open-meteo
2026-07-28 13:29:20,Chunnabhatti,19.046,72.875,Harbour-hotspot,,,,open-meteo-ERR
2026-07-28 13:29:20,Matunga,19.027,72.852,CR-hotspot,2026-07-28T13:30,0.1,0.1,open-meteo
2026-07-28 16:07:43,Churchgate,18.935,72.827,WR,2026-07-28T16:00,0.1,0.1,open-meteo
2026-07-28 16:07:43,Dadar,19.018,72.844,WR/CR,2026-07-28T16:00,0.1,0.1,open-meteo
2026-07-28 16:07:43,Andheri,19.119,72.846,WR,2026-07-28T16:00,0.1,0.0,open-meteo
2026-07-28 16:07:43,Borivali,19.231,72.857,WR,,,,open-meteo-ERR
2026-07-28 16:07:43,Virar,19.455,72.811,WR,2026-07-28T16:00,0.1,0.0,open-meteo
2026-07-28 16:07:43,CSMT,18.94,72.835,CR,2026-07-28T16:00,0.1,0.1,open-meteo
2026-07-28 16:07:43,Sion,19.043,72.862,CR-hotspot,2026-07-28T16:00,0.1,0.1,open-meteo
2026-07-28 16:07:43,Kurla,19.065,72.879,CR-hotspot,,,,open-meteo-ERR
2026-07-28 16:07:43,Thane,19.186,72.975,CR,2026-07-28T16:00,0.1,0.1,open-meteo
2026-07-28 16:07:43,Kalyan,19.243,73.13,CR,2026-07-28T16:00,0.1,0.0,open-meteo
2026-07-28 16:07:43,Chunnabhatti,19.046,72.875,Harbour-hotspot,2026-07-28T16:00,0.1,0.1,open-meteo
2026-07-28 16:07:43,Matunga,19.027,72.852,CR-hotspot,,,,open-meteo-ERR
2026-07-28 18:18:42,Churchgate,18.935,72.827,WR,2026-07-28T18:15,0.1,0.0,open-meteo
2026-07-28 18:18:42,Dadar,19.018,72.844,WR/CR,2026-07-28T18:15,0.1,0.0,open-meteo
2026-07-28 18:18:42,Andheri,19.119,72.846,WR,2026-07-28T18:15,0.0,0.0,open-meteo
2026-07-28 18:18:42,Borivali,19.231,72.857,WR,,,,open-meteo-ERR
2026-07-28 18:18:42,Virar,19.455,72.811,WR,2026-07-28T18:15,0.0,0.0,open-meteo
2026-07-28 18:18:42,CSMT,18.94,72.835,CR,2026-07-28T18:15,0.1,0.0,open-meteo
2026-07-28 18:18:42,Sion,19.043,72.862,CR-hotspot,2026-07-28T18:15,0.1,0.0,open-meteo
2026-07-28 18:18:42,Kurla,19.065,72.879,CR-hotspot,2026-07-28T18:15,0.0,0.0,open-meteo
2026-07-28 18:18:42,Thane,19.186,72.975,CR,,,,open-meteo-ERR
2026-07-28 18:18:42,Kalyan,19.243,73.13,CR,2026-07-28T18:15,0.0,0.0,open-meteo
2026-07-28 18:18:42,Chunnabhatti,19.046,72.875,Harbour-hotspot,2026-07-28T18:15,0.1,0.0,open-meteo
2026-07-28 18:18:42,Matunga,19.027,72.852,CR-hotspot,2026-07-28T18:15,0.1,0.0,open-meteo
2026-07-28 20:43:02,Churchgate,18.935,72.827,WR,2026-07-28T20:30,0.0,0.0,open-meteo
2026-07-28 20:43:02,Dadar,19.018,72.844,WR/CR,2026-07-28T20:30,0.0,0.0,open-meteo
2026-07-28 20:43:02,Andheri,19.119,72.846,WR,2026-07-28T20:30,0.0,0.0,open-meteo
2026-07-28 20:43:02,Borivali,19.231,72.857,WR,2026-07-28T20:30,0.1,0.0,open-meteo
2026-07-28 20:43:02,Virar,19.455,72.811,WR,2026-07-28T20:30,0.0,0.0,open-meteo
2026-07-28 20:43:02,CSMT,18.94,72.835,CR,2026-07-28T20:30,0.0,0.0,open-meteo
2026-07-28 20:43:02,Sion,19.043,72.862,CR-hotspot,2026-07-28T20:30,0.0,0.0,open-meteo
2026-07-28 20:43:02,Kurla,19.065,72.879,CR-hotspot,2026-07-28T20:30,0.0,0.0,open-meteo
2026-07-28 20:43:02,Thane,19.186,72.975,CR,2026-07-28T20:30,0.0,0.0,open-meteo
2026-07-28 20:43:02,Kalyan,19.243,73.13,CR,,,,open-meteo-ERR
2026-07-28 20:43:02,Chunnabhatti,19.046,72.875,Harbour-hotspot,2026-07-28T20:45,0.1,0.1,open-meteo
2026-07-28 20:43:02,Matunga,19.027,72.852,CR-hotspot,2026-07-28T20:45,0.1,0.1,open-meteo
2026-07-28 22:26:11,Churchgate,18.935,72.827,WR,2026-07-28T22:15,0.1,0.0,open-meteo
2026-07-28 22:26:11,Dadar,19.018,72.844,WR/CR,2026-07-28T22:15,0.1,0.0,open-meteo
2026-07-28 22:26:11,Andheri,19.119,72.846,WR,2026-07-28T22:15,0.1,0.0,open-meteo
2026-07-28 22:26:11,Borivali,19.231,72.857,WR,2026-07-28T22:15,0.2,0.1,open-meteo
2026-07-28 22:26:11,Virar,19.455,72.811,WR,,,,open-meteo-ERR
2026-07-28 22:26:11,CSMT,18.94,72.835,CR,2026-07-28T22:15,0.1,0.0,open-meteo
2026-07-28 22:26:11,Sion,19.043,72.862,CR-hotspot,2026-07-28T22:15,0.1,0.0,open-meteo
2026-07-28 22:26:11,Kurla,19.065,72.879,CR-hotspot,2026-07-28T22:15,0.1,0.0,open-meteo
2026-07-28 22:26:11,Thane,19.186,72.975,CR,2026-07-28T22:15,0.1,0.1,open-meteo
2026-07-28 22:26:11,Kalyan,19.243,73.13,CR,2026-07-28T22:15,0.0,0.0,open-meteo
2026-07-28 22:26:11,Chunnabhatti,19.046,72.875,Harbour-hotspot,,,,open-meteo-ERR
2026-07-28 22:26:11,Matunga,19.027,72.852,CR-hotspot,2026-07-28T22:15,0.1,0.0,open-meteo
2026-07-28 23:38:47,Churchgate,18.935,72.827,WR,2026-07-28T23:30,0.2,0.1,open-meteo
2026-07-28 23:38:47,Dadar,19.018,72.844,WR/CR,2026-07-28T23:30,0.2,0.1,open-meteo
2026-07-28 23:38:47,Andheri,19.119,72.846,WR,2026-07-28T23:30,0.1,0.0,open-meteo
2026-07-28 23:38:47,Borivali,19.231,72.857,WR,2026-07-28T23:30,0.1,0.1,open-meteo
2026-07-28 23:38:47,Virar,19.455,72.811,WR,,,,open-meteo-ERR
2026-07-28 23:38:47,CSMT,18.94,72.835,CR,2026-07-28T23:30,0.2,0.1,open-meteo
2026-07-28 23:38:47,Sion,19.043,72.862,CR-hotspot,2026-07-28T23:30,0.2,0.1,open-meteo
2026-07-28 23:38:47,Kurla,19.065,72.879,CR-hotspot,2026-07-28T23:30,0.1,0.0,open-meteo
2026-07-28 23:38:47,Thane,19.186,72.975,CR,2026-07-28T23:30,0.2,0.2,open-meteo
2026-07-28 23:38:47,Kalyan,19.243,73.13,CR,2026-07-28T23:30,0.2,0.1,open-meteo
2026-07-28 23:38:47,Chunnabhatti,19.046,72.875,Harbour-hotspot,,,,open-meteo-ERR
2026-07-28 23:38:47,Matunga,19.027,72.852,CR-hotspot,2026-07-28T23:30,0.2,0.1,open-meteo
2026-07-29 01:28:07,Churchgate,18.935,72.827,WR,2026-07-29T01:15,0.1,0.1,open-meteo
2026-07-29 01:28:07,Dadar,19.018,72.844,WR/CR,2026-07-29T01:15,0.1,0.1,open-meteo
2026-07-29 01:28:07,Andheri,19.119,72.846,WR,2026-07-29T01:15,0.2,0.0,open-meteo
2026-07-29 01:28:07,Borivali,19.231,72.857,WR,2026-07-29T01:15,0.1,0.0,open-meteo
2026-07-29 01:28:07,Virar,19.455,72.811,WR,,,,open-meteo-ERR
2026-07-29 01:28:07,CSMT,18.94,72.835,CR,2026-07-29T01:15,0.1,0.1,open-meteo
2026-07-29 01:28:07,Sion,19.043,72.862,CR-hotspot,2026-07-29T01:15,0.1,0.1,open-meteo
2026-07-29 01:28:07,Kurla,19.065,72.879,CR-hotspot,2026-07-29T01:15,0.2,0.0,open-meteo
2026-07-29 01:28:07,Thane,19.186,72.975,CR,2026-07-29T01:15,0.0,0.0,open-meteo
2026-07-29 01:28:07,Kalyan,19.243,73.13,CR,2026-07-29T01:15,0.0,0.0,open-meteo
2026-07-29 01:28:07,Chunnabhatti,19.046,72.875,Harbour-hotspot,,,,open-meteo-ERR
2026-07-29 01:28:07,Matunga,19.027,72.852,CR-hotspot,2026-07-29T01:30,0.1,0.1,open-meteo
2026-07-29 02:36:26,Churchgate,18.935,72.827,WR,2026-07-29T02:30,0.1,0.0,open-meteo
2026-07-29 02:36:26,Dadar,19.018,72.844,WR/CR,2026-07-29T02:30,0.1,0.0,open-meteo
2026-07-29 02:36:26,Andheri,19.119,72.846,WR,2026-07-29T02:30,0.1,0.0,open-meteo
2026-07-29 02:36:26,Borivali,19.231,72.857,WR,,,,open-meteo-ERR
2026-07-29 02:36:26,Virar,19.455,72.811,WR,2026-07-29T02:30,0.1,0.1,open-meteo
2026-07-29 02:36:26,CSMT,18.94,72.835,CR,2026-07-29T02:30,0.1,0.0,open-meteo
2026-07-29 02:36:26,Sion,19.043,72.862,CR-hotspot,2026-07-29T02:30,0.1,0.0,open-meteo
2026-07-29 02:36:26,Kurla,19.065,72.879,CR-hotspot,,,,open-meteo-ERR
2026-07-29 02:36:26,Thane,19.186,72.975,CR,2026-07-29T02:30,0.1,0.1,open-meteo
2026-07-29 02:36:26,Kalyan,19.243,73.13,CR,2026-07-29T02:30,0.0,0.0,open-meteo
2026-07-29 02:36:26,Chunnabhatti,19.046,72.875,Harbour-hotspot,2026-07-29T02:30,0.1,0.0,open-meteo
2026-07-29 02:36:26,Matunga,19.027,72.852,CR-hotspot,,,,open-meteo-ERR
2026-07-29 04:01:37,Churchgate,18.935,72.827,WR,2026-07-29T04:00,0.0,0.0,open-meteo
2026-07-29 04:01:37,Dadar,19.018,72.844,WR/CR,2026-07-29T04:00,0.0,0.0,open-meteo
2026-07-29 04:01:37,Andheri,19.119,72.846,WR,2026-07-29T04:00,0.1,0.0,open-meteo
2026-07-29 04:01:37,Borivali,19.231,72.857,WR,2026-07-29T04:00,0.1,0.0,open-meteo
2026-07-29 04:01:37,Virar,19.455,72.811,WR,,,,open-meteo-ERR
2026-07-29 04:01:37,CSMT,18.94,72.835,CR,2026-07-29T04:00,0.0,0.0,open-meteo
2026-07-29 04:01:37,Sion,19.043,72.862,CR-hotspot,2026-07-29T04:00,0.0,0.0,open-meteo
2026-07-29 04:01:37,Kurla,19.065,72.879,CR-hotspot,2026-07-29T04:00,0.1,0.0,open-meteo
2026-07-29 04:01:37,Thane,19.186,72.975,CR,2026-07-29T04:00,0.1,0.1,open-meteo
2026-07-29 04:01:37,Kalyan,19.243,73.13,CR,,,,open-meteo-ERR
2026-07-29 04:01:37,Chunnabhatti,19.046,72.875,Harbour-hotspot,2026-07-29T04:00,0.0,0.0,open-meteo
2026-07-29 04:01:37,Matunga,19.027,72.852,CR-hotspot,2026-07-29T04:00,0.0,0.0,open-meteo
2026-07-29 05:22:26,Churchgate,18.935,72.827,WR,2026-07-29T05:15,0.2,0.1,open-meteo
2026-07-29 05:22:26,Dadar,19.018,72.844,WR/CR,2026-07-29T05:15,0.2,0.1,open-meteo
2026-07-29 05:22:26,Andheri,19.119,72.846,WR,2026-07-29T05:15,0.1,0.0,open-meteo
2026-07-29 05:22:26,Borivali,19.231,72.857,WR,2026-07-29T05:15,0.2,0.0,open-meteo
2026-07-29 05:22:26,Virar,19.455,72.811,WR,,,,open-meteo-ERR
2026-07-29 05:22:26,CSMT,18.94,72.835,CR,2026-07-29T05:15,0.2,0.1,open-meteo
2026-07-29 05:22:26,Sion,19.043,72.862,CR-hotspot,2026-07-29T05:15,0.2,0.1,open-meteo
2026-07-29 05:22:26,Kurla,19.065,72.879,CR-hotspot,2026-07-29T05:15,0.1,0.0,open-meteo
2026-07-29 05:22:26,Thane,19.186,72.975,CR,2026-07-29T05:15,0.1,0.1,open-meteo
2026-07-29 05:22:26,Kalyan,19.243,73.13,CR,2026-07-29T05:15,0.1,0.1,open-meteo
2026-07-29 05:22:26,Chunnabhatti,19.046,72.875,Harbour-hotspot,,,,open-meteo-ERR
2026-07-29 05:22:26,Matunga,19.027,72.852,CR-hotspot,2026-07-29T05:15,0.2,0.1,open-meteo
2026-07-29 07:18:57,Churchgate,18.935,72.827,WR,2026-07-29T07:15,0.1,0.0,open-meteo
2026-07-29 07:18:57,Dadar,19.018,72.844,WR/CR,2026-07-29T07:15,0.1,0.0,open-meteo
2026-07-29 07:18:57,Andheri,19.119,72.846,WR,2026-07-29T07:15,0.1,0.0,open-meteo
2026-07-29 07:18:57,Borivali,19.231,72.857,WR,,,,open-meteo-ERR
2026-07-29 07:18:57,Virar,19.455,72.811,WR,2026-07-29T07:15,0.0,0.0,open-meteo
2026-07-29 07:18:57,CSMT,18.94,72.835,CR,2026-07-29T07:15,0.1,0.0,open-meteo
2026-07-29 07:18:57,Sion,19.043,72.862,CR-hotspot,2026-07-29T07:15,0.1,0.0,open-meteo
2026-07-29 07:18:57,Kurla,19.065,72.879,CR-hotspot,,,,open-meteo-ERR
2026-07-29 07:18:57,Thane,19.186,72.975,CR,2026-07-29T07:15,0.1,0.0,open-meteo
2026-07-29 07:18:57,Kalyan,19.243,73.13,CR,2026-07-29T07:15,0.1,0.1,open-meteo
2026-07-29 07:18:57,Chunnabhatti,19.046,72.875,Harbour-hotspot,2026-07-29T07:15,0.1,0.0,open-meteo
2026-07-29 07:18:57,Matunga,19.027,72.852,CR-hotspot,,,,open-meteo-ERR
2026-07-29 10:43:16,Churchgate,18.935,72.827,WR,2026-07-29T10:30,0.0,0.0,open-meteo
2026-07-29 10:43:16,Dadar,19.018,72.844,WR/CR,2026-07-29T10:30,0.0,0.0,open-meteo
2026-07-29 10:43:16,Andheri,19.119,72.846,WR,2026-07-29T10:30,0.2,0.1,open-meteo
2026-07-29 10:43:16,Borivali,19.231,72.857,WR,,,,open-meteo-ERR
2026-07-29 10:43:16,Virar,19.455,72.811,WR,2026-07-29T10:30,0.0,0.0,open-meteo
2026-07-29 10:43:16,CSMT,18.94,72.835,CR,2026-07-29T10:30,0.0,0.0,open-meteo
2026-07-29 10:43:16,Sion,19.043,72.862,CR-hotspot,2026-07-29T10:30,0.0,0.0,open-meteo
2026-07-29 10:43:16,Kurla,19.065,72.879,CR-hotspot,2026-07-29T10:30,0.2,0.1,open-meteo
2026-07-29 10:43:16,Thane,19.186,72.975,CR,,,,open-meteo-ERR
2026-07-29 10:43:16,Kalyan,19.243,73.13,CR,2026-07-29T10:45,0.2,0.1,open-meteo
2026-07-29 10:43:16,Chunnabhatti,19.046,72.875,Harbour-hotspot,2026-07-29T10:45,0.0,0.0,open-meteo
2026-07-29 10:43:16,Matunga,19.027,72.852,CR-hotspot,2026-07-29T10:45,0.0,0.0,open-meteo
2026-07-29 13:32:33,Churchgate,18.935,72.827,WR,2026-07-29T13:30,0.1,0.1,open-meteo
2026-07-29 13:32:33,Dadar,19.018,72.844,WR/CR,2026-07-29T13:30,0.1,0.1,open-meteo
2026-07-29 13:32:33,Andheri,19.119,72.846,WR,2026-07-29T13:30,0.2,0.1,open-meteo
2026-07-29 13:32:33,Borivali,19.231,72.857,WR,,,,open-meteo-ERR
2026-07-29 13:32:33,Virar,19.455,72.811,WR,2026-07-29T13:30,0.0,0.0,open-meteo
2026-07-29 13:32:33,CSMT,18.94,72.835,CR,2026-07-29T13:30,0.1,0.1,open-meteo
2026-07-29 13:32:33,Sion,19.043,72.862,CR-hotspot,2026-07-29T13:30,0.1,0.1,open-meteo
2026-07-29 13:32:33,Kurla,19.065,72.879,CR-hotspot,2026-07-29T13:30,0.2,0.1,open-meteo
2026-07-29 13:32:33,Thane,19.186,72.975,CR,2026-07-29T13:30,0.1,0.0,open-meteo
2026-07-29 13:32:33,Kalyan,19.243,73.13,CR,2026-07-29T13:30,0.1,0.0,open-meteo
2026-07-29 13:32:33,Chunnabhatti,19.046,72.875,Harbour-hotspot,2026-07-29T13:30,0.1,0.1,open-meteo
2026-07-29 13:32:33,Matunga,19.027,72.852,CR-hotspot,2026-07-29T13:30,0.1,0.1,open-meteo
2026-07-29 16:29:58,Churchgate,18.935,72.827,WR,2026-07-29T16:15,0.2,0.1,open-meteo
2026-07-29 16:29:58,Dadar,19.018,72.844,WR/CR,,,,open-meteo-ERR
2026-07-29 16:29:58,Andheri,19.119,72.846,WR,2026-07-29T16:30,0.0,0.0,open-meteo
2026-07-29 16:29:58,Borivali,19.231,72.857,WR,2026-07-29T16:30,0.0,0.0,open-meteo
2026-07-29 16:29:58,Virar,19.455,72.811,WR,2026-07-29T16:30,0.0,0.0,open-meteo
2026-07-29 16:29:58,CSMT,18.94,72.835,CR,2026-07-29T16:30,0.2,0.1,open-meteo
2026-07-29 16:29:58,Sion,19.043,72.862,CR-hotspot,2026-07-29T16:30,0.2,0.1,open-meteo
2026-07-29 16:29:58,Kurla,19.065,72.879,CR-hotspot,2026-07-29T16:30,0.0,0.0,open-meteo
2026-07-29 16:29:58,Thane,19.186,72.975,CR,2026-07-29T16:30,0.0,0.0,open-meteo
2026-07-29 16:29:58,Kalyan,19.243,73.13,CR,2026-07-29T16:30,0.1,0.1,open-meteo
2026-07-29 16:29:58,Chunnabhatti,19.046,72.875,Harbour-hotspot,2026-07-29T16:30,0.2,0.1,open-meteo
2026-07-29 16:29:58,Matunga,19.027,72.852,CR-hotspot,2026-07-29T16:30,0.2,0.1,open-meteo
2026-07-29 18:33:31,Churchgate,18.935,72.827,WR,2026-07-29T18:30,0.2,0.1,open-meteo
2026-07-29 18:33:31,Dadar,19.018,72.844,WR/CR,2026-07-29T18:30,0.2,0.1,open-meteo
2026-07-29 18:33:31,Andheri,19.119,72.846,WR,2026-07-29T18:30,0.1,0.1,open-meteo
2026-07-29 18:33:31,Borivali,19.231,72.857,WR,,,,open-meteo-ERR
2026-07-29 18:33:31,Virar,19.455,72.811,WR,2026-07-29T18:30,0.2,0.1,open-meteo
2026-07-29 18:33:31,CSMT,18.94,72.835,CR,2026-07-29T18:30,0.2,0.1,open-meteo
2026-07-29 18:33:31,Sion,19.043,72.862,CR-hotspot,2026-07-29T18:30,0.2,0.1,open-meteo
2026-07-29 18:33:31,Kurla,19.065,72.879,CR-hotspot,,,,open-meteo-ERR
2026-07-29 18:33:31,Thane,19.186,72.975,CR,2026-07-29T18:30,0.1,0.1,open-meteo
2026-07-29 18:33:31,Kalyan,19.243,73.13,CR,2026-07-29T18:30,0.1,0.1,open-meteo
2026-07-29 18:33:31,Chunnabhatti,19.046,72.875,Harbour-hotspot,2026-07-29T18:30,0.2,0.1,open-meteo
2026-07-29 18:33:31,Matunga,19.027,72.852,CR-hotspot,,,,open-meteo-ERR
2026-07-29 20:55:48,Churchgate,18.935,72.827,WR,2026-07-29T20:45,0.0,0.0,open-meteo
2026-07-29 20:55:48,Dadar,19.018,72.844,WR/CR,2026-07-29T20:45,0.0,0.0,open-meteo
2026-07-29 20:55:48,Andheri,19.119,72.846,WR,2026-07-29T20:45,0.2,0.0,open-meteo
2026-07-29 20:55:48,Borivali,19.231,72.857,WR,2026-07-29T20:45,0.2,0.1,open-meteo
2026-07-29 20:55:48,Virar,19.455,72.811,WR,,,,open-meteo-ERR
2026-07-29 20:55:48,CSMT,18.94,72.835,CR,2026-07-29T20:45,0.0,0.0,open-meteo
2026-07-29 20:55:48,Sion,19.043,72.862,CR-hotspot,2026-07-29T20:45,0.0,0.0,open-meteo
2026-07-29 20:55:48,Kurla,19.065,72.879,CR-hotspot,2026-07-29T20:45,0.2,0.0,open-meteo
2026-07-29 20:55:48,Thane,19.186,72.975,CR,2026-07-29T20:45,0.0,0.0,open-meteo
2026-07-29 20:55:48,Kalyan,19.243,73.13,CR,,,,open-meteo-ERR
2026-07-29 20:55:48,Chunnabhatti,19.046,72.875,Harbour-hotspot,2026-07-29T20:45,0.0,0.0,open-meteo
2026-07-29 20:55:48,Matunga,19.027,72.852,CR-hotspot,2026-07-29T20:45,0.0,0.0,open-meteo
2026-07-29 22:17:13,Churchgate,18.935,72.827,WR,2026-07-29T22:15,0.0,0.0,open-meteo
2026-07-29 22:17:13,Dadar,19.018,72.844,WR/CR,2026-07-29T22:15,0.0,0.0,open-meteo
2026-07-29 22:17:13,Andheri,19.119,72.846,WR,2026-07-29T22:15,0.3,0.0,open-meteo
2026-07-29 22:17:13,Borivali,19.231,72.857,WR,2026-07-29T22:15,0.1,0.0,open-meteo
2026-07-29 22:17:13,Virar,19.455,72.811,WR,,,,open-meteo-ERR
2026-07-29 22:17:13,CSMT,18.94,72.835,CR,2026-07-29T22:15,0.0,0.0,open-meteo
2026-07-29 22:17:13,Sion,19.043,72.862,CR-hotspot,2026-07-29T22:15,0.0,0.0,open-meteo
2026-07-29 22:17:13,Kurla,19.065,72.879,CR-hotspot,2026-07-29T22:15,0.3,0.0,open-meteo
2026-07-29 22:17:13,Thane,19.186,72.975,CR,2026-07-29T22:15,0.1,0.1,open-meteo
2026-07-29 22:17:13,Kalyan,19.243,73.13,CR,,,,open-meteo-ERR
2026-07-29 22:17:13,Chunnabhatti,19.046,72.875,Harbour-hotspot,2026-07-29T22:15,0.0,0.0,open-meteo
2026-07-29 22:17:13,Matunga,19.027,72.852,CR-hotspot,2026-07-29T22:15,0.0,0.0,open-meteo
2026-07-29 23:31:39,Churchgate,18.935,72.827,WR,2026-07-29T23:30,0.0,0.0,open-meteo
2026-07-29 23:31:39,Dadar,19.018,72.844,WR/CR,2026-07-29T23:30,0.0,0.0,open-meteo
2026-07-29 23:31:39,Andheri,19.119,72.846,WR,2026-07-29T23:30,0.1,0.0,open-meteo
2026-07-29 23:31:39,Borivali,19.231,72.857,WR,,,,open-meteo-ERR
2026-07-29 23:31:39,Virar,19.455,72.811,WR,2026-07-29T23:30,0.2,0.0,open-meteo
2026-07-29 23:31:39,CSMT,18.94,72.835,CR,2026-07-29T23:30,0.0,0.0,open-meteo
2026-07-29 23:31:39,Sion,19.043,72.862,CR-hotspot,2026-07-29T23:30,0.0,0.0,open-meteo
2026-07-29 23:31:39,Kurla,19.065,72.879,CR-hotspot,2026-07-29T23:30,0.1,0.0,open-meteo
2026-07-29 23:31:39,Thane,19.186,72.975,CR,,,,open-meteo-ERR
2026-07-29 23:31:39,Kalyan,19.243,73.13,CR,2026-07-29T23:30,0.1,0.1,open-meteo
2026-07-29 23:31:39,Chunnabhatti,19.046,72.875,Harbour-hotspot,2026-07-29T23:30,0.0,0.0,open-meteo
2026-07-29 23:31:39,Matunga,19.027,72.852,CR-hotspot,2026-07-29T23:30,0.0,0.0,open-meteo
2026-07-30 01:20:24,Churchgate,18.935,72.827,WR,2026-07-30T01:15,0.0,0.0,open-meteo
2026-07-30 01:20:24,Dadar,19.018,72.844,WR/CR,2026-07-30T01:15,0.0,0.0,open-meteo
2026-07-30 01:20:24,Andheri,19.119,72.846,WR,2026-07-30T01:15,0.0,0.0,open-meteo
2026-07-30 01:20:24,Borivali,19.231,72.857,WR,,,,open-meteo-ERR
2026-07-30 01:20:24,Virar,19.455,72.811,WR,2026-07-30T01:15,0.0,0.0,open-meteo
2026-07-30 01:20:24,CSMT,18.94,72.835,CR,2026-07-30T01:15,0.0,0.0,open-meteo
2026-07-30 01:20:24,Sion,19.043,72.862,CR-hotspot,2026-07-30T01:15,0.0,0.0,open-meteo
2026-07-30 01:20:24,Kurla,19.065,72.879,CR-hotspot,2026-07-30T01:15,0.0,0.0,open-meteo
2026-07-30 01:20:24,Thane,19.186,72.975,CR,2026-07-30T01:15,0.1,0.0,open-meteo
2026-07-30 01:20:24,Kalyan,19.243,73.13,CR,2026-07-30T01:15,0.2,0.0,open-meteo
2026-07-30 01:20:24,Chunnabhatti,19.046,72.875,Harbour-hotspot,2026-07-30T01:15,0.0,0.0,open-meteo
2026-07-30 01:20:24,Matunga,19.027,72.852,CR-hotspot,,,,open-meteo-ERR
2026-07-30 02:13:06,Churchgate,18.935,72.827,WR,2026-07-30T02:00,0.0,0.0,open-meteo
2026-07-30 02:13:06,Dadar,19.018,72.844,WR/CR,2026-07-30T02:00,0.0,0.0,open-meteo
2026-07-30 02:13:06,Andheri,19.119,72.846,WR,2026-07-30T02:00,0.0,0.0,open-meteo
2026-07-30 02:13:06,Borivali,19.231,72.857,WR,2026-07-30T02:00,0.1,0.1,open-meteo
2026-07-30 02:13:06,Virar,19.455,72.811,WR,,,,open-meteo-ERR
2026-07-30 02:13:06,CSMT,18.94,72.835,CR,2026-07-30T02:00,0.0,0.0,open-meteo
2026-07-30 02:13:06,Sion,19.043,72.862,CR-hotspot,2026-07-30T02:00,0.0,0.0,open-meteo
2026-07-30 02:13:06,Kurla,19.065,72.879,CR-hotspot,2026-07-30T02:00,0.0,0.0,open-meteo
2026-07-30 02:13:06,Thane,19.186,72.975,CR,2026-07-30T02:00,0.1,0.0,open-meteo
2026-07-30 02:13:06,Kalyan,19.243,73.13,CR,2026-07-30T02:00,0.1,0.1,open-meteo
2026-07-30 02:13:06,Chunnabhatti,19.046,72.875,Harbour-hotspot,,,,open-meteo-ERR
2026-07-30 02:13:06,Matunga,19.027,72.852,CR-hotspot,2026-07-30T02:15,0.0,0.0,open-meteo
2026-07-30 03:21:47,Churchgate,18.935,72.827,WR,2026-07-30T03:15,0.0,0.0,open-meteo
2026-07-30 03:21:47,Dadar,19.018,72.844,WR/CR,2026-07-30T03:15,0.0,0.0,open-meteo
2026-07-30 03:21:47,Andheri,19.119,72.846,WR,2026-07-30T03:15,0.0,0.0,open-meteo
2026-07-30 03:21:47,Borivali,19.231,72.857,WR,2026-07-30T03:15,0.0,0.0,open-meteo
2026-07-30 03:21:47,Virar,19.455,72.811,WR,,,,open-meteo-ERR
2026-07-30 03:21:47,CSMT,18.94,72.835,CR,2026-07-30T03:15,0.0,0.0,open-meteo
2026-07-30 03:21:47,Sion,19.043,72.862,CR-hotspot,2026-07-30T03:15,0.0,0.0,open-meteo
2026-07-30 03:21:47,Kurla,19.065,72.879,CR-hotspot,2026-07-30T03:15,0.0,0.0,open-meteo
2026-07-30 03:21:47,Thane,19.186,72.975,CR,2026-07-30T03:15,0.1,0.0,open-meteo
2026-07-30 03:21:47,Kalyan,19.243,73.13,CR,2026-07-30T03:15,0.1,0.1,open-meteo
2026-07-30 03:21:47,Chunnabhatti,19.046,72.875,Harbour-hotspot,,,,open-meteo-ERR
2026-07-30 03:21:47,Matunga,19.027,72.852,CR-hotspot,2026-07-30T03:15,0.0,0.0,open-meteo
2026-07-30 04:23:10,Churchgate,18.935,72.827,WR,2026-07-30T04:15,0.0,0.0,open-meteo
2026-07-30 04:23:10,Dadar,19.018,72.844,WR/CR,2026-07-30T04:15,0.0,0.0,open-meteo
2026-07-30 04:23:10,Andheri,19.119,72.846,WR,2026-07-30T04:15,0.1,0.1,open-meteo
2026-07-30 04:23:10,Borivali,19.231,72.857,WR,2026-07-30T04:15,0.1,0.1,open-meteo
2026-07-30 04:23:10,Virar,19.455,72.811,WR,,,,open-meteo-ERR
2026-07-30 04:23:10,CSMT,18.94,72.835,CR,2026-07-30T04:15,0.0,0.0,open-meteo
2026-07-30 04:23:10,Sion,19.043,72.862,CR-hotspot,2026-07-30T04:15,0.0,0.0,open-meteo
2026-07-30 04:23:10,Kurla,19.065,72.879,CR-hotspot,2026-07-30T04:15,0.1,0.1,open-meteo
2026-07-30 04:23:10,Thane,19.186,72.975,CR,2026-07-30T04:15,0.1,0.1,open-meteo
2026-07-30 04:23:10,Kalyan,19.243,73.13,CR,2026-07-30T04:15,0.0,0.0,open-meteo
2026-07-30 04:23:10,Chunnabhatti,19.046,72.875,Harbour-hotspot,,,,open-meteo-ERR
2026-07-30 04:23:10,Matunga,19.027,72.852,CR-hotspot,2026-07-30T04:15,0.0,0.0,open-meteo
2026-07-30 05:24:36,Churchgate,18.935,72.827,WR,2026-07-30T05:15,0.1,0.1,open-meteo
2026-07-30 05:24:36,Dadar,19.018,72.844,WR/CR,2026-07-30T05:15,0.1,0.1,open-meteo
2026-07-30 05:24:36,Andheri,19.119,72.846,WR,2026-07-30T05:15,0.2,0.1,open-meteo
2026-07-30 05:24:36,Borivali,19.231,72.857,WR,,,,open-meteo-ERR
2026-07-30 05:24:36,Virar,19.455,72.811,WR,2026-07-30T05:15,0.0,0.0,open-meteo
2026-07-30 05:24:36,CSMT,18.94,72.835,CR,2026-07-30T05:15,0.1,0.1,open-meteo
2026-07-30 05:24:36,Sion,19.043,72.862,CR-hotspot,2026-07-30T05:15,0.1,0.1,open-meteo
2026-07-30 05:24:36,Kurla,19.065,72.879,CR-hotspot,2026-07-30T05:15,0.2,0.1,open-meteo
2026-07-30 05:24:36,Thane,19.186,72.975,CR,,,,open-meteo-ERR
2026-07-30 05:24:36,Kalyan,19.243,73.13,CR,2026-07-30T05:15,0.0,0.0,open-meteo
2026-07-30 05:24:36,Chunnabhatti,19.046,72.875,Harbour-hotspot,2026-07-30T05:15,0.1,0.1,open-meteo
2026-07-30 05:24:36,Matunga,19.027,72.852,CR-hotspot,2026-07-30T05:15,0.1,0.1,open-meteo
2026-07-30 07:12:01,Churchgate,18.935,72.827,WR,2026-07-30T07:00,0.2,0.1,open-meteo
2026-07-30 07:12:01,Dadar,19.018,72.844,WR/CR,2026-07-30T07:00,0.2,0.1,open-meteo
2026-07-30 07:12:01,Andheri,19.119,72.846,WR,2026-07-30T07:00,0.3,0.2,open-meteo
2026-07-30 07:12:01,Borivali,19.231,72.857,WR,,,,open-meteo-ERR
2026-07-30 07:12:01,Virar,19.455,72.811,WR,2026-07-30T07:00,0.3,0.1,open-meteo
2026-07-30 07:12:01,CSMT,18.94,72.835,CR,2026-07-30T07:00,0.2,0.1,open-meteo
2026-07-30 07:12:01,Sion,19.043,72.862,CR-hotspot,2026-07-30T07:00,0.2,0.1,open-meteo
2026-07-30 07:12:01,Kurla,19.065,72.879,CR-hotspot,2026-07-30T07:00,0.3,0.2,open-meteo
2026-07-30 07:12:01,Thane,19.186,72.975,CR,2026-07-30T07:00,0.3,0.2,open-meteo
2026-07-30 07:12:01,Kalyan,19.243,73.13,CR,2026-07-30T07:00,0.3,0.0,open-meteo
2026-07-30 07:12:01,Chunnabhatti,19.046,72.875,Harbour-hotspot,,,,open-meteo-ERR
2026-07-30 07:12:01,Matunga,19.027,72.852,CR-hotspot,2026-07-30T07:00,0.2,0.1,open-meteo
2026-07-30 10:20:03,Churchgate,18.935,72.827,WR,2026-07-30T10:15,0.2,0.1,open-meteo
2026-07-30 10:20:03,Dadar,19.018,72.844,WR/CR,2026-07-30T10:15,0.2,0.1,open-meteo
2026-07-30 10:20:03,Andheri,19.119,72.846,WR,2026-07-30T10:15,0.0,0.0,open-meteo
2026-07-30 10:20:03,Borivali,19.231,72.857,WR,2026-07-30T10:15,0.0,0.0,open-meteo
2026-07-30 10:20:03,Virar,19.455,72.811,WR,,,,open-meteo-ERR
2026-07-30 10:20:03,CSMT,18.94,72.835,CR,2026-07-30T10:15,0.2,0.1,open-meteo
2026-07-30 10:20:03,Sion,19.043,72.862,CR-hotspot,2026-07-30T10:15,0.2,0.1,open-meteo
2026-07-30 10:20:03,Kurla,19.065,72.879,CR-hotspot,2026-07-30T10:15,0.0,0.0,open-meteo
2026-07-30 10:20:03,Thane,19.186,72.975,CR,2026-07-30T10:15,0.0,0.0,open-meteo
2026-07-30 10:20:03,Kalyan,19.243,73.13,CR,2026-07-30T10:15,0.0,0.0,open-meteo
2026-07-30 10:20:03,Chunnabhatti,19.046,72.875,Harbour-hotspot,,,,open-meteo-ERR
2026-07-30 10:20:03,Matunga,19.027,72.852,CR-hotspot,2026-07-30T10:15,0.2,0.1,open-meteo
2026-07-30 12:58:41,Churchgate,18.935,72.827,WR,2026-07-30T12:45,0.2,0.1,open-meteo
2026-07-30 12:58:41,Dadar,19.018,72.844,WR/CR,2026-07-30T12:45,0.2,0.1,open-meteo
2026-07-30 12:58:41,Andheri,19.119,72.846,WR,2026-07-30T12:45,0.2,0.1,open-meteo
2026-07-30 12:58:41,Borivali,19.231,72.857,WR,,,,open-meteo-ERR
2026-07-30 12:58:41,Virar,19.455,72.811,WR,2026-07-30T13:00,0.1,0.1,open-meteo
2026-07-30 12:58:41,CSMT,18.94,72.835,CR,2026-07-30T13:00,0.2,0.1,open-meteo
2026-07-30 12:58:41,Sion,19.043,72.862,CR-hotspot,2026-07-30T13:00,0.2,0.1,open-meteo
2026-07-30 12:58:41,Kurla,19.065,72.879,CR-hotspot,2026-07-30T13:00,0.2,0.1,open-meteo
2026-07-30 12:58:41,Thane,19.186,72.975,CR,,,,open-meteo-ERR
2026-07-30 12:58:41,Kalyan,19.243,73.13,CR,2026-07-30T13:00,0.0,0.0,open-meteo
2026-07-30 12:58:41,Chunnabhatti,19.046,72.875,Harbour-hotspot,2026-07-30T13:00,0.2,0.1,open-meteo
2026-07-30 12:58:41,Matunga,19.027,72.852,CR-hotspot,2026-07-30T13:00,0.2,0.1,open-meteo
2026-07-30 15:28:39,Churchgate,18.935,72.827,WR,2026-07-30T15:15,0.2,0.1,open-meteo
2026-07-30 15:28:39,Dadar,19.018,72.844,WR/CR,2026-07-30T15:15,0.2,0.1,open-meteo
2026-07-30 15:28:39,Andheri,19.119,72.846,WR,2026-07-30T15:15,0.2,0.1,open-meteo
2026-07-30 15:28:39,Borivali,19.231,72.857,WR,2026-07-30T15:15,0.1,0.1,open-meteo
2026-07-30 15:28:39,Virar,19.455,72.811,WR,,,,open-meteo-ERR
2026-07-30 15:28:39,CSMT,18.94,72.835,CR,2026-07-30T15:30,0.2,0.1,open-meteo
2026-07-30 15:28:39,Sion,19.043,72.862,CR-hotspot,2026-07-30T15:30,0.2,0.1,open-meteo
2026-07-30 15:28:39,Kurla,19.065,72.879,CR-hotspot,2026-07-30T15:30,0.2,0.1,open-meteo
2026-07-30 15:28:39,Thane,19.186,72.975,CR,2026-07-30T15:30,0.2,0.0,open-meteo
2026-07-30 15:28:39,Kalyan,19.243,73.13,CR,2026-07-30T15:30,0.1,0.0,open-meteo
2026-07-30 15:28:39,Chunnabhatti,19.046,72.875,Harbour-hotspot,,,,open-meteo-ERR
2026-07-30 15:28:39,Matunga,19.027,72.852,CR-hotspot,2026-07-30T15:30,0.2,0.1,open-meteo
2026-07-30 17:22:24,Churchgate,18.935,72.827,WR,2026-07-30T17:15,0.1,0.1,open-meteo
2026-07-30 17:22:24,Dadar,19.018,72.844,WR/CR,2026-07-30T17:15,0.1,0.1,open-meteo
2026-07-30 17:22:24,Andheri,19.119,72.846,WR,2026-07-30T17:15,0.2,0.1,open-meteo
2026-07-30 17:22:24,Borivali,19.231,72.857,WR,2026-07-30T17:15,0.1,0.1,open-meteo
2026-07-30 17:22:24,Virar,19.455,72.811,WR,,,,open-meteo-ERR
2026-07-30 17:22:24,CSMT,18.94,72.835,CR,2026-07-30T17:15,0.1,0.1,open-meteo
2026-07-30 17:22:24,Sion,19.043,72.862,CR-hotspot,2026-07-30T17:15,0.1,0.1,open-meteo
2026-07-30 17:22:24,Kurla,19.065,72.879,CR-hotspot,2026-07-30T17:15,0.2,0.1,open-meteo
2026-07-30 17:22:24,Thane,19.186,72.975,CR,2026-07-30T17:15,0.1,0.0,open-meteo
2026-07-30 17:22:24,Kalyan,19.243,73.13,CR,2026-07-30T17:15,0.2,0.1,open-meteo
2026-07-30 17:22:24,Chunnabhatti,19.046,72.875,Harbour-hotspot,,,,open-meteo-ERR
2026-07-30 17:22:24,Matunga,19.027,72.852,CR-hotspot,2026-07-30T17:15,0.1,0.1,open-meteo
2026-07-30 19:00:07,Churchgate,18.935,72.827,WR,2026-07-30T19:00,0.2,0.1,open-meteo
2026-07-30 19:00:07,Dadar,19.018,72.844,WR/CR,2026-07-30T19:00,0.2,0.1,open-meteo
2026-07-30 19:00:07,Andheri,19.119,72.846,WR,2026-07-30T19:00,0.2,0.2,open-meteo
2026-07-30 19:00:07,Borivali,19.231,72.857,WR,2026-07-30T19:00,0.3,0.2,open-meteo
2026-07-30 19:00:07,Virar,19.455,72.811,WR,2026-07-30T19:00,0.2,0.2,open-meteo
2026-07-30 19:00:07,CSMT,18.94,72.835,CR,2026-07-30T19:00,0.2,0.1,open-meteo
2026-07-30 19:00:07,Sion,19.043,72.862,CR-hotspot,2026-07-30T19:00,0.2,0.1,open-meteo
2026-07-30 19:00:07,Kurla,19.065,72.879,CR-hotspot,,,,open-meteo-ERR
2026-07-30 19:00:07,Thane,19.186,72.975,CR,2026-07-30T19:00,0.2,0.2,open-meteo
2026-07-30 19:00:07,Kalyan,19.243,73.13,CR,2026-07-30T19:00,0.1,0.1,open-meteo
2026-07-30 19:00:07,Chunnabhatti,19.046,72.875,Harbour-hotspot,2026-07-30T19:00,0.2,0.1,open-meteo
2026-07-30 19:00:07,Matunga,19.027,72.852,CR-hotspot,2026-07-30T19:00,0.2,0.1,open-meteo
2026-07-30 21:02:36,Churchgate,18.935,72.827,WR,2026-07-30T21:00,0.3,0.2,open-meteo
2026-07-30 21:02:36,Dadar,19.018,72.844,WR/CR,2026-07-30T21:00,0.3,0.2,open-meteo
2026-07-30 21:02:36,Andheri,19.119,72.846,WR,2026-07-30T21:00,0.4,0.3,open-meteo
2026-07-30 21:02:36,Borivali,19.231,72.857,WR,2026-07-30T21:00,0.2,0.2,open-meteo
2026-07-30 21:02:36,Virar,19.455,72.811,WR,,,,open-meteo-ERR
2026-07-30 21:02:36,CSMT,18.94,72.835,CR,2026-07-30T21:00,0.3,0.2,open-meteo
2026-07-30 21:02:36,Sion,19.043,72.862,CR-hotspot,2026-07-30T21:00,0.3,0.2,open-meteo
2026-07-30 21:02:36,Kurla,19.065,72.879,CR-hotspot,2026-07-30T21:00,0.4,0.3,open-meteo
2026-07-30 21:02:36,Thane,19.186,72.975,CR,2026-07-30T21:00,0.2,0.1,open-meteo
2026-07-30 21:02:36,Kalyan,19.243,73.13,CR,2026-07-30T21:00,0.3,0.2,open-meteo
2026-07-30 21:02:36,Chunnabhatti,19.046,72.875,Harbour-hotspot,,,,open-meteo-ERR
2026-07-30 21:02:36,Matunga,19.027,72.852,CR-hotspot,2026-07-30T21:00,0.3,0.2,open-meteo
2026-07-30 22:46:21,Churchgate,18.935,72.827,WR,2026-07-30T22:45,0.7,0.2,open-meteo
2026-07-30 22:46:21,Dadar,19.018,72.844,WR/CR,2026-07-30T22:45,0.7,0.2,open-meteo
2026-07-30 22:46:21,Andheri,19.119,72.846,WR,2026-07-30T22:45,0.7,0.2,open-meteo
2026-07-30 22:46:21,Borivali,19.231,72.857,WR,2026-07-30T22:45,0.4,0.4,open-meteo
2026-07-30 22:46:21,Virar,19.455,72.811,WR,,,,open-meteo-ERR
2026-07-30 22:46:21,CSMT,18.94,72.835,CR,2026-07-30T22:45,0.7,0.2,open-meteo
2026-07-30 22:46:21,Sion,19.043,72.862,CR-hotspot,2026-07-30T22:45,0.7,0.2,open-meteo
2026-07-30 22:46:21,Kurla,19.065,72.879,CR-hotspot,2026-07-30T22:45,0.7,0.2,open-meteo
2026-07-30 22:46:21,Thane,19.186,72.975,CR,2026-07-30T22:45,0.4,0.2,open-meteo
2026-07-30 22:46:21,Kalyan,19.243,73.13,CR,2026-07-30T22:45,0.3,0.2,open-meteo
2026-07-30 22:46:21,Chunnabhatti,19.046,72.875,Harbour-hotspot,,,,open-meteo-ERR
2026-07-30 22:46:21,Matunga,19.027,72.852,CR-hotspot,2026-07-30T22:45,0.7,0.2,open-meteo
2026-07-31 00:23:07,Churchgate,18.935,72.827,WR,2026-07-31T00:15,0.0,0.0,open-meteo
2026-07-31 00:23:07,Dadar,19.018,72.844,WR/CR,2026-07-31T00:15,0.0,0.0,open-meteo
2026-07-31 00:23:07,Andheri,19.119,72.846,WR,2026-07-31T00:15,0.0,0.0,open-meteo
2026-07-31 00:23:07,Borivali,19.231,72.857,WR,2026-07-31T00:15,0.0,0.0,open-meteo
2026-07-31 00:23:07,Virar,19.455,72.811,WR,2026-07-31T00:15,0.1,0.1,open-meteo
2026-07-31 00:23:07,CSMT,18.94,72.835,CR,2026-07-31T00:15,0.0,0.0,open-meteo
2026-07-31 00:23:07,Sion,19.043,72.862,CR-hotspot,2026-07-31T00:15,0.0,0.0,open-meteo
2026-07-31 00:23:07,Kurla,19.065,72.879,CR-hotspot,,,,open-meteo-ERR
2026-07-31 00:23:07,Thane,19.186,72.975,CR,2026-07-31T00:15,0.1,0.1,open-meteo
2026-07-31 00:23:07,Kalyan,19.243,73.13,CR,2026-07-31T00:15,0.1,0.1,open-meteo
2026-07-31 00:23:07,Chunnabhatti,19.046,72.875,Harbour-hotspot,2026-07-31T00:15,0.0,0.0,open-meteo
2026-07-31 00:23:07,Matunga,19.027,72.852,CR-hotspot,,,,open-meteo-ERR
2026-07-31 01:41:12,Churchgate,18.935,72.827,WR,2026-07-31T01:30,0.0,0.0,open-meteo
2026-07-31 01:41:12,Dadar,19.018,72.844,WR/CR,2026-07-31T01:30,0.0,0.0,open-meteo
2026-07-31 01:41:12,Andheri,19.119,72.846,WR,2026-07-31T01:30,0.0,0.0,open-meteo
2026-07-31 01:41:12,Borivali,19.231,72.857,WR,,,,open-meteo-ERR
2026-07-31 01:41:12,Virar,19.455,72.811,WR,2026-07-31T01:30,0.1,0.1,open-meteo
2026-07-31 01:41:12,CSMT,18.94,72.835,CR,2026-07-31T01:30,0.0,0.0,open-meteo
2026-07-31 01:41:12,Sion,19.043,72.862,CR-hotspot,2026-07-31T01:30,0.0,0.0,open-meteo
2026-07-31 01:41:12,Kurla,19.065,72.879,CR-hotspot,2026-07-31T01:30,0.0,0.0,open-meteo
2026-07-31 01:41:12,Thane,19.186,72.975,CR,,,,open-meteo-ERR
2026-07-31 01:41:12,Kalyan,19.243,73.13,CR,2026-07-31T01:30,0.1,0.1,open-meteo
2026-07-31 01:41:12,Chunnabhatti,19.046,72.875,Harbour-hotspot,2026-07-31T01:30,0.0,0.0,open-meteo
2026-07-31 01:41:12,Matunga,19.027,72.852,CR-hotspot,2026-07-31T01:30,0.0,0.0,open-meteo
2026-07-31 03:09:21,Churchgate,18.935,72.827,WR,2026-07-31T03:00,0.1,0.1,open-meteo
2026-07-31 03:09:21,Dadar,19.018,72.844,WR/CR,2026-07-31T03:00,0.1,0.1,open-meteo
2026-07-31 03:09:21,Andheri,19.119,72.846,WR,2026-07-31T03:00,0.1,0.1,open-meteo
2026-07-31 03:09:21,Borivali,19.231,72.857,WR,,,,open-meteo-ERR
2026-07-31 03:09:21,Virar,19.455,72.811,WR,2026-07-31T03:00,0.1,0.1,open-meteo
2026-07-31 03:09:21,CSMT,18.94,72.835,CR,2026-07-31T03:00,0.1,0.1,open-meteo
2026-07-31 03:09:21,Sion,19.043,72.862,CR-hotspot,2026-07-31T03:00,0.1,0.1,open-meteo
2026-07-31 03:09:21,Kurla,19.065,72.879,CR-hotspot,,,,open-meteo-ERR
2026-07-31 03:09:21,Thane,19.186,72.975,CR,2026-07-31T03:00,0.1,0.1,open-meteo
2026-07-31 03:09:21,Kalyan,19.243,73.13,CR,2026-07-31T03:00,0.1,0.1,open-meteo
2026-07-31 03:09:21,Chunnabhatti,19.046,72.875,Harbour-hotspot,2026-07-31T03:00,0.1,0.1,open-meteo
2026-07-31 03:09:21,Matunga,19.027,72.852,CR-hotspot,,,,open-meteo-ERR
2026-07-31 04:26:58,Churchgate,18.935,72.827,WR,2026-07-31T04:15,0.1,0.1,open-meteo
2026-07-31 04:26:58,Dadar,19.018,72.844,WR/CR,2026-07-31T04:15,0.1,0.1,open-meteo
2026-07-31 04:26:58,Andheri,19.119,72.846,WR,2026-07-31T04:15,0.1,0.1,open-meteo
2026-07-31 04:26:58,Borivali,19.231,72.857,WR,,,,open-meteo-ERR
2026-07-31 04:26:58,Virar,19.455,72.811,WR,2026-07-31T04:15,0.1,0.1,open-meteo
2026-07-31 04:26:58,CSMT,18.94,72.835,CR,2026-07-31T04:15,0.1,0.1,open-meteo
2026-07-31 04:26:58,Sion,19.043,72.862,CR-hotspot,2026-07-31T04:15,0.1,0.1,open-meteo
2026-07-31 04:26:58,Kurla,19.065,72.879,CR-hotspot,,,,open-meteo-ERR
2026-07-31 04:26:58,Thane,19.186,72.975,CR,2026-07-31T04:15,0.1,0.1,open-meteo
2026-07-31 04:26:58,Kalyan,19.243,73.13,CR,2026-07-31T04:15,0.1,0.1,open-meteo
2026-07-31 04:26:58,Chunnabhatti,19.046,72.875,Harbour-hotspot,2026-07-31T04:15,0.1,0.1,open-meteo
2026-07-31 04:26:58,Matunga,19.027,72.852,CR-hotspot,2026-07-31T04:15,0.1,0.1,open-meteo
2026-07-31 05:28:41,Churchgate,18.935,72.827,WR,2026-07-31T05:15,0.2,0.1,open-meteo
2026-07-31 05:28:41,Dadar,19.018,72.844,WR/CR,2026-07-31T05:15,0.2,0.1,open-meteo
2026-07-31 05:28:41,Andheri,19.119,72.846,WR,2026-07-31T05:15,0.2,0.2,open-meteo
2026-07-31 05:28:41,Borivali,19.231,72.857,WR,,,,open-meteo-ERR
2026-07-31 05:28:41,Virar,19.455,72.811,WR,2026-07-31T05:30,0.2,0.1,open-meteo
2026-07-31 05:28:41,CSMT,18.94,72.835,CR,2026-07-31T05:30,0.2,0.1,open-meteo
2026-07-31 05:28:41,Sion,19.043,72.862,CR-hotspot,2026-07-31T05:30,0.2,0.1,open-meteo
2026-07-31 05:28:41,Kurla,19.065,72.879,CR-hotspot,2026-07-31T05:30,0.2,0.2,open-meteo
2026-07-31 05:28:41,Thane,19.186,72.975,CR,2026-07-31T05:30,0.2,0.2,open-meteo
2026-07-31 05:28:41,Kalyan,19.243,73.13,CR,,,,open-meteo-ERR
2026-07-31 05:28:41,Chunnabhatti,19.046,72.875,Harbour-hotspot,2026-07-31T05:30,0.2,0.1,open-meteo
2026-07-31 05:28:41,Matunga,19.027,72.852,CR-hotspot,2026-07-31T05:30,0.2,0.1,open-meteo
2026-07-31 08:24:19,Churchgate,18.935,72.827,WR,2026-07-31T08:15,0.1,0.1,open-meteo
2026-07-31 08:24:19,Dadar,19.018,72.844,WR/CR,2026-07-31T08:15,0.1,0.1,open-meteo
2026-07-31 08:24:19,Andheri,19.119,72.846,WR,2026-07-31T08:15,0.3,0.3,open-meteo
2026-07-31 08:24:19,Borivali,19.231,72.857,WR,,,,open-meteo-ERR
2026-07-31 08:24:19,Virar,19.455,72.811,WR,2026-07-31T08:15,0.3,0.3,open-meteo
2026-07-31 08:24:19,CSMT,18.94,72.835,CR,2026-07-31T08:15,0.1,0.1,open-meteo
2026-07-31 08:24:19,Sion,19.043,72.862,CR-hotspot,2026-07-31T08:15,0.1,0.1,open-meteo
2026-07-31 08:24:19,Kurla,19.065,72.879,CR-hotspot,,,,open-meteo-ERR
2026-07-31 08:24:19,Thane,19.186,72.975,CR,2026-07-31T08:15,0.2,0.2,open-meteo
2026-07-31 08:24:19,Kalyan,19.243,73.13,CR,2026-07-31T08:15,0.2,0.2,open-meteo
2026-07-31 08:24:19,Chunnabhatti,19.046,72.875,Harbour-hotspot,2026-07-31T08:15,0.1,0.1,open-meteo
2026-07-31 08:24:19,Matunga,19.027,72.852,CR-hotspot,,,,open-meteo-ERR
2026-07-31 11:27:14,Churchgate,18.935,72.827,WR,2026-07-31T11:15,0.2,0.1,open-meteo
2026-07-31 11:27:14,Dadar,19.018,72.844,WR/CR,2026-07-31T11:15,0.2,0.1,open-meteo
2026-07-31 11:27:14,Andheri,19.119,72.846,WR,2026-07-31T11:15,0.2,0.2,open-meteo
2026-07-31 11:27:14,Borivali,19.231,72.857,WR,,,,open-meteo-ERR
2026-07-31 11:27:14,Virar,19.455,72.811,WR,2026-07-31T11:15,0.2,0.2,open-meteo
2026-07-31 11:27:14,CSMT,18.94,72.835,CR,2026-07-31T11:15,0.2,0.1,open-meteo
2026-07-31 11:27:14,Sion,19.043,72.862,CR-hotspot,2026-07-31T11:15,0.2,0.1,open-meteo
2026-07-31 11:27:14,Kurla,19.065,72.879,CR-hotspot,2026-07-31T11:15,0.2,0.2,open-meteo
2026-07-31 11:27:14,Thane,19.186,72.975,CR,,,,open-meteo-ERR
2026-07-31 11:27:14,Kalyan,19.243,73.13,CR,2026-07-31T11:30,0.1,0.1,open-meteo
2026-07-31 11:27:14,Chunnabhatti,19.046,72.875,Harbour-hotspot,2026-07-31T11:30,0.2,0.1,open-meteo
2026-07-31 11:27:14,Matunga,19.027,72.852,CR-hotspot,2026-07-31T11:30,0.2,0.1,open-meteo
2026-07-31 14:15:06,Churchgate,18.935,72.827,WR,2026-07-31T14:15,0.3,0.2,open-meteo
2026-07-31 14:15:06,Dadar,19.018,72.844,WR/CR,2026-07-31T14:15,0.3,0.2,open-meteo
2026-07-31 14:15:06,Andheri,19.119,72.846,WR,2026-07-31T14:15,0.2,0.2,open-meteo
2026-07-31 14:15:06,Borivali,19.231,72.857,WR,,,,open-meteo-ERR
2026-07-31 14:15:06,Virar,19.455,72.811,WR,2026-07-31T14:15,0.9,0.5,open-meteo
2026-07-31 14:15:06,CSMT,18.94,72.835,CR,2026-07-31T14:15,0.3,0.2,open-meteo
2026-07-31 14:15:06,Sion,19.043,72.862,CR-hotspot,2026-07-31T14:15,0.3,0.2,open-meteo
2026-07-31 14:15:06,Kurla,19.065,72.879,CR-hotspot,,,,open-meteo-ERR
2026-07-31 14:15:06,Thane,19.186,72.975,CR,2026-07-31T14:15,0.4,0.2,open-meteo
2026-07-31 14:15:06,Kalyan,19.243,73.13,CR,2026-07-31T14:15,0.6,0.3,open-meteo
2026-07-31 14:15:06,Chunnabhatti,19.046,72.875,Harbour-hotspot,2026-07-31T14:15,0.3,0.2,open-meteo
2026-07-31 14:15:06,Matunga,19.027,72.852,CR-hotspot,2026-07-31T14:15,0.3,0.2,open-meteo
2026-07-31 16:52:33,Churchgate,18.935,72.827,WR,2026-07-31T16:45,0.0,0.0,open-meteo
2026-07-31 16:52:33,Dadar,19.018,72.844,WR/CR,2026-07-31T16:45,0.0,0.0,open-meteo
2026-07-31 16:52:33,Andheri,19.119,72.846,WR,2026-07-31T16:45,0.2,0.1,open-meteo
2026-07-31 16:52:33,Borivali,19.231,72.857,WR,2026-07-31T16:45,0.3,0.3,open-meteo
2026-07-31 16:52:33,Virar,19.455,72.811,WR,2026-07-31T16:45,0.6,0.6,open-meteo
2026-07-31 16:52:33,CSMT,18.94,72.835,CR,2026-07-31T16:45,0.0,0.0,open-meteo
2026-07-31 16:52:33,Sion,19.043,72.862,CR-hotspot,2026-07-31T16:45,0.0,0.0,open-meteo
2026-07-31 16:52:33,Kurla,19.065,72.879,CR-hotspot,2026-07-31T16:45,0.2,0.1,open-meteo
2026-07-31 16:52:33,Thane,19.186,72.975,CR,,,,open-meteo-ERR
2026-07-31 16:52:33,Kalyan,19.243,73.13,CR,2026-07-31T16:45,0.1,0.0,open-meteo
2026-07-31 16:52:33,Chunnabhatti,19.046,72.875,Harbour-hotspot,2026-07-31T16:45,0.0,0.0,open-meteo
2026-07-31 16:52:33,Matunga,19.027,72.852,CR-hotspot,2026-07-31T16:45,0.0,0.0,open-meteo
2026-07-31 18:41:55,Churchgate,18.935,72.827,WR,2026-07-31T18:30,0.1,0.1,open-meteo
2026-07-31 18:41:55,Dadar,19.018,72.844,WR/CR,2026-07-31T18:30,0.1,0.1,open-meteo
2026-07-31 18:41:55,Andheri,19.119,72.846,WR,2026-07-31T18:30,0.0,0.0,open-meteo
2026-07-31 18:41:55,Borivali,19.231,72.857,WR,2026-07-31T18:30,0.0,0.0,open-meteo
2026-07-31 18:41:55,Virar,19.455,72.811,WR,,,,open-meteo-ERR
2026-07-31 18:41:55,CSMT,18.94,72.835,CR,2026-07-31T18:30,0.1,0.1,open-meteo
2026-07-31 18:41:55,Sion,19.043,72.862,CR-hotspot,2026-07-31T18:30,0.1,0.1,open-meteo
2026-07-31 18:41:55,Kurla,19.065,72.879,CR-hotspot,2026-07-31T18:30,0.0,0.0,open-meteo
2026-07-31 18:41:55,Thane,19.186,72.975,CR,2026-07-31T18:30,0.1,0.0,open-meteo
2026-07-31 18:41:55,Kalyan,19.243,73.13,CR,2026-07-31T18:30,0.2,0.0,open-meteo
2026-07-31 18:41:55,Chunnabhatti,19.046,72.875,Harbour-hotspot,,,,open-meteo-ERR
2026-07-31 18:41:55,Matunga,19.027,72.852,CR-hotspot,2026-07-31T18:45,0.0,0.0,open-meteo
2026-07-31 21:05:07,Churchgate,18.935,72.827,WR,2026-07-31T21:00,0.0,0.0,open-meteo
2026-07-31 21:05:07,Dadar,19.018,72.844,WR/CR,2026-07-31T21:00,0.0,0.0,open-meteo
2026-07-31 21:05:07,Andheri,19.119,72.846,WR,2026-07-31T21:00,0.1,0.1,open-meteo
2026-07-31 21:05:07,Borivali,19.231,72.857,WR,2026-07-31T21:00,0.0,0.0,open-meteo
2026-07-31 21:05:07,Virar,19.455,72.811,WR,,,,open-meteo-ERR
2026-07-31 21:05:07,CSMT,18.94,72.835,CR,2026-07-31T21:00,0.0,0.0,open-meteo
2026-07-31 21:05:07,Sion,19.043,72.862,CR-hotspot,2026-07-31T21:00,0.0,0.0,open-meteo
2026-07-31 21:05:07,Kurla,19.065,72.879,CR-hotspot,2026-07-31T21:00,0.1,0.1,open-meteo
2026-07-31 21:05:07,Thane,19.186,72.975,CR,2026-07-31T21:00,0.0,0.0,open-meteo
2026-07-31 21:05:07,Kalyan,19.243,73.13,CR,2026-07-31T21:00,0.0,0.0,open-meteo
2026-07-31 21:05:07,Chunnabhatti,19.046,72.875,Harbour-hotspot,,,,open-meteo-ERR
2026-07-31 21:05:07,Matunga,19.027,72.852,CR-hotspot,2026-07-31T21:00,0.0,0.0,open-meteo
2026-07-31 22:51:05,Churchgate,18.935,72.827,WR,2026-07-31T22:45,0.0,0.0,open-meteo
2026-07-31 22:51:05,Dadar,19.018,72.844,WR/CR,2026-07-31T22:45,0.0,0.0,open-meteo
2026-07-31 22:51:05,Andheri,19.119,72.846,WR,2026-07-31T22:45,0.0,0.0,open-meteo
2026-07-31 22:51:05,Borivali,19.231,72.857,WR,2026-07-31T22:45,0.0,0.0,open-meteo
2026-07-31 22:51:05,Virar,19.455,72.811,WR,,,,open-meteo-ERR
2026-07-31 22:51:05,CSMT,18.94,72.835,CR,2026-07-31T22:45,0.0,0.0,open-meteo
2026-07-31 22:51:05,Sion,19.043,72.862,CR-hotspot,2026-07-31T22:45,0.0,0.0,open-meteo
2026-07-31 22:51:05,Kurla,19.065,72.879,CR-hotspot,2026-07-31T22:45,0.0,0.0,open-meteo
2026-07-31 22:51:05,Thane,19.186,72.975,CR,2026-07-31T22:45,0.0,0.0,open-meteo
2026-07-31 22:51:05,Kalyan,19.243,73.13,CR,2026-07-31T22:45,0.0,0.0,open-meteo
2026-07-31 22:51:05,Chunnabhatti,19.046,72.875,Harbour-hotspot,2026-07-31T22:45,0.0,0.0,open-meteo
2026-07-31 22:51:05,Matunga,19.027,72.852,CR-hotspot,2026-07-31T22:45,0.0,0.0,open-meteo
2026-08-01 00:20:13,Churchgate,18.935,72.827,WR,2026-08-01T00:15,0.1,0.1,open-meteo
2026-08-01 00:20:13,Dadar,19.018,72.844,WR/CR,2026-08-01T00:15,0.1,0.1,open-meteo
2026-08-01 00:20:13,Andheri,19.119,72.846,WR,2026-08-01T00:15,0.1,0.1,open-meteo
2026-08-01 00:20:13,Borivali,19.231,72.857,WR,2026-08-01T00:15,0.0,0.0,open-meteo
2026-08-01 00:20:13,Virar,19.455,72.811,WR,2026-08-01T00:15,0.1,0.1,open-meteo
2026-08-01 00:20:13,CSMT,18.94,72.835,CR,2026-08-01T00:15,0.1,0.1,open-meteo
2026-08-01 00:20:13,Sion,19.043,72.862,CR-hotspot,2026-08-01T00:15,0.1,0.1,open-meteo
2026-08-01 00:20:13,Kurla,19.065,72.879,CR-hotspot,2026-08-01T00:15,0.1,0.1,open-meteo
2026-08-01 00:20:13,Thane,19.186,72.975,CR,2026-08-01T00:15,0.1,0.1,open-meteo
2026-08-01 00:20:13,Kalyan,19.243,73.13,CR,,,,open-meteo-ERR
2026-08-01 00:20:13,Chunnabhatti,19.046,72.875,Harbour-hotspot,2026-08-01T00:15,0.1,0.1,open-meteo
2026-08-01 00:20:13,Matunga,19.027,72.852,CR-hotspot,2026-08-01T00:15,0.1,0.1,open-meteo
2026-08-01 01:44:50,Churchgate,18.935,72.827,WR,2026-08-01T01:30,0.1,0.1,open-meteo
2026-08-01 01:44:50,Dadar,19.018,72.844,WR/CR,2026-08-01T01:30,0.1,0.1,open-meteo
2026-08-01 01:44:50,Andheri,19.119,72.846,WR,2026-08-01T01:30,0.1,0.0,open-meteo
2026-08-01 01:44:50,Borivali,19.231,72.857,WR,2026-08-01T01:30,0.1,0.0,open-meteo
2026-08-01 01:44:50,Virar,19.455,72.811,WR,,,,open-meteo-ERR
2026-08-01 01:44:50,CSMT,18.94,72.835,CR,2026-08-01T01:45,0.1,0.1,open-meteo
2026-08-01 01:44:50,Sion,19.043,72.862,CR-hotspot,2026-08-01T01:45,0.1,0.1,open-meteo
2026-08-01 01:44:50,Kurla,19.065,72.879,CR-hotspot,2026-08-01T01:45,0.1,0.1,open-meteo
2026-08-01 01:44:50,Thane,19.186,72.975,CR,2026-08-01T01:45,0.1,0.1,open-meteo
2026-08-01 01:44:50,Kalyan,19.243,73.13,CR,,,,open-meteo-ERR
2026-08-01 01:44:50,Chunnabhatti,19.046,72.875,Harbour-hotspot,2026-08-01T01:45,0.1,0.1,open-meteo
2026-08-01 01:44:50,Matunga,19.027,72.852,CR-hotspot,2026-08-01T01:45,0.1,0.1,open-meteo
2026-08-01 03:04:39,Churchgate,18.935,72.827,WR,2026-08-01T03:00,0.1,0.0,open-meteo
2026-08-01 03:04:39,Dadar,19.018,72.844,WR/CR,2026-08-01T03:00,0.1,0.0,open-meteo
2026-08-01 03:04:39,Andheri,19.119,72.846,WR,2026-08-01T03:00,0.1,0.0,open-meteo
2026-08-01 03:04:39,Borivali,19.231,72.857,WR,,,,open-meteo-ERR
2026-08-01 03:04:39,Virar,19.455,72.811,WR,2026-08-01T03:00,0.1,0.0,open-meteo
2026-08-01 03:04:39,CSMT,18.94,72.835,CR,2026-08-01T03:00,0.1,0.0,open-meteo
2026-08-01 03:04:39,Sion,19.043,72.862,CR-hotspot,2026-08-01T03:00,0.1,0.0,open-meteo
2026-08-01 03:04:39,Kurla,19.065,72.879,CR-hotspot,,,,open-meteo-ERR
2026-08-01 03:04:39,Thane,19.186,72.975,CR,2026-08-01T03:00,0.1,0.0,open-meteo
2026-08-01 03:04:39,Kalyan,19.243,73.13,CR,2026-08-01T03:00,0.1,0.0,open-meteo
2026-08-01 03:04:39,Chunnabhatti,19.046,72.875,Harbour-hotspot,2026-08-01T03:00,0.1,0.0,open-meteo
2026-08-01 03:04:39,Matunga,19.027,72.852,CR-hotspot,2026-08-01T03:00,0.1,0.0,open-meteo
2026-08-01 04:22:42,Churchgate,18.935,72.827,WR,2026-08-01T04:15,0.0,0.0,open-meteo
2026-08-01 04:22:42,Dadar,19.018,72.844,WR/CR,2026-08-01T04:15,0.0,0.0,open-meteo
2026-08-01 04:22:42,Andheri,19.119,72.846,WR,2026-08-01T04:15,0.1,0.1,open-meteo
2026-08-01 04:22:42,Borivali,19.231,72.857,WR,2026-08-01T04:15,0.1,0.1,open-meteo
2026-08-01 04:22:42,Virar,19.455,72.811,WR,,,,open-meteo-ERR
2026-08-01 04:22:42,CSMT,18.94,72.835,CR,2026-08-01T04:15,0.0,0.0,open-meteo
2026-08-01 04:22:42,Sion,19.043,72.862,CR-hotspot,2026-08-01T04:15,0.0,0.0,open-meteo
2026-08-01 04:22:42,Kurla,19.065,72.879,CR-hotspot,2026-08-01T04:15,0.1,0.1,open-meteo
2026-08-01 04:22:42,Thane,19.186,72.975,CR,2026-08-01T04:15,0.0,0.0,open-meteo
2026-08-01 04:22:42,Kalyan,19.243,73.13,CR,2026-08-01T04:15,0.0,0.0,open-meteo
2026-08-01 04:22:42,Chunnabhatti,19.046,72.875,Harbour-hotspot,,,,open-meteo-ERR
2026-08-01 04:22:42,Matunga,19.027,72.852,CR-hotspot,2026-08-01T04:15,0.0,0.0,open-meteo
2026-08-01 05:24:30,Churchgate,18.935,72.827,WR,2026-08-01T05:15,0.0,0.0,open-meteo
2026-08-01 05:24:30,Dadar,19.018,72.844,WR/CR,2026-08-01T05:15,0.0,0.0,open-meteo
2026-08-01 05:24:30,Andheri,19.119,72.846,WR,2026-08-01T05:15,0.2,0.0,open-meteo
2026-08-01 05:24:30,Borivali,19.231,72.857,WR,2026-08-01T05:15,0.1,0.0,open-meteo
2026-08-01 05:24:30,Virar,19.455,72.811,WR,,,,open-meteo-ERR
2026-08-01 05:24:30,CSMT,18.94,72.835,CR,2026-08-01T05:15,0.0,0.0,open-meteo
2026-08-01 05:24:30,Sion,19.043,72.862,CR-hotspot,2026-08-01T05:15,0.0,0.0,open-meteo
2026-08-01 05:24:30,Kurla,19.065,72.879,CR-hotspot,2026-08-01T05:15,0.2,0.0,open-meteo
2026-08-01 05:24:30,Thane,19.186,72.975,CR,2026-08-01T05:15,0.0,0.0,open-meteo
2026-08-01 05:24:30,Kalyan,19.243,73.13,CR,2026-08-01T05:15,0.0,0.0,open-meteo
2026-08-01 05:24:30,Chunnabhatti,19.046,72.875,Harbour-hotspot,,,,open-meteo-ERR
2026-08-01 05:24:30,Matunga,19.027,72.852,CR-hotspot,2026-08-01T05:15,0.0,0.0,open-meteo
2026-08-01 07:31:54,Churchgate,18.935,72.827,WR,2026-08-01T07:30,0.0,0.0,open-meteo
2026-08-01 07:31:54,Dadar,19.018,72.844,WR/CR,2026-08-01T07:30,0.0,0.0,open-meteo
2026-08-01 07:31:54,Andheri,19.119,72.846,WR,2026-08-01T07:30,0.1,0.0,open-meteo
2026-08-01 07:31:54,Borivali,19.231,72.857,WR,2026-08-01T07:30,0.1,0.0,open-meteo
2026-08-01 07:31:54,Virar,19.455,72.811,WR,,,,open-meteo-ERR
2026-08-01 07:31:54,CSMT,18.94,72.835,CR,2026-08-01T07:30,0.0,0.0,open-meteo
2026-08-01 07:31:54,Sion,19.043,72.862,CR-hotspot,2026-08-01T07:30,0.0,0.0,open-meteo
2026-08-01 07:31:54,Kurla,19.065,72.879,CR-hotspot,2026-08-01T07:30,0.1,0.0,open-meteo
2026-08-01 07:31:54,Thane,19.186,72.975,CR,2026-08-01T07:30,0.0,0.0,open-meteo
2026-08-01 07:31:54,Kalyan,19.243,73.13,CR,2026-08-01T07:30,0.0,0.0,open-meteo
2026-08-01 07:31:54,Chunnabhatti,19.046,72.875,Harbour-hotspot,,,,open-meteo-ERR
2026-08-01 07:31:54,Matunga,19.027,72.852,CR-hotspot,2026-08-01T07:30,0.0,0.0,open-meteo
2026-08-01 11:08:50,Churchgate,18.935,72.827,WR,2026-08-01T11:00,0.1,0.0,open-meteo
2026-08-01 11:08:50,Dadar,19.018,72.844,WR/CR,2026-08-01T11:00,0.1,0.0,open-meteo
2026-08-01 11:08:50,Andheri,19.119,72.846,WR,2026-08-01T11:00,0.0,0.0,open-meteo
2026-08-01 11:08:50,Borivali,19.231,72.857,WR,2026-08-01T11:00,0.1,0.0,open-meteo
2026-08-01 11:08:50,Virar,19.455,72.811,WR,,,,open-meteo-ERR
2026-08-01 11:08:50,CSMT,18.94,72.835,CR,2026-08-01T11:00,0.1,0.0,open-meteo
2026-08-01 11:08:50,Sion,19.043,72.862,CR-hotspot,2026-08-01T11:00,0.1,0.0,open-meteo
2026-08-01 11:08:50,Kurla,19.065,72.879,CR-hotspot,2026-08-01T11:00,0.0,0.0,open-meteo
2026-08-01 11:08:50,Thane,19.186,72.975,CR,2026-08-01T11:00,0.2,0.1,open-meteo
2026-08-01 11:08:50,Kalyan,19.243,73.13,CR,2026-08-01T11:00,0.1,0.1,open-meteo
2026-08-01 11:08:50,Chunnabhatti,19.046,72.875,Harbour-hotspot,,,,open-meteo-ERR
2026-08-01 11:08:50,Matunga,19.027,72.852,CR-hotspot,2026-08-01T11:00,0.1,0.0,open-meteo
2026-08-01 13:35:45,Churchgate,18.935,72.827,WR,2026-08-01T13:30,0.1,0.0,open-meteo
2026-08-01 13:35:45,Dadar,19.018,72.844,WR/CR,2026-08-01T13:30,0.1,0.0,open-meteo
2026-08-01 13:35:45,Andheri,19.119,72.846,WR,2026-08-01T13:30,0.1,0.0,open-meteo
2026-08-01 13:35:45,Borivali,19.231,72.857,WR,,,,open-meteo-ERR
2026-08-01 13:35:45,Virar,19.455,72.811,WR,2026-08-01T13:30,0.0,0.0,open-meteo
2026-08-01 13:35:45,CSMT,18.94,72.835,CR,2026-08-01T13:30,0.1,0.0,open-meteo
2026-08-01 13:35:45,Sion,19.043,72.862,CR-hotspot,2026-08-01T13:30,0.1,0.0,open-meteo
2026-08-01 13:35:45,Kurla,19.065,72.879,CR-hotspot,2026-08-01T13:30,0.1,0.0,open-meteo
2026-08-01 13:35:45,Thane,19.186,72.975,CR,,,,open-meteo-ERR
2026-08-01 13:35:45,Kalyan,19.243,73.13,CR,2026-08-01T13:30,0.0,0.0,open-meteo
2026-08-01 13:35:45,Chunnabhatti,19.046,72.875,Harbour-hotspot,2026-08-01T13:30,0.1,0.0,open-meteo
2026-08-01 13:35:45,Matunga,19.027,72.852,CR-hotspot,2026-08-01T13:30,0.1,0.0,open-meteo
2026-08-01 15:44:01,Churchgate,18.935,72.827,WR,2026-08-01T15:30,0.0,0.0,open-meteo
2026-08-01 15:44:01,Dadar,19.018,72.844,WR/CR,2026-08-01T15:30,0.0,0.0,open-meteo
2026-08-01 15:44:01,Andheri,19.119,72.846,WR,2026-08-01T15:30,0.1,0.0,open-meteo
2026-08-01 15:44:01,Borivali,19.231,72.857,WR,2026-08-01T15:30,0.1,0.1,open-meteo
2026-08-01 15:44:01,Virar,19.455,72.811,WR,2026-08-01T15:45,0.1,0.0,open-meteo
2026-08-01 15:44:01,CSMT,18.94,72.835,CR,2026-08-01T15:45,0.1,0.0,open-meteo
2026-08-01 15:44:01,Sion,19.043,72.862,CR-hotspot,2026-08-01T15:45,0.1,0.0,open-meteo
2026-08-01 15:44:01,Kurla,19.065,72.879,CR-hotspot,,,,open-meteo-ERR
2026-08-01 15:44:01,Thane,19.186,72.975,CR,2026-08-01T15:45,0.0,0.0,open-meteo
2026-08-01 15:44:01,Kalyan,19.243,73.13,CR,2026-08-01T15:45,0.0,0.0,open-meteo
2026-08-01 15:44:01,Chunnabhatti,19.046,72.875,Harbour-hotspot,2026-08-01T15:45,0.1,0.0,open-meteo
2026-08-01 15:44:01,Matunga,19.027,72.852,CR-hotspot,,,,open-meteo-ERR
2026-08-01 17:08:46,Churchgate,18.935,72.827,WR,2026-08-01T17:00,0.0,0.0,open-meteo
2026-08-01 17:08:46,Dadar,19.018,72.844,WR/CR,2026-08-01T17:00,0.0,0.0,open-meteo
2026-08-01 17:08:46,Andheri,19.119,72.846,WR,2026-08-01T17:00,0.0,0.0,open-meteo
2026-08-01 17:08:46,Borivali,19.231,72.857,WR,2026-08-01T17:00,0.1,0.0,open-meteo
2026-08-01 17:08:46,Virar,19.455,72.811,WR,,,,open-meteo-ERR
2026-08-01 17:08:46,CSMT,18.94,72.835,CR,2026-08-01T17:00,0.0,0.0,open-meteo
2026-08-01 17:08:46,Sion,19.043,72.862,CR-hotspot,2026-08-01T17:00,0.0,0.0,open-meteo
2026-08-01 17:08:46,Kurla,19.065,72.879,CR-hotspot,2026-08-01T17:00,0.0,0.0,open-meteo
2026-08-01 17:08:46,Thane,19.186,72.975,CR,2026-08-01T17:00,0.1,0.0,open-meteo
2026-08-01 17:08:46,Kalyan,19.243,73.13,CR,,,,open-meteo-ERR
2026-08-01 17:08:46,Chunnabhatti,19.046,72.875,Harbour-hotspot,2026-08-01T17:00,0.0,0.0,open-meteo
2026-08-01 17:08:46,Matunga,19.027,72.852,CR-hotspot,2026-08-01T17:00,0.0,0.0,open-meteo
2026-08-01 18:29:31,Churchgate,18.935,72.827,WR,2026-08-01T18:15,0.2,0.1,open-meteo
2026-08-01 18:29:31,Dadar,19.018,72.844,WR/CR,2026-08-01T18:15,0.2,0.1,open-meteo
2026-08-01 18:29:31,Andheri,19.119,72.846,WR,2026-08-01T18:15,0.2,0.1,open-meteo
2026-08-01 18:29:31,Borivali,19.231,72.857,WR,,,,open-meteo-ERR
2026-08-01 18:29:31,Virar,19.455,72.811,WR,2026-08-01T18:30,0.0,0.0,open-meteo
2026-08-01 18:29:31,CSMT,18.94,72.835,CR,2026-08-01T18:30,0.2,0.1,open-meteo
2026-08-01 18:29:31,Sion,19.043,72.862,CR-hotspot,2026-08-01T18:30,0.2,0.1,open-meteo
2026-08-01 18:29:31,Kurla,19.065,72.879,CR-hotspot,,,,open-meteo-ERR
2026-08-01 18:29:31,Thane,19.186,72.975,CR,2026-08-01T18:30,0.1,0.1,open-meteo
2026-08-01 18:29:31,Kalyan,19.243,73.13,CR,2026-08-01T18:30,0.0,0.0,open-meteo
2026-08-01 18:29:31,Chunnabhatti,19.046,72.875,Harbour-hotspot,2026-08-01T18:30,0.2,0.1,open-meteo
2026-08-01 18:29:31,Matunga,19.027,72.852,CR-hotspot,,,,open-meteo-ERR
2026-08-01 20:07:10,Churchgate,18.935,72.827,WR,2026-08-01T20:00,0.1,0.0,open-meteo
2026-08-01 20:07:10,Dadar,19.018,72.844,WR/CR,2026-08-01T20:00,0.1,0.0,open-meteo
2026-08-01 20:07:10,Andheri,19.119,72.846,WR,2026-08-01T20:00,0.1,0.0,open-meteo
2026-08-01 20:07:10,Borivali,19.231,72.857,WR,2026-08-01T20:00,0.0,0.0,open-meteo
2026-08-01 20:07:10,Virar,19.455,72.811,WR,,,,open-meteo-ERR
2026-08-01 20:07:10,CSMT,18.94,72.835,CR,2026-08-01T20:00,0.1,0.0,open-meteo
2026-08-01 20:07:10,Sion,19.043,72.862,CR-hotspot,2026-08-01T20:00,0.1,0.0,open-meteo
2026-08-01 20:07:10,Kurla,19.065,72.879,CR-hotspot,2026-08-01T20:00,0.1,0.0,open-meteo
2026-08-01 20:07:10,Thane,19.186,72.975,CR,2026-08-01T20:00,0.2,0.1,open-meteo
2026-08-01 20:07:10,Kalyan,19.243,73.13,CR,2026-08-01T20:00,0.2,0.1,open-meteo
2026-08-01 20:07:10,Chunnabhatti,19.046,72.875,Harbour-hotspot,,,,open-meteo-ERR
2026-08-01 20:07:10,Matunga,19.027,72.852,CR-hotspot,2026-08-01T20:00,0.1,0.0,open-meteo
2026-08-01 21:23:33,Churchgate,18.935,72.827,WR,2026-08-01T21:15,0.1,0.1,open-meteo
2026-08-01 21:23:33,Dadar,19.018,72.844,WR/CR,2026-08-01T21:15,0.1,0.1,open-meteo
2026-08-01 21:23:33,Andheri,19.119,72.846,WR,2026-08-01T21:15,0.1,0.0,open-meteo
2026-08-01 21:23:33,Borivali,19.231,72.857,WR,2026-08-01T21:15,0.2,0.1,open-meteo
2026-08-01 21:23:33,Virar,19.455,72.811,WR,,,,open-meteo-ERR
2026-08-01 21:23:33,CSMT,18.94,72.835,CR,2026-08-01T21:15,0.1,0.1,open-meteo
2026-08-01 21:23:33,Sion,19.043,72.862,CR-hotspot,2026-08-01T21:15,0.1,0.1,open-meteo
2026-08-01 21:23:33,Kurla,19.065,72.879,CR-hotspot,2026-08-01T21:15,0.1,0.0,open-meteo
2026-08-01 21:23:33,Thane,19.186,72.975,CR,2026-08-01T21:15,0.1,0.0,open-meteo
2026-08-01 21:23:33,Kalyan,19.243,73.13,CR,2026-08-01T21:15,0.1,0.1,open-meteo
2026-08-01 21:23:33,Chunnabhatti,19.046,72.875,Harbour-hotspot,,,,open-meteo-ERR
2026-08-01 21:23:33,Matunga,19.027,72.852,CR-hotspot,2026-08-01T21:15,0.1,0.1,open-meteo
2026-08-01 22:21:11,Churchgate,18.935,72.827,WR,2026-08-01T22:15,0.0,0.0,open-meteo
2026-08-01 22:21:11,Dadar,19.018,72.844,WR/CR,2026-08-01T22:15,0.0,0.0,open-meteo
2026-08-01 22:21:11,Andheri,19.119,72.846,WR,2026-08-01T22:15,0.1,0.1,open-meteo
2026-08-01 22:21:11,Borivali,19.231,72.857,WR,,,,open-meteo-ERR
2026-08-01 22:21:11,Virar,19.455,72.811,WR,2026-08-01T22:15,0.1,0.0,open-meteo
2026-08-01 22:21:11,CSMT,18.94,72.835,CR,2026-08-01T22:15,0.0,0.0,open-meteo
2026-08-01 22:21:11,Sion,19.043,72.862,CR-hotspot,2026-08-01T22:15,0.0,0.0,open-meteo
2026-08-01 22:21:11,Kurla,19.065,72.879,CR-hotspot,,,,open-meteo-ERR
2026-08-01 22:21:11,Thane,19.186,72.975,CR,2026-08-01T22:15,0.0,0.0,open-meteo
2026-08-01 22:21:11,Kalyan,19.243,73.13,CR,2026-08-01T22:15,0.1,0.0,open-meteo
2026-08-01 22:21:11,Chunnabhatti,19.046,72.875,Harbour-hotspot,2026-08-01T22:15,0.0,0.0,open-meteo
2026-08-01 22:21:11,Matunga,19.027,72.852,CR-hotspot,,,,open-meteo-ERR
2026-08-01 23:24:05,Churchgate,18.935,72.827,WR,2026-08-01T23:15,0.0,0.0,open-meteo
2026-08-01 23:24:05,Dadar,19.018,72.844,WR/CR,2026-08-01T23:15,0.0,0.0,open-meteo
2026-08-01 23:24:05,Andheri,19.119,72.846,WR,2026-08-01T23:15,0.2,0.0,open-meteo
2026-08-01 23:24:05,Borivali,19.231,72.857,WR,,,,open-meteo-ERR
2026-08-01 23:24:05,Virar,19.455,72.811,WR,2026-08-01T23:15,0.0,0.0,open-meteo
2026-08-01 23:24:05,CSMT,18.94,72.835,CR,2026-08-01T23:15,0.0,0.0,open-meteo
2026-08-01 23:24:05,Sion,19.043,72.862,CR-hotspot,2026-08-01T23:15,0.0,0.0,open-meteo
2026-08-01 23:24:05,Kurla,19.065,72.879,CR-hotspot,,,,open-meteo-ERR
2026-08-01 23:24:05,Thane,19.186,72.975,CR,2026-08-01T23:15,0.1,0.0,open-meteo
2026-08-01 23:24:05,Kalyan,19.243,73.13,CR,2026-08-01T23:15,0.1,0.0,open-meteo
2026-08-01 23:24:05,Chunnabhatti,19.046,72.875,Harbour-hotspot,2026-08-01T23:15,0.0,0.0,open-meteo
2026-08-01 23:24:05,Matunga,19.027,72.852,CR-hotspot,,,,open-meteo-ERR
2026-08-02 00:26:18,Churchgate,18.935,72.827,WR,2026-08-02T00:15,0.0,0.0,open-meteo
2026-08-02 00:26:18,Dadar,19.018,72.844,WR/CR,2026-08-02T00:15,0.0,0.0,open-meteo
2026-08-02 00:26:18,Andheri,19.119,72.846,WR,2026-08-02T00:15,0.1,0.0,open-meteo
2026-08-02 00:26:18,Borivali,19.231,72.857,WR,2026-08-02T00:15,0.1,0.0,open-meteo
2026-08-02 00:26:18,Virar,19.455,72.811,WR,,,,open-meteo-ERR
2026-08-02 00:26:18,CSMT,18.94,72.835,CR,2026-08-02T00:15,0.0,0.0,open-meteo
2026-08-02 00:26:18,Sion,19.043,72.862,CR-hotspot,2026-08-02T00:15,0.0,0.0,open-meteo
2026-08-02 00:26:18,Kurla,19.065,72.879,CR-hotspot,2026-08-02T00:15,0.1,0.0,open-meteo
2026-08-02 00:26:18,Thane,19.186,72.975,CR,2026-08-02T00:15,0.0,0.0,open-meteo
2026-08-02 00:26:18,Kalyan,19.243,73.13,CR,2026-08-02T00:15,0.0,0.0,open-meteo
2026-08-02 00:26:18,Chunnabhatti,19.046,72.875,Harbour-hotspot,,,,open-meteo-ERR
2026-08-02 00:26:18,Matunga,19.027,72.852,CR-hotspot,2026-08-02T00:15,0.0,0.0,open-meteo
2026-08-02 01:37:13,Churchgate,18.935,72.827,WR,2026-08-02T01:30,0.1,0.1,open-meteo
2026-08-02 01:37:13,Dadar,19.018,72.844,WR/CR,2026-08-02T01:30,0.1,0.1,open-meteo
2026-08-02 01:37:13,Andheri,19.119,72.846,WR,2026-08-02T01:30,0.1,0.1,open-meteo
2026-08-02 01:37:13,Borivali,19.231,72.857,WR,2026-08-02T01:30,0.1,0.0,open-meteo
2026-08-02 01:37:13,Virar,19.455,72.811,WR,,,,open-meteo-ERR
2026-08-02 01:37:13,CSMT,18.94,72.835,CR,2026-08-02T01:30,0.1,0.1,open-meteo
2026-08-02 01:37:13,Sion,19.043,72.862,CR-hotspot,2026-08-02T01:30,0.1,0.1,open-meteo
2026-08-02 01:37:13,Kurla,19.065,72.879,CR-hotspot,2026-08-02T01:30,0.1,0.1,open-meteo
2026-08-02 01:37:13,Thane,19.186,72.975,CR,,,,open-meteo-ERR
2026-08-02 01:37:13,Kalyan,19.243,73.13,CR,2026-08-02T01:30,0.1,0.0,open-meteo
2026-08-02 01:37:13,Chunnabhatti,19.046,72.875,Harbour-hotspot,2026-08-02T01:30,0.1,0.1,open-meteo
2026-08-02 01:37:13,Matunga,19.027,72.852,CR-hotspot,2026-08-02T01:30,0.1,0.1,open-meteo
2026-08-02 02:44:48,Churchgate,18.935,72.827,WR,2026-08-02T02:30,0.0,0.0,open-meteo
2026-08-02 02:44:48,Dadar,19.018,72.844,WR/CR,2026-08-02T02:30,0.0,0.0,open-meteo
2026-08-02 02:44:48,Andheri,19.119,72.846,WR,2026-08-02T02:30,0.1,0.1,open-meteo
2026-08-02 02:44:48,Borivali,19.231,72.857,WR,2026-08-02T02:30,0.1,0.1,open-meteo
2026-08-02 02:44:48,Virar,19.455,72.811,WR,,,,open-meteo-ERR
2026-08-02 02:44:48,CSMT,18.94,72.835,CR,2026-08-02T02:45,0.0,0.0,open-meteo
2026-08-02 02:44:48,Sion,19.043,72.862,CR-hotspot,2026-08-02T02:45,0.0,0.0,open-meteo
2026-08-02 02:44:48,Kurla,19.065,72.879,CR-hotspot,2026-08-02T02:45,0.0,0.0,open-meteo
2026-08-02 02:44:48,Thane,19.186,72.975,CR,2026-08-02T02:45,0.2,0.1,open-meteo
2026-08-02 02:44:48,Kalyan,19.243,73.13,CR,2026-08-02T02:45,0.2,0.1,open-meteo
2026-08-02 02:44:48,Chunnabhatti,19.046,72.875,Harbour-hotspot,,,,open-meteo-ERR
2026-08-02 02:44:48,Matunga,19.027,72.852,CR-hotspot,2026-08-02T02:45,0.0,0.0,open-meteo
2026-08-02 03:56:31,Churchgate,18.935,72.827,WR,2026-08-02T03:45,0.2,0.1,open-meteo
2026-08-02 03:56:31,Dadar,19.018,72.844,WR/CR,2026-08-02T03:45,0.2,0.1,open-meteo
2026-08-02 03:56:31,Andheri,19.119,72.846,WR,2026-08-02T03:45,0.2,0.0,open-meteo
2026-08-02 03:56:31,Borivali,19.231,72.857,WR,2026-08-02T03:45,0.0,0.0,open-meteo
2026-08-02 03:56:31,Virar,19.455,72.811,WR,,,,open-meteo-ERR
2026-08-02 03:56:31,CSMT,18.94,72.835,CR,2026-08-02T03:45,0.2,0.1,open-meteo
2026-08-02 03:56:31,Sion,19.043,72.862,CR-hotspot,2026-08-02T03:45,0.2,0.1,open-meteo
2026-08-02 03:56:31,Kurla,19.065,72.879,CR-hotspot,2026-08-02T03:45,0.2,0.0,open-meteo
2026-08-02 03:56:31,Thane,19.186,72.975,CR,2026-08-02T03:45,0.0,0.0,open-meteo
2026-08-02 03:56:31,Kalyan,19.243,73.13,CR,2026-08-02T03:45,0.0,0.0,open-meteo
2026-08-02 03:56:31,Chunnabhatti,19.046,72.875,Harbour-hotspot,,,,open-meteo-ERR
2026-08-02 03:56:31,Matunga,19.027,72.852,CR-hotspot,2026-08-02T04:00,0.2,0.1,open-meteo
2026-08-02 04:56:14,Churchgate,18.935,72.827,WR,2026-08-02T04:45,0.1,0.0,open-meteo
2026-08-02 04:56:14,Dadar,19.018,72.844,WR/CR,2026-08-02T04:45,0.1,0.0,open-meteo
2026-08-02 04:56:14,Andheri,19.119,72.846,WR,2026-08-02T04:45,0.2,0.1,open-meteo
2026-08-02 04:56:14,Borivali,19.231,72.857,WR,2026-08-02T04:45,0.1,0.0,open-meteo
2026-08-02 04:56:14,Virar,19.455,72.811,WR,2026-08-02T04:45,0.0,0.0,open-meteo
2026-08-02 04:56:14,CSMT,18.94,72.835,CR,2026-08-02T04:45,0.1,0.0,open-meteo
2026-08-02 04:56:14,Sion,19.043,72.862,CR-hotspot,2026-08-02T04:45,0.1,0.0,open-meteo
2026-08-02 04:56:14,Kurla,19.065,72.879,CR-hotspot,2026-08-02T04:45,0.2,0.1,open-meteo
2026-08-02 04:56:14,Thane,19.186,72.975,CR,2026-08-02T04:45,0.1,0.1,open-meteo
2026-08-02 04:56:14,Kalyan,19.243,73.13,CR,2026-08-02T04:45,0.1,0.1,open-meteo
2026-08-02 04:56:14,Chunnabhatti,19.046,72.875,Harbour-hotspot,,,,open-meteo-ERR
2026-08-02 04:56:14,Matunga,19.027,72.852,CR-hotspot,2026-08-02T04:45,0.1,0.0,open-meteo
2026-08-02 06:34:47,Churchgate,18.935,72.827,WR,2026-08-02T06:30,0.0,0.0,open-meteo
2026-08-02 06:34:47,Dadar,19.018,72.844,WR/CR,2026-08-02T06:30,0.0,0.0,open-meteo
2026-08-02 06:34:47,Andheri,19.119,72.846,WR,2026-08-02T06:30,0.1,0.1,open-meteo
2026-08-02 06:34:47,Borivali,19.231,72.857,WR,,,,open-meteo-ERR
2026-08-02 06:34:47,Virar,19.455,72.811,WR,2026-08-02T06:30,0.1,0.0,open-meteo
2026-08-02 06:34:47,CSMT,18.94,72.835,CR,2026-08-02T06:30,0.0,0.0,open-meteo
2026-08-02 06:34:47,Sion,19.043,72.862,CR-hotspot,2026-08-02T06:30,0.0,0.0,open-meteo
2026-08-02 06:34:47,Kurla,19.065,72.879,CR-hotspot,,,,open-meteo-ERR
2026-08-02 06:34:47,Thane,19.186,72.975,CR,2026-08-02T06:30,0.1,0.1,open-meteo
2026-08-02 06:34:47,Kalyan,19.243,73.13,CR,2026-08-02T06:30,0.1,0.0,open-meteo
2026-08-02 06:34:47,Chunnabhatti,19.046,72.875,Harbour-hotspot,2026-08-02T06:30,0.0,0.0,open-meteo
2026-08-02 06:34:47,Matunga,19.027,72.852,CR-hotspot,,,,open-meteo-ERR
2026-08-02 10:18:42,Churchgate,18.935,72.827,WR,2026-08-02T10:15,0.1,0.1,open-meteo
2026-08-02 10:18:42,Dadar,19.018,72.844,WR/CR,2026-08-02T10:15,0.1,0.1,open-meteo
2026-08-02 10:18:42,Andheri,19.119,72.846,WR,2026-08-02T10:15,0.1,0.0,open-meteo
2026-08-02 10:18:42,Borivali,19.231,72.857,WR,2026-08-02T10:15,0.0,0.0,open-meteo
2026-08-02 10:18:42,Virar,19.455,72.811,WR,,,,open-meteo-ERR
2026-08-02 10:18:42,CSMT,18.94,72.835,CR,2026-08-02T10:15,0.1,0.1,open-meteo
2026-08-02 10:18:42,Sion,19.043,72.862,CR-hotspot,2026-08-02T10:15,0.1,0.1,open-meteo
2026-08-02 10:18:42,Kurla,19.065,72.879,CR-hotspot,2026-08-02T10:15,0.1,0.0,open-meteo
2026-08-02 10:18:42,Thane,19.186,72.975,CR,2026-08-02T10:15,0.2,0.1,open-meteo
2026-08-02 10:18:42,Kalyan,19.243,73.13,CR,2026-08-02T10:15,0.2,0.1,open-meteo
2026-08-02 10:18:42,Chunnabhatti,19.046,72.875,Harbour-hotspot,,,,open-meteo-ERR
2026-08-02 10:18:42,Matunga,19.027,72.852,CR-hotspot,2026-08-02T10:15,0.1,0.1,open-meteo
2026-08-02 12:57:33,Churchgate,18.935,72.827,WR,2026-08-02T12:45,0.1,0.0,open-meteo
2026-08-02 12:57:33,Dadar,19.018,72.844,WR/CR,2026-08-02T12:45,0.1,0.0,open-meteo
2026-08-02 12:57:33,Andheri,19.119,72.846,WR,2026-08-02T12:45,0.2,0.1,open-meteo
2026-08-02 12:57:33,Borivali,19.231,72.857,WR,2026-08-02T12:45,0.1,0.1,open-meteo
2026-08-02 12:57:33,Virar,19.455,72.811,WR,,,,open-meteo-ERR
2026-08-02 12:57:33,CSMT,18.94,72.835,CR,2026-08-02T12:45,0.1,0.0,open-meteo
2026-08-02 12:57:33,Sion,19.043,72.862,CR-hotspot,2026-08-02T12:45,0.1,0.0,open-meteo
2026-08-02 12:57:33,Kurla,19.065,72.879,CR-hotspot,2026-08-02T12:45,0.2,0.1,open-meteo
2026-08-02 12:57:33,Thane,19.186,72.975,CR,2026-08-02T12:45,0.0,0.0,open-meteo
2026-08-02 12:57:33,Kalyan,19.243,73.13,CR,2026-08-02T12:45,0.0,0.0,open-meteo
2026-08-02 12:57:33,Chunnabhatti,19.046,72.875,Harbour-hotspot,,,,open-meteo-ERR
2026-08-02 12:57:33,Matunga,19.027,72.852,CR-hotspot,2026-08-02T13:00,0.1,0.0,open-meteo
2026-08-02 15:02:08,Churchgate,18.935,72.827,WR,2026-08-02T15:00,0.0,0.0,open-meteo
2026-08-02 15:02:08,Dadar,19.018,72.844,WR/CR,2026-08-02T15:00,0.0,0.0,open-meteo
2026-08-02 15:02:08,Andheri,19.119,72.846,WR,2026-08-02T15:00,0.3,0.1,open-meteo
2026-08-02 15:02:08,Borivali,19.231,72.857,WR,2026-08-02T15:00,0.1,0.0,open-meteo
2026-08-02 15:02:08,Virar,19.455,72.811,WR,,,,open-meteo-ERR
2026-08-02 15:02:08,CSMT,18.94,72.835,CR,2026-08-02T15:00,0.0,0.0,open-meteo
2026-08-02 15:02:08,Sion,19.043,72.862,CR-hotspot,2026-08-02T15:00,0.0,0.0,open-meteo
2026-08-02 15:02:08,Kurla,19.065,72.879,CR-hotspot,2026-08-02T15:00,0.3,0.1,open-meteo
2026-08-02 15:02:08,Thane,19.186,72.975,CR,2026-08-02T15:00,0.2,0.1,open-meteo
2026-08-02 15:02:08,Kalyan,19.243,73.13,CR,2026-08-02T15:00,0.2,0.1,open-meteo
2026-08-02 15:02:08,Chunnabhatti,19.046,72.875,Harbour-hotspot,2026-08-02T15:00,0.0,0.0,open-meteo
2026-08-02 15:02:08,Matunga,19.027,72.852,CR-hotspot,,,,open-meteo-ERR
2026-08-02 16:41:16,Churchgate,18.935,72.827,WR,2026-08-02T16:30,0.2,0.1,open-meteo
2026-08-02 16:41:16,Dadar,19.018,72.844,WR/CR,2026-08-02T16:30,0.2,0.1,open-meteo
2026-08-02 16:41:16,Andheri,19.119,72.846,WR,2026-08-02T16:30,0.3,0.2,open-meteo
2026-08-02 16:41:16,Borivali,19.231,72.857,WR,,,,open-meteo-ERR
2026-08-02 16:41:16,Virar,19.455,72.811,WR,2026-08-02T16:30,0.0,0.0,open-meteo
2026-08-02 16:41:16,CSMT,18.94,72.835,CR,2026-08-02T16:30,0.2,0.1,open-meteo
2026-08-02 16:41:16,Sion,19.043,72.862,CR-hotspot,2026-08-02T16:30,0.2,0.1,open-meteo
2026-08-02 16:41:16,Kurla,19.065,72.879,CR-hotspot,,,,open-meteo-ERR
2026-08-02 16:41:16,Thane,19.186,72.975,CR,2026-08-02T16:30,0.1,0.1,open-meteo
2026-08-02 16:41:16,Kalyan,19.243,73.13,CR,2026-08-02T16:30,0.2,0.2,open-meteo
2026-08-02 16:41:16,Chunnabhatti,19.046,72.875,Harbour-hotspot,2026-08-02T16:30,0.2,0.1,open-meteo
2026-08-02 16:41:16,Matunga,19.027,72.852,CR-hotspot,,,,open-meteo-ERR
2026-08-02 18:02:54,Churchgate,18.935,72.827,WR,2026-08-02T18:00,0.1,0.0,open-meteo
2026-08-02 18:02:54,Dadar,19.018,72.844,WR/CR,2026-08-02T18:00,0.1,0.0,open-meteo
2026-08-02 18:02:54,Andheri,19.119,72.846,WR,2026-08-02T18:00,0.2,0.1,open-meteo
2026-08-02 18:02:54,Borivali,19.231,72.857,WR,,,,open-meteo-ERR
2026-08-02 18:02:54,Virar,19.455,72.811,WR,2026-08-02T18:00,0.1,0.1,open-meteo
2026-08-02 18:02:54,CSMT,18.94,72.835,CR,2026-08-02T18:00,0.1,0.0,open-meteo
2026-08-02 18:02:54,Sion,19.043,72.862,CR-hotspot,2026-08-02T18:00,0.1,0.0,open-meteo
2026-08-02 18:02:54,Kurla,19.065,72.879,CR-hotspot,2026-08-02T18:00,0.2,0.1,open-meteo
2026-08-02 18:02:54,Thane,19.186,72.975,CR,,,,open-meteo-ERR
2026-08-02 18:02:54,Kalyan,19.243,73.13,CR,2026-08-02T18:00,0.1,0.1,open-meteo
2026-08-02 18:02:54,Chunnabhatti,19.046,72.875,Harbour-hotspot,2026-08-02T18:00,0.1,0.0,open-meteo
2026-08-02 18:02:54,Matunga,19.027,72.852,CR-hotspot,2026-08-02T18:00,0.1,0.0,open-meteo
2026-08-02 19:54:00,Churchgate,18.935,72.827,WR,2026-08-02T19:45,0.2,0.1,open-meteo
2026-08-02 19:54:00,Dadar,19.018,72.844,WR/CR,2026-08-02T19:45,0.2,0.1,open-meteo
2026-08-02 19:54:00,Andheri,19.119,72.846,WR,2026-08-02T19:45,0.2,0.1,open-meteo
2026-08-02 19:54:00,Borivali,19.231,72.857,WR,,,,open-meteo-ERR
2026-08-02 19:54:00,Virar,19.455,72.811,WR,2026-08-02T19:45,0.0,0.0,open-meteo
2026-08-02 19:54:00,CSMT,18.94,72.835,CR,2026-08-02T19:45,0.2,0.1,open-meteo
2026-08-02 19:54:00,Sion,19.043,72.862,CR-hotspot,2026-08-02T19:45,0.2,0.1,open-meteo
2026-08-02 19:54:00,Kurla,19.065,72.879,CR-hotspot,,,,open-meteo-ERR
2026-08-02 19:54:00,Thane,19.186,72.975,CR,2026-08-02T19:45,0.1,0.1,open-meteo
2026-08-02 19:54:00,Kalyan,19.243,73.13,CR,2026-08-02T19:45,0.1,0.0,open-meteo
2026-08-02 19:54:00,Chunnabhatti,19.046,72.875,Harbour-hotspot,2026-08-02T19:45,0.2,0.1,open-meteo
2026-08-02 19:54:00,Matunga,19.027,72.852,CR-hotspot,,,,open-meteo-ERR
2026-08-02 21:05:09,Churchgate,18.935,72.827,WR,2026-08-02T21:00,0.0,0.0,open-meteo
2026-08-02 21:05:09,Dadar,19.018,72.844,WR/CR,2026-08-02T21:00,0.0,0.0,open-meteo
2026-08-02 21:05:09,Andheri,19.119,72.846,WR,2026-08-02T21:00,0.1,0.0,open-meteo
2026-08-02 21:05:09,Borivali,19.231,72.857,WR,2026-08-02T21:00,0.1,0.0,open-meteo
2026-08-02 21:05:09,Virar,19.455,72.811,WR,2026-08-02T21:00,0.5,0.2,open-meteo
2026-08-02 21:05:09,CSMT,18.94,72.835,CR,2026-08-02T21:00,0.0,0.0,open-meteo
2026-08-02 21:05:09,Sion,19.043,72.862,CR-hotspot,2026-08-02T21:00,0.0,0.0,open-meteo
2026-08-02 21:05:09,Kurla,19.065,72.879,CR-hotspot,2026-08-02T21:00,0.1,0.0,open-meteo
2026-08-02 21:05:09,Thane,19.186,72.975,CR,2026-08-02T21:00,0.0,0.0,open-meteo
2026-08-02 21:05:09,Kalyan,19.243,73.13,CR,2026-08-02T21:00,0.1,0.1,open-meteo
2026-08-02 21:05:09,Chunnabhatti,19.046,72.875,Harbour-hotspot,2026-08-02T21:00,0.0,0.0,open-meteo
2026-08-02 21:05:09,Matunga,19.027,72.852,CR-hotspot,2026-08-02T21:00,0.0,0.0,open-meteo
2026-08-02 22:19:46,Churchgate,18.935,72.827,WR,2026-08-02T22:15,0.0,0.0,open-meteo
2026-08-02 22:19:46,Dadar,19.018,72.844,WR/CR,2026-08-02T22:15,0.0,0.0,open-meteo
2026-08-02 22:19:46,Andheri,19.119,72.846,WR,2026-08-02T22:15,0.0,0.0,open-meteo
2026-08-02 22:19:46,Borivali,19.231,72.857,WR,2026-08-02T22:15,0.3,0.2,open-meteo
2026-08-02 22:19:46,Virar,19.455,72.811,WR,,,,open-meteo-ERR
2026-08-02 22:19:46,CSMT,18.94,72.835,CR,2026-08-02T22:15,0.0,0.0,open-meteo
2026-08-02 22:19:46,Sion,19.043,72.862,CR-hotspot,2026-08-02T22:15,0.0,0.0,open-meteo
2026-08-02 22:19:46,Kurla,19.065,72.879,CR-hotspot,2026-08-02T22:15,0.0,0.0,open-meteo
2026-08-02 22:19:46,Thane,19.186,72.975,CR,2026-08-02T22:15,0.3,0.2,open-meteo
2026-08-02 22:19:46,Kalyan,19.243,73.13,CR,2026-08-02T22:15,0.2,0.1,open-meteo
2026-08-02 22:19:46,Chunnabhatti,19.046,72.875,Harbour-hotspot,,,,open-meteo-ERR
2026-08-02 22:19:46,Matunga,19.027,72.852,CR-hotspot,2026-08-02T22:15,0.0,0.0,open-meteo
2026-08-02 23:24:54,Churchgate,18.935,72.827,WR,2026-08-02T23:15,0.1,0.0,open-meteo
2026-08-02 23:24:54,Dadar,19.018,72.844,WR/CR,2026-08-02T23:15,0.1,0.0,open-meteo
2026-08-02 23:24:54,Andheri,19.119,72.846,WR,2026-08-02T23:15,0.1,0.1,open-meteo
2026-08-02 23:24:54,Borivali,19.231,72.857,WR,,,,open-meteo-ERR
2026-08-02 23:24:54,Virar,19.455,72.811,WR,2026-08-02T23:15,0.2,0.1,open-meteo
2026-08-02 23:24:54,CSMT,18.94,72.835,CR,2026-08-02T23:15,0.1,0.0,open-meteo
2026-08-02 23:24:54,Sion,19.043,72.862,CR-hotspot,2026-08-02T23:15,0.1,0.0,open-meteo
2026-08-02 23:24:54,Kurla,19.065,72.879,CR-hotspot,,,,open-meteo-ERR
2026-08-02 23:24:54,Thane,19.186,72.975,CR,2026-08-02T23:15,0.1,0.1,open-meteo
2026-08-02 23:24:54,Kalyan,19.243,73.13,CR,2026-08-02T23:15,0.1,0.1,open-meteo
2026-08-02 23:24:54,Chunnabhatti,19.046,72.875,Harbour-hotspot,2026-08-02T23:15,0.1,0.0,open-meteo
2026-08-02 23:24:54,Matunga,19.027,72.852,CR-hotspot,2026-08-02T23:15,0.1,0.0,open-meteo
2026-08-03 00:27:08,Churchgate,18.935,72.827,WR,2026-08-03T00:15,0.6,0.3,open-meteo
2026-08-03 00:27:08,Dadar,19.018,72.844,WR/CR,2026-08-03T00:15,0.6,0.3,open-meteo
2026-08-03 00:27:08,Andheri,19.119,72.846,WR,2026-08-03T00:15,0.4,0.2,open-meteo
2026-08-03 00:27:08,Borivali,19.231,72.857,WR,2026-08-03T00:15,0.3,0.2,open-meteo
2026-08-03 00:27:08,Virar,19.455,72.811,WR,,,,open-meteo-ERR
2026-08-03 00:27:08,CSMT,18.94,72.835,CR,2026-08-03T00:15,0.6,0.3,open-meteo
2026-08-03 00:27:08,Sion,19.043,72.862,CR-hotspot,2026-08-03T00:15,0.6,0.3,open-meteo
2026-08-03 00:27:08,Kurla,19.065,72.879,CR-hotspot,2026-08-03T00:15,0.4,0.2,open-meteo
2026-08-03 00:27:08,Thane,19.186,72.975,CR,2026-08-03T00:15,0.1,0.0,open-meteo
2026-08-03 00:27:08,Kalyan,19.243,73.13,CR,2026-08-03T00:15,0.1,0.1,open-meteo
2026-08-03 00:27:08,Chunnabhatti,19.046,72.875,Harbour-hotspot,,,,open-meteo-ERR
2026-08-03 00:27:08,Matunga,19.027,72.852,CR-hotspot,2026-08-03T00:30,0.6,0.3,open-meteo
2026-08-03 01:38:21,Churchgate,18.935,72.827,WR,2026-08-03T01:30,0.3,0.2,open-meteo
2026-08-03 01:38:21,Dadar,19.018,72.844,WR/CR,2026-08-03T01:30,0.3,0.2,open-meteo
2026-08-03 01:38:21,Andheri,19.119,72.846,WR,2026-08-03T01:30,0.1,0.1,open-meteo
2026-08-03 01:38:21,Borivali,19.231,72.857,WR,2026-08-03T01:30,0.8,0.6,open-meteo
2026-08-03 01:38:21,Virar,19.455,72.811,WR,,,,open-meteo-ERR
2026-08-03 01:38:21,CSMT,18.94,72.835,CR,2026-08-03T01:30,0.3,0.2,open-meteo
2026-08-03 01:38:21,Sion,19.043,72.862,CR-hotspot,2026-08-03T01:30,0.3,0.2,open-meteo
2026-08-03 01:38:21,Kurla,19.065,72.879,CR-hotspot,2026-08-03T01:30,0.1,0.1,open-meteo
2026-08-03 01:38:21,Thane,19.186,72.975,CR,2026-08-03T01:30,0.1,0.1,open-meteo
2026-08-03 01:38:21,Kalyan,19.243,73.13,CR,2026-08-03T01:30,0.0,0.0,open-meteo
2026-08-03 01:38:21,Chunnabhatti,19.046,72.875,Harbour-hotspot,,,,open-meteo-ERR
2026-08-03 01:38:21,Matunga,19.027,72.852,CR-hotspot,2026-08-03T01:30,0.3,0.2,open-meteo
2026-08-03 02:51:58,Churchgate,18.935,72.827,WR,2026-08-03T02:45,0.3,0.1,open-meteo
2026-08-03 02:51:58,Dadar,19.018,72.844,WR/CR,2026-08-03T02:45,0.3,0.1,open-meteo
2026-08-03 02:51:58,Andheri,19.119,72.846,WR,2026-08-03T02:45,0.4,0.1,open-meteo
2026-08-03 02:51:58,Borivali,19.231,72.857,WR,2026-08-03T02:45,0.3,0.1,open-meteo
2026-08-03 02:51:58,Virar,19.455,72.811,WR,,,,open-meteo-ERR
2026-08-03 02:51:58,CSMT,18.94,72.835,CR,2026-08-03T02:45,0.3,0.1,open-meteo
2026-08-03 02:51:58,Sion,19.043,72.862,CR-hotspot,2026-08-03T02:45,0.3,0.1,open-meteo
2026-08-03 02:51:58,Kurla,19.065,72.879,CR-hotspot,2026-08-03T02:45,0.4,0.1,open-meteo
2026-08-03 02:51:58,Thane,19.186,72.975,CR,2026-08-03T02:45,0.1,0.0,open-meteo
2026-08-03 02:51:58,Kalyan,19.243,73.13,CR,,,,open-meteo-ERR
2026-08-03 02:51:58,Chunnabhatti,19.046,72.875,Harbour-hotspot,2026-08-03T02:45,0.3,0.1,open-meteo
2026-08-03 02:51:58,Matunga,19.027,72.852,CR-hotspot,2026-08-03T02:45,0.3,0.1,open-meteo
2026-08-03 03:54:38,Churchgate,18.935,72.827,WR,2026-08-03T03:45,0.5,0.3,open-meteo
2026-08-03 03:54:38,Dadar,19.018,72.844,WR/CR,2026-08-03T03:45,0.5,0.3,open-meteo
2026-08-03 03:54:38,Andheri,19.119,72.846,WR,2026-08-03T03:45,0.3,0.1,open-meteo
2026-08-03 03:54:38,Borivali,19.231,72.857,WR,,,,open-meteo-ERR
2026-08-03 03:54:38,Virar,19.455,72.811,WR,2026-08-03T03:45,0.5,0.2,open-meteo
2026-08-03 03:54:38,CSMT,18.94,72.835,CR,2026-08-03T03:45,0.5,0.3,open-meteo
2026-08-03 03:54:38,Sion,19.043,72.862,CR-hotspot,2026-08-03T03:45,0.5,0.3,open-meteo
2026-08-03 03:54:38,Kurla,19.065,72.879,CR-hotspot,,,,open-meteo-ERR
2026-08-03 03:54:38,Thane,19.186,72.975,CR,2026-08-03T03:45,0.2,0.1,open-meteo
2026-08-03 03:54:38,Kalyan,19.243,73.13,CR,2026-08-03T03:45,0.1,0.0,open-meteo
2026-08-03 03:54:38,Chunnabhatti,19.046,72.875,Harbour-hotspot,2026-08-03T03:45,0.5,0.3,open-meteo
2026-08-03 03:54:38,Matunga,19.027,72.852,CR-hotspot,,,,open-meteo-ERR
2026-08-03 04:56:25,Churchgate,18.935,72.827,WR,2026-08-03T04:45,0.5,0.1,open-meteo
2026-08-03 04:56:25,Dadar,19.018,72.844,WR/CR,2026-08-03T04:45,0.5,0.1,open-meteo
2026-08-03 04:56:25,Andheri,19.119,72.846,WR,2026-08-03T04:45,0.5,0.1,open-meteo
2026-08-03 04:56:25,Borivali,19.231,72.857,WR,2026-08-03T04:45,0.5,0.1,open-meteo
2026-08-03 04:56:25,Virar,19.455,72.811,WR,,,,open-meteo-ERR
2026-08-03 04:56:25,CSMT,18.94,72.835,CR,2026-08-03T04:45,0.5,0.1,open-meteo
2026-08-03 04:56:25,Sion,19.043,72.862,CR-hotspot,2026-08-03T04:45,0.5,0.1,open-meteo
2026-08-03 04:56:25,Kurla,19.065,72.879,CR-hotspot,2026-08-03T04:45,0.5,0.1,open-meteo
2026-08-03 04:56:25,Thane,19.186,72.975,CR,2026-08-03T04:45,0.2,0.0,open-meteo
2026-08-03 04:56:25,Kalyan,19.243,73.13,CR,2026-08-03T04:45,0.2,0.1,open-meteo
2026-08-03 04:56:25,Chunnabhatti,19.046,72.875,Harbour-hotspot,2026-08-03T04:45,0.5,0.1,open-meteo
2026-08-03 04:56:25,Matunga,19.027,72.852,CR-hotspot,,,,open-meteo-ERR
2026-08-03 06:34:28,Churchgate,18.935,72.827,WR,2026-08-03T06:30,0.5,0.3,open-meteo
2026-08-03 06:34:28,Dadar,19.018,72.844,WR/CR,2026-08-03T06:30,0.5,0.3,open-meteo
2026-08-03 06:34:28,Andheri,19.119,72.846,WR,2026-08-03T06:30,0.3,0.2,open-meteo
2026-08-03 06:34:28,Borivali,19.231,72.857,WR,2026-08-03T06:30,0.2,0.2,open-meteo
2026-08-03 06:34:28,Virar,19.455,72.811,WR,,,,open-meteo-ERR
2026-08-03 06:34:28,CSMT,18.94,72.835,CR,2026-08-03T06:30,0.5,0.3,open-meteo
2026-08-03 06:34:28,Sion,19.043,72.862,CR-hotspot,2026-08-03T06:30,0.5,0.3,open-meteo
2026-08-03 06:34:28,Kurla,19.065,72.879,CR-hotspot,2026-08-03T06:30,0.3,0.2,open-meteo
2026-08-03 06:34:28,Thane,19.186,72.975,CR,2026-08-03T06:30,0.1,0.0,open-meteo
2026-08-03 06:34:28,Kalyan,19.243,73.13,CR,2026-08-03T06:30,0.1,0.0,open-meteo
2026-08-03 06:34:28,Chunnabhatti,19.046,72.875,Harbour-hotspot,,,,open-meteo-ERR
2026-08-03 06:34:28,Matunga,19.027,72.852,CR-hotspot,2026-08-03T06:30,0.5,0.3,open-meteo
2026-08-03 10:27:49,Churchgate,18.935,72.827,WR,2026-08-03T10:15,0.1,0.0,open-meteo
2026-08-03 10:27:49,Dadar,19.018,72.844,WR/CR,2026-08-03T10:15,0.1,0.0,open-meteo
2026-08-03 10:27:49,Andheri,19.119,72.846,WR,2026-08-03T10:15,0.1,0.0,open-meteo
2026-08-03 10:27:49,Borivali,19.231,72.857,WR,2026-08-03T10:15,0.4,0.2,open-meteo
2026-08-03 10:27:49,Virar,19.455,72.811,WR,,,,open-meteo-ERR
2026-08-03 10:27:49,CSMT,18.94,72.835,CR,2026-08-03T10:15,0.1,0.0,open-meteo
2026-08-03 10:27:49,Sion,19.043,72.862,CR-hotspot,2026-08-03T10:15,0.1,0.0,open-meteo
2026-08-03 10:27:49,Kurla,19.065,72.879,CR-hotspot,2026-08-03T10:15,0.1,0.0,open-meteo
2026-08-03 10:27:49,Thane,19.186,72.975,CR,2026-08-03T10:15,0.7,0.2,open-meteo
2026-08-03 10:27:49,Kalyan,19.243,73.13,CR,2026-08-03T10:15,0.4,0.2,open-meteo
2026-08-03 10:27:49,Chunnabhatti,19.046,72.875,Harbour-hotspot,2026-08-03T10:15,0.1,0.0,open-meteo
2026-08-03 10:27:49,Matunga,19.027,72.852,CR-hotspot,2026-08-03T10:15,0.1,0.0,open-meteo
2026-08-03 13:57:19,Churchgate,18.935,72.827,WR,2026-08-03T13:45,0.2,0.1,open-meteo
2026-08-03 13:57:19,Dadar,19.018,72.844,WR/CR,2026-08-03T13:45,0.2,0.1,open-meteo
2026-08-03 13:57:19,Andheri,19.119,72.846,WR,2026-08-03T13:45,0.3,0.0,open-meteo
2026-08-03 13:57:19,Borivali,19.231,72.857,WR,,,,open-meteo-ERR
2026-08-03 13:57:19,Virar,19.455,72.811,WR,2026-08-03T13:45,0.0,0.0,open-meteo
2026-08-03 13:57:19,CSMT,18.94,72.835,CR,2026-08-03T13:45,0.2,0.1,open-meteo
2026-08-03 13:57:19,Sion,19.043,72.862,CR-hotspot,2026-08-03T13:45,0.2,0.1,open-meteo
2026-08-03 13:57:19,Kurla,19.065,72.879,CR-hotspot,,,,open-meteo-ERR
2026-08-03 13:57:19,Thane,19.186,72.975,CR,2026-08-03T14:00,0.0,0.0,open-meteo
2026-08-03 13:57:19,Kalyan,19.243,73.13,CR,2026-08-03T14:00,0.1,0.0,open-meteo
2026-08-03 13:57:19,Chunnabhatti,19.046,72.875,Harbour-hotspot,2026-08-03T14:00,0.2,0.1,open-meteo
2026-08-03 13:57:19,Matunga,19.027,72.852,CR-hotspot,,,,open-meteo-ERR
2026-08-03 17:25:36,Churchgate,18.935,72.827,WR,2026-08-03T17:15,0.1,0.0,open-meteo
2026-08-03 17:25:36,Dadar,19.018,72.844,WR/CR,2026-08-03T17:15,0.1,0.0,open-meteo
2026-08-03 17:25:36,Andheri,19.119,72.846,WR,2026-08-03T17:15,0.2,0.1,open-meteo
2026-08-03 17:25:36,Borivali,19.231,72.857,WR,2026-08-03T17:15,0.0,0.0,open-meteo
2026-08-03 17:25:36,Virar,19.455,72.811,WR,,,,open-meteo-ERR
2026-08-03 17:25:36,CSMT,18.94,72.835,CR,2026-08-03T17:15,0.1,0.0,open-meteo
2026-08-03 17:25:36,Sion,19.043,72.862,CR-hotspot,2026-08-03T17:15,0.1,0.0,open-meteo
2026-08-03 17:25:36,Kurla,19.065,72.879,CR-hotspot,2026-08-03T17:15,0.2,0.1,open-meteo
2026-08-03 17:25:36,Thane,19.186,72.975,CR,2026-08-03T17:15,0.1,0.0,open-meteo
2026-08-03 17:25:36,Kalyan,19.243,73.13,CR,2026-08-03T17:15,0.1,0.0,open-meteo
2026-08-03 17:25:36,Chunnabhatti,19.046,72.875,Harbour-hotspot,2026-08-03T17:15,0.1,0.0,open-meteo
2026-08-03 17:25:36,Matunga,19.027,72.852,CR-hotspot,,,,open-meteo-ERR
2026-08-03 19:51:33,Churchgate,18.935,72.827,WR,2026-08-03T19:45,0.1,0.1,open-meteo
2026-08-03 19:51:33,Dadar,19.018,72.844,WR/CR,2026-08-03T19:45,0.1,0.1,open-meteo
2026-08-03 19:51:33,Andheri,19.119,72.846,WR,2026-08-03T19:45,0.1,0.1,open-meteo
2026-08-03 19:51:33,Borivali,19.231,72.857,WR,2026-08-03T19:45,0.1,0.0,open-meteo
2026-08-03 19:51:33,Virar,19.455,72.811,WR,,,,open-meteo-ERR
2026-08-03 19:51:33,CSMT,18.94,72.835,CR,2026-08-03T19:45,0.1,0.1,open-meteo
2026-08-03 19:51:33,Sion,19.043,72.862,CR-hotspot,2026-08-03T19:45,0.1,0.1,open-meteo
2026-08-03 19:51:33,Kurla,19.065,72.879,CR-hotspot,2026-08-03T19:45,0.1,0.1,open-meteo
2026-08-03 19:51:33,Thane,19.186,72.975,CR,2026-08-03T19:45,0.1,0.1,open-meteo
2026-08-03 19:51:33,Kalyan,19.243,73.13,CR,2026-08-03T19:45,0.1,0.0,open-meteo
2026-08-03 19:51:33,Chunnabhatti,19.046,72.875,Harbour-hotspot,,,,open-meteo-ERR
2026-08-03 19:51:33,Matunga,19.027,72.852,CR-hotspot,2026-08-03T19:45,0.1,0.1,open-meteo
2026-08-03 22:24:26,Churchgate,18.935,72.827,WR,2026-08-03T22:15,0.1,0.1,open-meteo
2026-08-03 22:24:26,Dadar,19.018,72.844,WR/CR,2026-08-03T22:15,0.1,0.1,open-meteo
2026-08-03 22:24:26,Andheri,19.119,72.846,WR,2026-08-03T22:15,0.1,0.1,open-meteo
2026-08-03 22:24:26,Borivali,19.231,72.857,WR,,,,open-meteo-ERR
2026-08-03 22:24:26,Virar,19.455,72.811,WR,2026-08-03T22:15,0.0,0.0,open-meteo
2026-08-03 22:24:26,CSMT,18.94,72.835,CR,2026-08-03T22:15,0.1,0.1,open-meteo
2026-08-03 22:24:26,Sion,19.043,72.862,CR-hotspot,2026-08-03T22:15,0.1,0.1,open-meteo
2026-08-03 22:24:26,Kurla,19.065,72.879,CR-hotspot,,,,open-meteo-ERR
2026-08-03 22:24:26,Thane,19.186,72.975,CR,2026-08-03T22:15,0.1,0.1,open-meteo
2026-08-03 22:24:26,Kalyan,19.243,73.13,CR,2026-08-03T22:15,0.1,0.1,open-meteo
2026-08-03 22:24:26,Chunnabhatti,19.046,72.875,Harbour-hotspot,2026-08-03T22:15,0.1,0.1,open-meteo
2026-08-03 22:24:26,Matunga,19.027,72.852,CR-hotspot,,,,open-meteo-ERR
2026-08-04 00:13:32,Churchgate,18.935,72.827,WR,2026-08-04T00:00,0.0,0.0,open-meteo
2026-08-04 00:13:32,Dadar,19.018,72.844,WR/CR,2026-08-04T00:00,0.0,0.0,open-meteo
2026-08-04 00:13:32,Andheri,19.119,72.846,WR,2026-08-04T00:00,0.0,0.0,open-meteo
2026-08-04 00:13:32,Borivali,19.231,72.857,WR,,,,open-meteo-ERR
2026-08-04 00:13:32,Virar,19.455,72.811,WR,2026-08-04T00:00,0.0,0.0,open-meteo
2026-08-04 00:13:32,CSMT,18.94,72.835,CR,2026-08-04T00:00,0.0,0.0,open-meteo
2026-08-04 00:13:32,Sion,19.043,72.862,CR-hotspot,2026-08-04T00:00,0.0,0.0,open-meteo
2026-08-04 00:13:32,Kurla,19.065,72.879,CR-hotspot,2026-08-04T00:00,0.0,0.0,open-meteo
2026-08-04 00:13:32,Thane,19.186,72.975,CR,2026-08-04T00:15,0.1,0.1,open-meteo
2026-08-04 00:13:32,Kalyan,19.243,73.13,CR,,,,open-meteo-ERR
2026-08-04 00:13:32,Chunnabhatti,19.046,72.875,Harbour-hotspot,2026-08-04T00:15,0.0,0.0,open-meteo
2026-08-04 00:13:32,Matunga,19.027,72.852,CR-hotspot,2026-08-04T00:15,0.0,0.0,open-meteo
2026-08-04 01:50:39,Churchgate,18.935,72.827,WR,2026-08-04T01:45,0.0,0.0,open-meteo
2026-08-04 01:50:39,Dadar,19.018,72.844,WR/CR,2026-08-04T01:45,0.0,0.0,open-meteo
2026-08-04 01:50:39,Andheri,19.119,72.846,WR,2026-08-04T01:45,0.0,0.0,open-meteo
2026-08-04 01:50:39,Borivali,19.231,72.857,WR,,,,open-meteo-ERR
2026-08-04 01:50:39,Virar,19.455,72.811,WR,2026-08-04T01:45,0.1,0.1,open-meteo
2026-08-04 01:50:39,CSMT,18.94,72.835,CR,2026-08-04T01:45,0.0,0.0,open-meteo
2026-08-04 01:50:39,Sion,19.043,72.862,CR-hotspot,2026-08-04T01:45,0.0,0.0,open-meteo
2026-08-04 01:50:39,Kurla,19.065,72.879,CR-hotspot,2026-08-04T01:45,0.0,0.0,open-meteo
2026-08-04 01:50:39,Thane,19.186,72.975,CR,,,,open-meteo-ERR
2026-08-04 01:50:39,Kalyan,19.243,73.13,CR,2026-08-04T01:45,0.1,0.0,open-meteo
2026-08-04 01:50:39,Chunnabhatti,19.046,72.875,Harbour-hotspot,2026-08-04T01:45,0.0,0.0,open-meteo
2026-08-04 01:50:39,Matunga,19.027,72.852,CR-hotspot,2026-08-04T01:45,0.0,0.0,open-meteo
2026-08-04 03:06:38,Churchgate,18.935,72.827,WR,2026-08-04T03:00,0.2,0.2,open-meteo
2026-08-04 03:06:38,Dadar,19.018,72.844,WR/CR,2026-08-04T03:00,0.2,0.2,open-meteo
2026-08-04 03:06:38,Andheri,19.119,72.846,WR,2026-08-04T03:00,0.0,0.0,open-meteo
2026-08-04 03:06:38,Borivali,19.231,72.857,WR,,,,open-meteo-ERR
2026-08-04 03:06:38,Virar,19.455,72.811,WR,2026-08-04T03:00,0.0,0.0,open-meteo
2026-08-04 03:06:38,CSMT,18.94,72.835,CR,2026-08-04T03:00,0.2,0.2,open-meteo
2026-08-04 03:06:38,Sion,19.043,72.862,CR-hotspot,2026-08-04T03:00,0.2,0.2,open-meteo
2026-08-04 03:06:38,Kurla,19.065,72.879,CR-hotspot,,,,open-meteo-ERR
2026-08-04 03:06:38,Thane,19.186,72.975,CR,2026-08-04T03:00,0.1,0.1,open-meteo
2026-08-04 03:06:38,Kalyan,19.243,73.13,CR,2026-08-04T03:00,0.1,0.1,open-meteo
2026-08-04 03:06:38,Chunnabhatti,19.046,72.875,Harbour-hotspot,2026-08-04T03:00,0.2,0.2,open-meteo
2026-08-04 03:06:38,Matunga,19.027,72.852,CR-hotspot,,,,open-meteo-ERR
2026-08-04 04:23:28,Churchgate,18.935,72.827,WR,2026-08-04T04:15,0.2,0.2,open-meteo
2026-08-04 04:23:28,Dadar,19.018,72.844,WR/CR,2026-08-04T04:15,0.2,0.2,open-meteo
2026-08-04 04:23:28,Andheri,19.119,72.846,WR,2026-08-04T04:15,0.0,0.0,open-meteo
2026-08-04 04:23:28,Borivali,19.231,72.857,WR,2026-08-04T04:15,0.2,0.2,open-meteo
2026-08-04 04:23:28,Virar,19.455,72.811,WR,,,,open-meteo-ERR
2026-08-04 04:23:28,CSMT,18.94,72.835,CR,2026-08-04T04:15,0.2,0.2,open-meteo
2026-08-04 04:23:28,Sion,19.043,72.862,CR-hotspot,2026-08-04T04:15,0.2,0.2,open-meteo
2026-08-04 04:23:28,Kurla,19.065,72.879,CR-hotspot,2026-08-04T04:15,0.0,0.0,open-meteo
2026-08-04 04:23:28,Thane,19.186,72.975,CR,2026-08-04T04:15,0.1,0.1,open-meteo
2026-08-04 04:23:28,Kalyan,19.243,73.13,CR,2026-08-04T04:15,0.1,0.0,open-meteo
2026-08-04 04:23:28,Chunnabhatti,19.046,72.875,Harbour-hotspot,,,,open-meteo-ERR
2026-08-04 04:23:28,Matunga,19.027,72.852,CR-hotspot,2026-08-04T04:15,0.2,0.2,open-meteo
2026-08-04 05:30:28,Churchgate,18.935,72.827,WR,2026-08-04T05:30,0.1,0.1,open-meteo
2026-08-04 05:30:28,Dadar,19.018,72.844,WR/CR,2026-08-04T05:30,0.1,0.1,open-meteo
2026-08-04 05:30:28,Andheri,19.119,72.846,WR,2026-08-04T05:30,0.0,0.0,open-meteo
2026-08-04 05:30:28,Borivali,19.231,72.857,WR,2026-08-04T05:30,0.1,0.1,open-meteo
2026-08-04 05:30:28,Virar,19.455,72.811,WR,2026-08-04T05:30,0.0,0.0,open-meteo
2026-08-04 05:30:28,CSMT,18.94,72.835,CR,2026-08-04T05:30,0.1,0.1,open-meteo
2026-08-04 05:30:28,Sion,19.043,72.862,CR-hotspot,2026-08-04T05:30,0.1,0.1,open-meteo
2026-08-04 05:30:28,Kurla,19.065,72.879,CR-hotspot,2026-08-04T05:30,0.0,0.0,open-meteo
2026-08-04 05:30:28,Thane,19.186,72.975,CR,,,,open-meteo-ERR
2026-08-04 05:30:28,Kalyan,19.243,73.13,CR,2026-08-04T05:30,0.1,0.1,open-meteo
2026-08-04 05:30:28,Chunnabhatti,19.046,72.875,Harbour-hotspot,2026-08-04T05:30,0.1,0.1,open-meteo
2026-08-04 05:30:28,Matunga,19.027,72.852,CR-hotspot,2026-08-04T05:30,0.1,0.1,open-meteo
2026-08-04 09:15:30,Churchgate,18.935,72.827,WR,2026-08-04T09:15,0.4,0.1,open-meteo
2026-08-04 09:15:30,Dadar,19.018,72.844,WR/CR,2026-08-04T09:15,0.4,0.1,open-meteo
2026-08-04 09:15:30,Andheri,19.119,72.846,WR,2026-08-04T09:15,0.4,0.1,open-meteo
2026-08-04 09:15:30,Borivali,19.231,72.857,WR,2026-08-04T09:15,0.4,0.2,open-meteo
2026-08-04 09:15:30,Virar,19.455,72.811,WR,2026-08-04T09:15,0.3,0.2,open-meteo
2026-08-04 09:15:30,CSMT,18.94,72.835,CR,,,,open-meteo-ERR
2026-08-04 09:15:30,Sion,19.043,72.862,CR-hotspot,2026-08-04T09:15,0.4,0.1,open-meteo
2026-08-04 09:15:30,Kurla,19.065,72.879,CR-hotspot,2026-08-04T09:15,0.4,0.1,open-meteo
2026-08-04 09:15:30,Thane,19.186,72.975,CR,2026-08-04T09:15,0.3,0.1,open-meteo
2026-08-04 09:15:30,Kalyan,19.243,73.13,CR,2026-08-04T09:15,0.1,0.0,open-meteo
2026-08-04 09:15:30,Chunnabhatti,19.046,72.875,Harbour-hotspot,2026-08-04T09:15,0.4,0.1,open-meteo
2026-08-04 09:15:30,Matunga,19.027,72.852,CR-hotspot,2026-08-04T09:15,0.4,0.1,open-meteo
2026-08-04 11:50:14,Churchgate,18.935,72.827,WR,2026-08-04T11:45,0.1,0.1,open-meteo
2026-08-04 11:50:14,Dadar,19.018,72.844,WR/CR,2026-08-04T11:45,0.1,0.1,open-meteo
2026-08-04 11:50:14,Andheri,19.119,72.846,WR,2026-08-04T11:45,0.1,0.1,open-meteo
2026-08-04 11:50:14,Borivali,19.231,72.857,WR,2026-08-04T11:45,0.1,0.0,open-meteo
2026-08-04 11:50:14,Virar,19.455,72.811,WR,,,,open-meteo-ERR
2026-08-04 11:50:14,CSMT,18.94,72.835,CR,2026-08-04T11:45,0.1,0.1,open-meteo
2026-08-04 11:50:14,Sion,19.043,72.862,CR-hotspot,2026-08-04T11:45,0.1,0.1,open-meteo
2026-08-04 11:50:14,Kurla,19.065,72.879,CR-hotspot,2026-08-04T11:45,0.1,0.1,open-meteo
2026-08-04 11:50:14,Thane,19.186,72.975,CR,2026-08-04T11:45,0.0,0.0,open-meteo
2026-08-04 11:50:14,Kalyan,19.243,73.13,CR,2026-08-04T11:45,0.0,0.0,open-meteo
2026-08-04 11:50:14,Chunnabhatti,19.046,72.875,Harbour-hotspot,,,,open-meteo-ERR
2026-08-04 11:50:14,Matunga,19.027,72.852,CR-hotspot,2026-08-04T11:45,0.1,0.1,open-meteo
2026-08-04 14:48:00,Churchgate,18.935,72.827,WR,2026-08-04T14:45,0.2,0.1,open-meteo
2026-08-04 14:48:00,Dadar,19.018,72.844,WR/CR,2026-08-04T14:45,0.2,0.1,open-meteo
2026-08-04 14:48:00,Andheri,19.119,72.846,WR,2026-08-04T14:45,0.3,0.1,open-meteo
2026-08-04 14:48:00,Borivali,19.231,72.857,WR,2026-08-04T14:45,0.0,0.0,open-meteo
2026-08-04 14:48:00,Virar,19.455,72.811,WR,,,,open-meteo-ERR
2026-08-04 14:48:00,CSMT,18.94,72.835,CR,2026-08-04T14:45,0.2,0.1,open-meteo
2026-08-04 14:48:00,Sion,19.043,72.862,CR-hotspot,2026-08-04T14:45,0.2,0.1,open-meteo
2026-08-04 14:48:00,Kurla,19.065,72.879,CR-hotspot,2026-08-04T14:45,0.3,0.1,open-meteo
2026-08-04 14:48:00,Thane,19.186,72.975,CR,2026-08-04T14:45,0.1,0.0,open-meteo
2026-08-04 14:48:00,Kalyan,19.243,73.13,CR,2026-08-04T14:45,0.1,0.1,open-meteo
2026-08-04 14:48:00,Chunnabhatti,19.046,72.875,Harbour-hotspot,,,,open-meteo-ERR
2026-08-04 14:48:00,Matunga,19.027,72.852,CR-hotspot,2026-08-04T14:45,0.2,0.1,open-meteo
2026-08-04 17:06:54,Churchgate,18.935,72.827,WR,2026-08-04T17:00,0.1,0.0,open-meteo
2026-08-04 17:06:54,Dadar,19.018,72.844,WR/CR,2026-08-04T17:00,0.1,0.0,open-meteo
2026-08-04 17:06:54,Andheri,19.119,72.846,WR,2026-08-04T17:00,0.1,0.1,open-meteo
2026-08-04 17:06:54,Borivali,19.231,72.857,WR,,,,open-meteo-ERR
2026-08-04 17:06:54,Virar,19.455,72.811,WR,2026-08-04T17:00,0.0,0.0,open-meteo
2026-08-04 17:06:54,CSMT,18.94,72.835,CR,2026-08-04T17:00,0.1,0.0,open-meteo
2026-08-04 17:06:54,Sion,19.043,72.862,CR-hotspot,2026-08-04T17:00,0.1,0.0,open-meteo
2026-08-04 17:06:54,Kurla,19.065,72.879,CR-hotspot,,,,open-meteo-ERR
2026-08-04 17:06:54,Thane,19.186,72.975,CR,2026-08-04T17:00,0.1,0.1,open-meteo
2026-08-04 17:06:54,Kalyan,19.243,73.13,CR,2026-08-04T17:00,0.0,0.0,open-meteo
2026-08-04 17:06:54,Chunnabhatti,19.046,72.875,Harbour-hotspot,2026-08-04T17:00,0.1,0.0,open-meteo
2026-08-04 17:06:54,Matunga,19.027,72.852,CR-hotspot,2026-08-04T17:00,0.1,0.0,open-meteo
2026-08-04 19:20:06,Churchgate,18.935,72.827,WR,2026-08-04T19:15,0.0,0.0,open-meteo
2026-08-04 19:20:06,Dadar,19.018,72.844,WR/CR,2026-08-04T19:15,0.0,0.0,open-meteo
2026-08-04 19:20:06,Andheri,19.119,72.846,WR,2026-08-04T19:15,0.0,0.0,open-meteo
2026-08-04 19:20:06,Borivali,19.231,72.857,WR,,,,open-meteo-ERR
2026-08-04 19:20:06,Virar,19.455,72.811,WR,2026-08-04T19:15,0.1,0.0,open-meteo
2026-08-04 19:20:06,CSMT,18.94,72.835,CR,2026-08-04T19:15,0.0,0.0,open-meteo
2026-08-04 19:20:06,Sion,19.043,72.862,CR-hotspot,2026-08-04T19:15,0.0,0.0,open-meteo
2026-08-04 19:20:06,Kurla,19.065,72.879,CR-hotspot,,,,open-meteo-ERR
2026-08-04 19:20:06,Thane,19.186,72.975,CR,2026-08-04T19:15,0.0,0.0,open-meteo
2026-08-04 19:20:06,Kalyan,19.243,73.13,CR,2026-08-04T19:15,0.0,0.0,open-meteo
2026-08-04 19:20:06,Chunnabhatti,19.046,72.875,Harbour-hotspot,2026-08-04T19:15,0.0,0.0,open-meteo
2026-08-04 19:20:06,Matunga,19.027,72.852,CR-hotspot,2026-08-04T19:15,0.0,0.0,open-meteo
2026-08-04 21:37:56,Churchgate,18.935,72.827,WR,2026-08-04T21:30,0.1,0.1,open-meteo
2026-08-04 21:37:56,Dadar,19.018,72.844,WR/CR,2026-08-04T21:30,0.1,0.1,open-meteo
2026-08-04 21:37:56,Andheri,19.119,72.846,WR,2026-08-04T21:30,0.0,0.0,open-meteo
2026-08-04 21:37:56,Borivali,19.231,72.857,WR,2026-08-04T21:30,0.2,0.1,open-meteo
2026-08-04 21:37:56,Virar,19.455,72.811,WR,,,,open-meteo-ERR
2026-08-04 21:37:56,CSMT,18.94,72.835,CR,2026-08-04T21:30,0.1,0.1,open-meteo
2026-08-04 21:37:56,Sion,19.043,72.862,CR-hotspot,2026-08-04T21:30,0.1,0.1,open-meteo
2026-08-04 21:37:56,Kurla,19.065,72.879,CR-hotspot,2026-08-04T21:30,0.0,0.0,open-meteo
2026-08-04 21:37:56,Thane,19.186,72.975,CR,2026-08-04T21:30,0.2,0.1,open-meteo
2026-08-04 21:37:56,Kalyan,19.243,73.13,CR,2026-08-04T21:30,0.2,0.1,open-meteo
2026-08-04 21:37:56,Chunnabhatti,19.046,72.875,Harbour-hotspot,2026-08-04T21:30,0.1,0.1,open-meteo
2026-08-04 21:37:56,Matunga,19.027,72.852,CR-hotspot,,,,open-meteo-ERR
2026-08-04 23:39:42,Churchgate,18.935,72.827,WR,2026-08-04T23:30,0.1,0.1,open-meteo
2026-08-04 23:39:42,Dadar,19.018,72.844,WR/CR,2026-08-04T23:30,0.1,0.1,open-meteo
2026-08-04 23:39:42,Andheri,19.119,72.846,WR,2026-08-04T23:30,0.1,0.0,open-meteo
2026-08-04 23:39:42,Borivali,19.231,72.857,WR,2026-08-04T23:30,0.4,0.2,open-meteo
2026-08-04 23:39:42,Virar,19.455,72.811,WR,,,,open-meteo-ERR
2026-08-04 23:39:42,CSMT,18.94,72.835,CR,2026-08-04T23:30,0.1,0.1,open-meteo
2026-08-04 23:39:42,Sion,19.043,72.862,CR-hotspot,2026-08-04T23:30,0.1,0.1,open-meteo
2026-08-04 23:39:42,Kurla,19.065,72.879,CR-hotspot,2026-08-04T23:30,0.1,0.0,open-meteo
2026-08-04 23:39:42,Thane,19.186,72.975,CR,2026-08-04T23:30,0.1,0.1,open-meteo
2026-08-04 23:39:42,Kalyan,19.243,73.13,CR,2026-08-04T23:30,0.0,0.0,open-meteo
2026-08-04 23:39:42,Chunnabhatti,19.046,72.875,Harbour-hotspot,,,,open-meteo-ERR
2026-08-04 23:39:42,Matunga,19.027,72.852,CR-hotspot,2026-08-04T23:30,0.1,0.1,open-meteo
2026-08-05 01:36:57,Churchgate,18.935,72.827,WR,2026-08-05T01:30,0.1,0.0,open-meteo
2026-08-05 01:36:57,Dadar,19.018,72.844,WR/CR,2026-08-05T01:30,0.1,0.0,open-meteo
2026-08-05 01:36:57,Andheri,19.119,72.846,WR,2026-08-05T01:30,0.2,0.1,open-meteo
2026-08-05 01:36:57,Borivali,19.231,72.857,WR,2026-08-05T01:30,0.1,0.1,open-meteo
2026-08-05 01:36:57,Virar,19.455,72.811,WR,,,,open-meteo-ERR
2026-08-05 01:36:57,CSMT,18.94,72.835,CR,2026-08-05T01:30,0.1,0.0,open-meteo
2026-08-05 01:36:57,Sion,19.043,72.862,CR-hotspot,2026-08-05T01:30,0.1,0.0,open-meteo
2026-08-05 01:36:57,Kurla,19.065,72.879,CR-hotspot,2026-08-05T01:30,0.2,0.1,open-meteo
2026-08-05 01:36:57,Thane,19.186,72.975,CR,2026-08-05T01:30,0.2,0.1,open-meteo
2026-08-05 01:36:57,Kalyan,19.243,73.13,CR,2026-08-05T01:30,0.1,0.0,open-meteo
2026-08-05 01:36:57,Chunnabhatti,19.046,72.875,Harbour-hotspot,2026-08-05T01:30,0.1,0.0,open-meteo
2026-08-05 01:36:57,Matunga,19.027,72.852,CR-hotspot,2026-08-05T01:30,0.1,0.0,open-meteo
2026-08-05 03:15:21,Churchgate,18.935,72.827,WR,2026-08-05T03:15,0.2,0.1,open-meteo
2026-08-05 03:15:21,Dadar,19.018,72.844,WR/CR,2026-08-05T03:15,0.2,0.1,open-meteo
2026-08-05 03:15:21,Andheri,19.119,72.846,WR,2026-08-05T03:15,0.1,0.0,open-meteo
2026-08-05 03:15:21,Borivali,19.231,72.857,WR,2026-08-05T03:15,0.1,0.1,open-meteo
2026-08-05 03:15:21,Virar,19.455,72.811,WR,,,,open-meteo-ERR
2026-08-05 03:15:21,CSMT,18.94,72.835,CR,2026-08-05T03:15,0.2,0.1,open-meteo
2026-08-05 03:15:21,Sion,19.043,72.862,CR-hotspot,2026-08-05T03:15,0.2,0.1,open-meteo
2026-08-05 03:15:21,Kurla,19.065,72.879,CR-hotspot,2026-08-05T03:15,0.1,0.0,open-meteo
2026-08-05 03:15:21,Thane,19.186,72.975,CR,2026-08-05T03:15,0.1,0.1,open-meteo
2026-08-05 03:15:21,Kalyan,19.243,73.13,CR,2026-08-05T03:15,0.0,0.0,open-meteo
2026-08-05 03:15:21,Chunnabhatti,19.046,72.875,Harbour-hotspot,,,,open-meteo-ERR
2026-08-05 03:15:21,Matunga,19.027,72.852,CR-hotspot,2026-08-05T03:15,0.2,0.1,open-meteo
2026-08-05 04:23:20,Churchgate,18.935,72.827,WR,2026-08-05T04:15,0.1,0.0,open-meteo
2026-08-05 04:23:20,Dadar,19.018,72.844,WR/CR,2026-08-05T04:15,0.1,0.0,open-meteo
2026-08-05 04:23:20,Andheri,19.119,72.846,WR,2026-08-05T04:15,0.1,0.1,open-meteo
2026-08-05 04:23:20,Borivali,19.231,72.857,WR,2026-08-05T04:15,0.3,0.1,open-meteo
2026-08-05 04:23:20,Virar,19.455,72.811,WR,2026-08-05T04:15,0.1,0.0,open-meteo
2026-08-05 04:23:20,CSMT,18.94,72.835,CR,2026-08-05T04:15,0.1,0.0,open-meteo
2026-08-05 04:23:20,Sion,19.043,72.862,CR-hotspot,2026-08-05T04:15,0.1,0.0,open-meteo
2026-08-05 04:23:20,Kurla,19.065,72.879,CR-hotspot,2026-08-05T04:15,0.1,0.1,open-meteo
2026-08-05 04:23:20,Thane,19.186,72.975,CR,2026-08-05T04:15,0.1,0.0,open-meteo
2026-08-05 04:23:20,Kalyan,19.243,73.13,CR,,,,open-meteo-ERR
2026-08-05 04:23:20,Chunnabhatti,19.046,72.875,Harbour-hotspot,2026-08-05T04:15,0.1,0.0,open-meteo
2026-08-05 04:23:20,Matunga,19.027,72.852,CR-hotspot,2026-08-05T04:15,0.1,0.0,open-meteo
2026-08-05 05:25:55,Churchgate,18.935,72.827,WR,2026-08-05T05:15,0.1,0.0,open-meteo
2026-08-05 05:25:55,Dadar,19.018,72.844,WR/CR,2026-08-05T05:15,0.1,0.0,open-meteo
2026-08-05 05:25:55,Andheri,19.119,72.846,WR,2026-08-05T05:15,0.3,0.2,open-meteo
2026-08-05 05:25:55,Borivali,19.231,72.857,WR,,,,open-meteo-ERR
2026-08-05 05:25:55,Virar,19.455,72.811,WR,2026-08-05T05:15,0.3,0.2,open-meteo
2026-08-05 05:25:55,CSMT,18.94,72.835,CR,2026-08-05T05:15,0.1,0.0,open-meteo
2026-08-05 05:25:55,Sion,19.043,72.862,CR-hotspot,2026-08-05T05:15,0.1,0.0,open-meteo
2026-08-05 05:25:55,Kurla,19.065,72.879,CR-hotspot,,,,open-meteo-ERR
2026-08-05 05:25:55,Thane,19.186,72.975,CR,2026-08-05T05:15,0.1,0.1,open-meteo
2026-08-05 05:25:55,Kalyan,19.243,73.13,CR,2026-08-05T05:15,0.1,0.0,open-meteo
2026-08-05 05:25:55,Chunnabhatti,19.046,72.875,Harbour-hotspot,2026-08-05T05:15,0.1,0.0,open-meteo
2026-08-05 05:25:55,Matunga,19.027,72.852,CR-hotspot,2026-08-05T05:15,0.1,0.0,open-meteo
2026-08-05 07:24:51,Churchgate,18.935,72.827,WR,2026-08-05T07:15,0.1,0.0,open-meteo
2026-08-05 07:24:51,Dadar,19.018,72.844,WR/CR,2026-08-05T07:15,0.1,0.0,open-meteo
2026-08-05 07:24:51,Andheri,19.119,72.846,WR,2026-08-05T07:15,0.2,0.1,open-meteo
2026-08-05 07:24:51,Borivali,19.231,72.857,WR,2026-08-05T07:15,0.6,0.4,open-meteo
2026-08-05 07:24:51,Virar,19.455,72.811,WR,,,,open-meteo-ERR
2026-08-05 07:24:51,CSMT,18.94,72.835,CR,2026-08-05T07:15,0.1,0.0,open-meteo
2026-08-05 07:24:51,Sion,19.043,72.862,CR-hotspot,2026-08-05T07:15,0.1,0.0,open-meteo
2026-08-05 07:24:51,Kurla,19.065,72.879,CR-hotspot,2026-08-05T07:15,0.2,0.1,open-meteo
2026-08-05 07:24:51,Thane,19.186,72.975,CR,2026-08-05T07:15,0.1,0.1,open-meteo
2026-08-05 07:24:51,Kalyan,19.243,73.13,CR,2026-08-05T07:15,0.1,0.1,open-meteo
2026-08-05 07:24:51,Chunnabhatti,19.046,72.875,Harbour-hotspot,,,,open-meteo-ERR
2026-08-05 07:24:51,Matunga,19.027,72.852,CR-hotspot,2026-08-05T07:15,0.1,0.0,open-meteo
2026-08-05 10:28:05,Churchgate,18.935,72.827,WR,2026-08-05T10:15,0.3,0.1,open-meteo
2026-08-05 10:28:05,Dadar,19.018,72.844,WR/CR,2026-08-05T10:15,0.3,0.1,open-meteo
2026-08-05 10:28:05,Andheri,19.119,72.846,WR,2026-08-05T10:15,0.3,0.2,open-meteo
2026-08-05 10:28:05,Borivali,19.231,72.857,WR,2026-08-05T10:15,0.5,0.2,open-meteo
2026-08-05 10:28:05,Virar,19.455,72.811,WR,2026-08-05T10:15,0.2,0.0,open-meteo
2026-08-05 10:28:05,CSMT,18.94,72.835,CR,,,,open-meteo-ERR
2026-08-05 10:28:05,Sion,19.043,72.862,CR-hotspot,2026-08-05T10:15,0.3,0.1,open-meteo
2026-08-05 10:28:05,Kurla,19.065,72.879,CR-hotspot,2026-08-05T10:15,0.3,0.2,open-meteo
2026-08-05 10:28:05,Thane,19.186,72.975,CR,2026-08-05T10:15,0.1,0.0,open-meteo
2026-08-05 10:28:05,Kalyan,19.243,73.13,CR,2026-08-05T10:15,0.0,0.0,open-meteo
2026-08-05 10:28:05,Chunnabhatti,19.046,72.875,Harbour-hotspot,2026-08-05T10:15,0.3,0.1,open-meteo
2026-08-05 10:28:05,Matunga,19.027,72.852,CR-hotspot,,,,open-meteo-ERR
2026-08-05 13:07:33,Churchgate,18.935,72.827,WR,2026-08-05T13:00,0.2,0.1,open-meteo
2026-08-05 13:07:33,Dadar,19.018,72.844,WR/CR,2026-08-05T13:00,0.2,0.1,open-meteo
2026-08-05 13:07:33,Andheri,19.119,72.846,WR,2026-08-05T13:00,0.0,0.0,open-meteo
2026-08-05 13:07:33,Borivali,19.231,72.857,WR,2026-08-05T13:00,0.1,0.1,open-meteo
2026-08-05 13:07:33,Virar,19.455,72.811,WR,,,,open-meteo-ERR
2026-08-05 13:07:33,CSMT,18.94,72.835,CR,2026-08-05T13:00,0.2,0.1,open-meteo
2026-08-05 13:07:33,Sion,19.043,72.862,CR-hotspot,2026-08-05T13:00,0.2,0.1,open-meteo
2026-08-05 13:07:33,Kurla,19.065,72.879,CR-hotspot,2026-08-05T13:00,0.0,0.0,open-meteo
2026-08-05 13:07:33,Thane,19.186,72.975,CR,2026-08-05T13:00,0.2,0.1,open-meteo
2026-08-05 13:07:33,Kalyan,19.243,73.13,CR,2026-08-05T13:00,0.1,0.1,open-meteo
2026-08-05 13:07:33,Chunnabhatti,19.046,72.875,Harbour-hotspot,,,,open-meteo-ERR
2026-08-05 13:07:33,Matunga,19.027,72.852,CR-hotspot,2026-08-05T13:00,0.2,0.1,open-meteo
2026-08-05 15:56:57,Churchgate,18.935,72.827,WR,2026-08-05T15:45,0.4,0.3,open-meteo
2026-08-05 15:56:57,Dadar,19.018,72.844,WR/CR,2026-08-05T15:45,0.4,0.3,open-meteo
2026-08-05 15:56:57,Andheri,19.119,72.846,WR,2026-08-05T15:45,0.0,0.0,open-meteo
2026-08-05 15:56:57,Borivali,19.231,72.857,WR,2026-08-05T15:45,0.1,0.0,open-meteo
2026-08-05 15:56:57,Virar,19.455,72.811,WR,,,,open-meteo-ERR
2026-08-05 15:56:57,CSMT,18.94,72.835,CR,2026-08-05T15:45,0.4,0.3,open-meteo
2026-08-05 15:56:57,Sion,19.043,72.862,CR-hotspot,2026-08-05T15:45,0.4,0.3,open-meteo
2026-08-05 15:56:57,Kurla,19.065,72.879,CR-hotspot,2026-08-05T15:45,0.0,0.0,open-meteo
2026-08-05 15:56:57,Thane,19.186,72.975,CR,2026-08-05T15:45,0.1,0.1,open-meteo
2026-08-05 15:56:57,Kalyan,19.243,73.13,CR,2026-08-05T15:45,0.0,0.0,open-meteo
2026-08-05 15:56:57,Chunnabhatti,19.046,72.875,Harbour-hotspot,,,,open-meteo-ERR
2026-08-05 15:56:57,Matunga,19.027,72.852,CR-hotspot,2026-08-05T16:00,0.4,0.3,open-meteo
2026-08-05 17:52:32,Churchgate,18.935,72.827,WR,2026-08-05T17:45,0.1,0.1,open-meteo
2026-08-05 17:52:32,Dadar,19.018,72.844,WR/CR,2026-08-05T17:45,0.1,0.1,open-meteo
2026-08-05 17:52:32,Andheri,19.119,72.846,WR,2026-08-05T17:45,0.2,0.1,open-meteo
2026-08-05 17:52:32,Borivali,19.231,72.857,WR,2026-08-05T17:45,0.0,0.0,open-meteo
2026-08-05 17:52:32,Virar,19.455,72.811,WR,2026-08-05T17:45,0.0,0.0,open-meteo
2026-08-05 17:52:32,CSMT,18.94,72.835,CR,,,,open-meteo-ERR
2026-08-05 17:52:32,Sion,19.043,72.862,CR-hotspot,2026-08-05T17:45,0.1,0.1,open-meteo
2026-08-05 17:52:32,Kurla,19.065,72.879,CR-hotspot,2026-08-05T17:45,0.2,0.1,open-meteo
2026-08-05 17:52:32,Thane,19.186,72.975,CR,2026-08-05T17:45,0.0,0.0,open-meteo
2026-08-05 17:52:32,Kalyan,19.243,73.13,CR,2026-08-05T17:45,0.0,0.0,open-meteo
2026-08-05 17:52:32,Chunnabhatti,19.046,72.875,Harbour-hotspot,,,,open-meteo-ERR
2026-08-05 17:52:32,Matunga,19.027,72.852,CR-hotspot,2026-08-05T17:45,0.1,0.1,open-meteo
2026-08-05 20:13:58,Churchgate,18.935,72.827,WR,2026-08-05T20:00,0.1,0.0,open-meteo
2026-08-05 20:13:58,Dadar,19.018,72.844,WR/CR,2026-08-05T20:00,0.1,0.0,open-meteo
2026-08-05 20:13:58,Andheri,19.119,72.846,WR,2026-08-05T20:00,0.1,0.1,open-meteo
2026-08-05 20:13:58,Borivali,19.231,72.857,WR,,,,open-meteo-ERR
2026-08-05 20:13:58,Virar,19.455,72.811,WR,2026-08-05T20:15,0.1,0.0,open-meteo
2026-08-05 20:13:58,CSMT,18.94,72.835,CR,2026-08-05T20:15,0.1,0.0,open-meteo
2026-08-05 20:13:58,Sion,19.043,72.862,CR-hotspot,2026-08-05T20:15,0.1,0.0,open-meteo
2026-08-05 20:13:58,Kurla,19.065,72.879,CR-hotspot,2026-08-05T20:15,0.1,0.1,open-meteo
2026-08-05 20:13:58,Thane,19.186,72.975,CR,,,,open-meteo-ERR
2026-08-05 20:13:58,Kalyan,19.243,73.13,CR,2026-08-05T20:15,0.0,0.0,open-meteo
2026-08-05 20:13:58,Chunnabhatti,19.046,72.875,Harbour-hotspot,2026-08-05T20:15,0.1,0.0,open-meteo
2026-08-05 20:13:58,Matunga,19.027,72.852,CR-hotspot,2026-08-05T20:15,0.1,0.0,open-meteo
2026-08-05 21:57:04,Churchgate,18.935,72.827,WR,2026-08-05T21:45,0.0,0.0,open-meteo
2026-08-05 21:57:04,Dadar,19.018,72.844,WR/CR,2026-08-05T21:45,0.0,0.0,open-meteo
2026-08-05 21:57:04,Andheri,19.119,72.846,WR,2026-08-05T21:45,0.0,0.0,open-meteo
2026-08-05 21:57:04,Borivali,19.231,72.857,WR,,,,open-meteo-ERR
2026-08-05 21:57:04,Virar,19.455,72.811,WR,2026-08-05T21:45,0.0,0.0,open-meteo
2026-08-05 21:57:04,CSMT,18.94,72.835,CR,2026-08-05T21:45,0.0,0.0,open-meteo
2026-08-05 21:57:04,Sion,19.043,72.862,CR-hotspot,2026-08-05T21:45,0.0,0.0,open-meteo
2026-08-05 21:57:04,Kurla,19.065,72.879,CR-hotspot,,,,open-meteo-ERR
2026-08-05 21:57:04,Thane,19.186,72.975,CR,2026-08-05T21:45,0.1,0.1,open-meteo
2026-08-05 21:57:04,Kalyan,19.243,73.13,CR,2026-08-05T21:45,0.1,0.0,open-meteo
2026-08-05 21:57:04,Chunnabhatti,19.046,72.875,Harbour-hotspot,2026-08-05T21:45,0.0,0.0,open-meteo
2026-08-05 21:57:04,Matunga,19.027,72.852,CR-hotspot,,,,open-meteo-ERR
2026-08-05 23:32:03,Churchgate,18.935,72.827,WR,2026-08-05T23:30,0.0,0.0,open-meteo
2026-08-05 23:32:03,Dadar,19.018,72.844,WR/CR,2026-08-05T23:30,0.0,0.0,open-meteo
2026-08-05 23:32:03,Andheri,19.119,72.846,WR,2026-08-05T23:30,0.1,0.0,open-meteo
2026-08-05 23:32:03,Borivali,19.231,72.857,WR,2026-08-05T23:30,0.1,0.0,open-meteo
2026-08-05 23:32:03,Virar,19.455,72.811,WR,,,,open-meteo-ERR
2026-08-05 23:32:03,CSMT,18.94,72.835,CR,2026-08-05T23:30,0.0,0.0,open-meteo
2026-08-05 23:32:03,Sion,19.043,72.862,CR-hotspot,2026-08-05T23:30,0.0,0.0,open-meteo
2026-08-05 23:32:03,Kurla,19.065,72.879,CR-hotspot,2026-08-05T23:30,0.1,0.0,open-meteo
2026-08-05 23:32:03,Thane,19.186,72.975,CR,2026-08-05T23:30,0.0,0.0,open-meteo
2026-08-05 23:32:03,Kalyan,19.243,73.13,CR,,,,open-meteo-ERR
2026-08-05 23:32:03,Chunnabhatti,19.046,72.875,Harbour-hotspot,2026-08-05T23:30,0.0,0.0,open-meteo
2026-08-05 23:32:03,Matunga,19.027,72.852,CR-hotspot,2026-08-05T23:30,0.0,0.0,open-meteo
2026-08-06 01:33:05,Churchgate,18.935,72.827,WR,2026-08-06T01:30,0.1,0.0,open-meteo
2026-08-06 01:33:05,Dadar,19.018,72.844,WR/CR,2026-08-06T01:30,0.1,0.0,open-meteo
2026-08-06 01:33:05,Andheri,19.119,72.846,WR,2026-08-06T01:30,0.2,0.1,open-meteo
2026-08-06 01:33:05,Borivali,19.231,72.857,WR,2026-08-06T01:30,0.2,0.1,open-meteo
2026-08-06 01:33:05,Virar,19.455,72.811,WR,,,,open-meteo-ERR
2026-08-06 01:33:05,CSMT,18.94,72.835,CR,2026-08-06T01:30,0.1,0.0,open-meteo
2026-08-06 01:33:05,Sion,19.043,72.862,CR-hotspot,2026-08-06T01:30,0.1,0.0,open-meteo
2026-08-06 01:33:05,Kurla,19.065,72.879,CR-hotspot,2026-08-06T01:30,0.2,0.1,open-meteo
2026-08-06 01:33:05,Thane,19.186,72.975,CR,2026-08-06T01:30,0.1,0.1,open-meteo
2026-08-06 01:33:05,Kalyan,19.243,73.13,CR,2026-08-06T01:30,0.1,0.0,open-meteo
2026-08-06 01:33:05,Chunnabhatti,19.046,72.875,Harbour-hotspot,,,,open-meteo-ERR
2026-08-06 01:33:05,Matunga,19.027,72.852,CR-hotspot,2026-08-06T01:30,0.1,0.0,open-meteo
2026-08-06 03:10:59,Churchgate,18.935,72.827,WR,2026-08-06T03:00,0.2,0.1,open-meteo
2026-08-06 03:10:59,Dadar,19.018,72.844,WR/CR,2026-08-06T03:00,0.2,0.1,open-meteo
2026-08-06 03:10:59,Andheri,19.119,72.846,WR,2026-08-06T03:00,0.2,0.1,open-meteo
2026-08-06 03:10:59,Borivali,19.231,72.857,WR,,,,open-meteo-ERR
2026-08-06 03:10:59,Virar,19.455,72.811,WR,2026-08-06T03:00,0.1,0.0,open-meteo
2026-08-06 03:10:59,CSMT,18.94,72.835,CR,2026-08-06T03:00,0.2,0.1,open-meteo
2026-08-06 03:10:59,Sion,19.043,72.862,CR-hotspot,2026-08-06T03:00,0.2,0.1,open-meteo
2026-08-06 03:10:59,Kurla,19.065,72.879,CR-hotspot,2026-08-06T03:00,0.2,0.1,open-meteo
2026-08-06 03:10:59,Thane,19.186,72.975,CR,2026-08-06T03:00,0.2,0.1,open-meteo
2026-08-06 03:10:59,Kalyan,19.243,73.13,CR,2026-08-06T03:00,0.2,0.1,open-meteo
2026-08-06 03:10:59,Chunnabhatti,19.046,72.875,Harbour-hotspot,2026-08-06T03:00,0.2,0.1,open-meteo
2026-08-06 03:10:59,Matunga,19.027,72.852,CR-hotspot,2026-08-06T03:00,0.2,0.1,open-meteo
2026-08-06 04:19:57,Churchgate,18.935,72.827,WR,2026-08-06T04:15,0.1,0.0,open-meteo
2026-08-06 04:19:57,Dadar,19.018,72.844,WR/CR,2026-08-06T04:15,0.1,0.0,open-meteo
2026-08-06 04:19:57,Andheri,19.119,72.846,WR,2026-08-06T04:15,0.1,0.1,open-meteo
2026-08-06 04:19:57,Borivali,19.231,72.857,WR,2026-08-06T04:15,0.3,0.2,open-meteo
2026-08-06 04:19:57,Virar,19.455,72.811,WR,2026-08-06T04:15,0.1,0.0,open-meteo
2026-08-06 04:19:57,CSMT,18.94,72.835,CR,2026-08-06T04:15,0.1,0.0,open-meteo
2026-08-06 04:19:57,Sion,19.043,72.862,CR-hotspot,2026-08-06T04:15,0.1,0.0,open-meteo
2026-08-06 04:19:57,Kurla,19.065,72.879,CR-hotspot,2026-08-06T04:15,0.1,0.1,open-meteo
2026-08-06 04:19:57,Thane,19.186,72.975,CR,2026-08-06T04:15,0.1,0.0,open-meteo
2026-08-06 04:19:57,Kalyan,19.243,73.13,CR,2026-08-06T04:15,0.2,0.1,open-meteo
2026-08-06 04:19:57,Chunnabhatti,19.046,72.875,Harbour-hotspot,2026-08-06T04:15,0.1,0.0,open-meteo
2026-08-06 04:19:57,Matunga,19.027,72.852,CR-hotspot,2026-08-06T04:15,0.1,0.0,open-meteo
2026-08-06 05:21:26,Churchgate,18.935,72.827,WR,2026-08-06T05:15,0.2,0.0,open-meteo
2026-08-06 05:21:26,Dadar,19.018,72.844,WR/CR,2026-08-06T05:15,0.2,0.0,open-meteo
2026-08-06 05:21:26,Andheri,19.119,72.846,WR,2026-08-06T05:15,0.1,0.0,open-meteo
2026-08-06 05:21:26,Borivali,19.231,72.857,WR,2026-08-06T05:15,0.0,0.0,open-meteo
2026-08-06 05:21:26,Virar,19.455,72.811,WR,,,,open-meteo-ERR
2026-08-06 05:21:26,CSMT,18.94,72.835,CR,2026-08-06T05:15,0.2,0.0,open-meteo
2026-08-06 05:21:26,Sion,19.043,72.862,CR-hotspot,2026-08-06T05:15,0.2,0.0,open-meteo
2026-08-06 05:21:26,Kurla,19.065,72.879,CR-hotspot,2026-08-06T05:15,0.1,0.0,open-meteo
2026-08-06 05:21:26,Thane,19.186,72.975,CR,2026-08-06T05:15,0.1,0.1,open-meteo
2026-08-06 05:21:26,Kalyan,19.243,73.13,CR,2026-08-06T05:15,0.1,0.1,open-meteo
2026-08-06 05:21:26,Chunnabhatti,19.046,72.875,Harbour-hotspot,,,,open-meteo-ERR
2026-08-06 05:21:26,Matunga,19.027,72.852,CR-hotspot,2026-08-06T05:15,0.2,0.0,open-meteo
2026-08-06 07:16:54,Churchgate,18.935,72.827,WR,2026-08-06T07:15,0.3,0.3,open-meteo
2026-08-06 07:16:54,Dadar,19.018,72.844,WR/CR,2026-08-06T07:15,0.3,0.3,open-meteo
2026-08-06 07:16:54,Andheri,19.119,72.846,WR,2026-08-06T07:15,0.0,0.0,open-meteo
2026-08-06 07:16:54,Borivali,19.231,72.857,WR,2026-08-06T07:15,0.1,0.0,open-meteo
2026-08-06 07:16:54,Virar,19.455,72.811,WR,,,,open-meteo-ERR
2026-08-06 07:16:54,CSMT,18.94,72.835,CR,2026-08-06T07:15,0.3,0.3,open-meteo
2026-08-06 07:16:54,Sion,19.043,72.862,CR-hotspot,2026-08-06T07:15,0.3,0.3,open-meteo
2026-08-06 07:16:54,Kurla,19.065,72.879,CR-hotspot,2026-08-06T07:15,0.0,0.0,open-meteo
2026-08-06 07:16:54,Thane,19.186,72.975,CR,2026-08-06T07:15,0.0,0.0,open-meteo
2026-08-06 07:16:54,Kalyan,19.243,73.13,CR,2026-08-06T07:15,0.0,0.0,open-meteo
2026-08-06 07:16:54,Chunnabhatti,19.046,72.875,Harbour-hotspot,,,,open-meteo-ERR
2026-08-06 07:16:54,Matunga,19.027,72.852,CR-hotspot,2026-08-06T07:15,0.3,0.3,open-meteo
2026-08-06 10:28:06,Churchgate,18.935,72.827,WR,2026-08-06T10:15,0.0,0.0,open-meteo
2026-08-06 10:28:06,Dadar,19.018,72.844,WR/CR,2026-08-06T10:15,0.0,0.0,open-meteo
2026-08-06 10:28:06,Andheri,19.119,72.846,WR,2026-08-06T10:15,0.1,0.0,open-meteo
2026-08-06 10:28:06,Borivali,19.231,72.857,WR,,,,open-meteo-ERR
2026-08-06 10:28:06,Virar,19.455,72.811,WR,2026-08-06T10:15,0.1,0.1,open-meteo
2026-08-06 10:28:06,CSMT,18.94,72.835,CR,2026-08-06T10:15,0.0,0.0,open-meteo
2026-08-06 10:28:06,Sion,19.043,72.862,CR-hotspot,2026-08-06T10:15,0.0,0.0,open-meteo
2026-08-06 10:28:06,Kurla,19.065,72.879,CR-hotspot,2026-08-06T10:15,0.1,0.0,open-meteo
2026-08-06 10:28:06,Thane,19.186,72.975,CR,2026-08-06T10:15,0.2,0.1,open-meteo
2026-08-06 10:28:06,Kalyan,19.243,73.13,CR,,,,open-meteo-ERR
2026-08-06 10:28:06,Chunnabhatti,19.046,72.875,Harbour-hotspot,2026-08-06T10:30,0.0,0.0,open-meteo
2026-08-06 10:28:06,Matunga,19.027,72.852,CR-hotspot,2026-08-06T10:30,0.0,0.0,open-meteo
2026-08-06 13:08:19,Churchgate,18.935,72.827,WR,2026-08-06T13:00,0.1,0.0,open-meteo
2026-08-06 13:08:19,Dadar,19.018,72.844,WR/CR,2026-08-06T13:00,0.1,0.0,open-meteo
2026-08-06 13:08:19,Andheri,19.119,72.846,WR,2026-08-06T13:00,0.0,0.0,open-meteo
2026-08-06 13:08:19,Borivali,19.231,72.857,WR,2026-08-06T13:00,0.2,0.0,open-meteo
2026-08-06 13:08:19,Virar,19.455,72.811,WR,,,,open-meteo-ERR
2026-08-06 13:08:19,CSMT,18.94,72.835,CR,2026-08-06T13:00,0.1,0.0,open-meteo
2026-08-06 13:08:19,Sion,19.043,72.862,CR-hotspot,2026-08-06T13:00,0.1,0.0,open-meteo
2026-08-06 13:08:19,Kurla,19.065,72.879,CR-hotspot,2026-08-06T13:00,0.0,0.0,open-meteo
2026-08-06 13:08:19,Thane,19.186,72.975,CR,2026-08-06T13:00,0.1,0.1,open-meteo
2026-08-06 13:08:19,Kalyan,19.243,73.13,CR,2026-08-06T13:00,0.0,0.0,open-meteo
2026-08-06 13:08:19,Chunnabhatti,19.046,72.875,Harbour-hotspot,,,,open-meteo-ERR
2026-08-06 13:08:19,Matunga,19.027,72.852,CR-hotspot,2026-08-06T13:00,0.1,0.0,open-meteo
2026-08-06 16:00:04,Churchgate,18.935,72.827,WR,2026-08-06T16:00,0.1,0.0,open-meteo
2026-08-06 16:00:04,Dadar,19.018,72.844,WR/CR,2026-08-06T16:00,0.1,0.0,open-meteo
2026-08-06 16:00:04,Andheri,19.119,72.846,WR,2026-08-06T16:00,0.0,0.0,open-meteo
2026-08-06 16:00:04,Borivali,19.231,72.857,WR,,,,open-meteo-ERR
2026-08-06 16:00:04,Virar,19.455,72.811,WR,2026-08-06T16:00,0.0,0.0,open-meteo
2026-08-06 16:00:04,CSMT,18.94,72.835,CR,2026-08-06T16:00,0.1,0.0,open-meteo
2026-08-06 16:00:04,Sion,19.043,72.862,CR-hotspot,2026-08-06T16:00,0.1,0.0,open-meteo
2026-08-06 16:00:04,Kurla,19.065,72.879,CR-hotspot,,,,open-meteo-ERR
2026-08-06 16:00:04,Thane,19.186,72.975,CR,2026-08-06T16:00,0.1,0.1,open-meteo
2026-08-06 16:00:04,Kalyan,19.243,73.13,CR,2026-08-06T16:00,0.1,0.0,open-meteo
2026-08-06 16:00:04,Chunnabhatti,19.046,72.875,Harbour-hotspot,2026-08-06T16:00,0.1,0.0,open-meteo
2026-08-06 16:00:04,Matunga,19.027,72.852,CR-hotspot,2026-08-06T16:00,0.1,0.0,open-meteo
2026-08-06 17:56:43,Churchgate,18.935,72.827,WR,2026-08-06T17:45,0.0,0.0,open-meteo
2026-08-06 17:56:43,Dadar,19.018,72.844,WR/CR,2026-08-06T17:45,0.0,0.0,open-meteo
2026-08-06 17:56:43,Andheri,19.119,72.846,WR,2026-08-06T17:45,0.1,0.0,open-meteo
2026-08-06 17:56:43,Borivali,19.231,72.857,WR,2026-08-06T17:45,0.1,0.1,open-meteo
2026-08-06 17:56:43,Virar,19.455,72.811,WR,,,,open-meteo-ERR
2026-08-06 17:56:43,CSMT,18.94,72.835,CR,2026-08-06T17:45,0.0,0.0,open-meteo
2026-08-06 17:56:43,Sion,19.043,72.862,CR-hotspot,2026-08-06T17:45,0.0,0.0,open-meteo
2026-08-06 17:56:43,Kurla,19.065,72.879,CR-hotspot,2026-08-06T17:45,0.1,0.0,open-meteo
2026-08-06 17:56:43,Thane,19.186,72.975,CR,2026-08-06T17:45,0.1,0.1,open-meteo
2026-08-06 17:56:43,Kalyan,19.243,73.13,CR,2026-08-06T17:45,0.0,0.0,open-meteo
2026-08-06 17:56:43,Chunnabhatti,19.046,72.875,Harbour-hotspot,2026-08-06T17:45,0.0,0.0,open-meteo
2026-08-06 17:56:43,Matunga,19.027,72.852,CR-hotspot,2026-08-06T17:45,0.0,0.0,open-meteo
2026-08-06 20:21:56,Churchgate,18.935,72.827,WR,2026-08-06T20:15,0.0,0.0,open-meteo
2026-08-06 20:21:56,Dadar,19.018,72.844,WR/CR,2026-08-06T20:15,0.0,0.0,open-meteo
2026-08-06 20:21:56,Andheri,19.119,72.846,WR,2026-08-06T20:15,0.0,0.0,open-meteo
2026-08-06 20:21:56,Borivali,19.231,72.857,WR,2026-08-06T20:15,0.1,0.0,open-meteo
2026-08-06 20:21:56,Virar,19.455,72.811,WR,,,,open-meteo-ERR
2026-08-06 20:21:56,CSMT,18.94,72.835,CR,2026-08-06T20:15,0.0,0.0,open-meteo
2026-08-06 20:21:56,Sion,19.043,72.862,CR-hotspot,2026-08-06T20:15,0.0,0.0,open-meteo
2026-08-06 20:21:56,Kurla,19.065,72.879,CR-hotspot,2026-08-06T20:15,0.0,0.0,open-meteo
2026-08-06 20:21:56,Thane,19.186,72.975,CR,2026-08-06T20:15,0.0,0.0,open-meteo
2026-08-06 20:21:56,Kalyan,19.243,73.13,CR,2026-08-06T20:15,0.0,0.0,open-meteo
2026-08-06 20:21:56,Chunnabhatti,19.046,72.875,Harbour-hotspot,,,,open-meteo-ERR
2026-08-06 20:21:56,Matunga,19.027,72.852,CR-hotspot,2026-08-06T20:15,0.0,0.0,open-meteo
2026-08-07 05:51:32,Churchgate,18.935,72.827,WR,2026-08-07T05:45,0.0,0.0,open-meteo
2026-08-07 05:51:32,Dadar,19.018,72.844,WR/CR,2026-08-07T05:45,0.0,0.0,open-meteo
2026-08-07 05:51:32,Andheri,19.119,72.846,WR,2026-08-07T05:45,0.0,0.0,open-meteo
2026-08-07 05:51:32,Borivali,19.231,72.857,WR,2026-08-07T05:45,0.0,0.0,open-meteo
2026-08-07 05:51:32,Virar,19.455,72.811,WR,,,,open-meteo-ERR
2026-08-07 05:51:32,CSMT,18.94,72.835,CR,2026-08-07T05:45,0.0,0.0,open-meteo
2026-08-07 05:51:32,Sion,19.043,72.862,CR-hotspot,2026-08-07T05:45,0.0,0.0,open-meteo
2026-08-07 05:51:32,Kurla,19.065,72.879,CR-hotspot,2026-08-07T05:45,0.0,0.0,open-meteo
2026-08-07 05:51:32,Thane,19.186,72.975,CR,2026-08-07T05:45,0.1,0.1,open-meteo
2026-08-07 05:51:32,Kalyan,19.243,73.13,CR,2026-08-07T05:45,0.0,0.0,open-meteo
2026-08-07 05:51:32,Chunnabhatti,19.046,72.875,Harbour-hotspot,,,,open-meteo-ERR
2026-08-07 05:51:32,Matunga,19.027,72.852,CR-hotspot,2026-08-07T05:45,0.0,0.0,open-meteo
2026-08-07 08:54:16,Churchgate,18.935,72.827,WR,2026-08-07T08:45,0.1,0.1,open-meteo
2026-08-07 08:54:16,Dadar,19.018,72.844,WR/CR,2026-08-07T08:45,0.1,0.1,open-meteo
2026-08-07 08:54:16,Andheri,19.119,72.846,WR,2026-08-07T08:45,0.1,0.0,open-meteo
2026-08-07 08:54:16,Borivali,19.231,72.857,WR,2026-08-07T08:45,0.1,0.1,open-meteo
2026-08-07 08:54:16,Virar,19.455,72.811,WR,,,,open-meteo-ERR
2026-08-07 08:54:16,CSMT,18.94,72.835,CR,2026-08-07T08:45,0.1,0.1,open-meteo
2026-08-07 08:54:16,Sion,19.043,72.862,CR-hotspot,2026-08-07T08:45,0.1,0.1,open-meteo
2026-08-07 08:54:16,Kurla,19.065,72.879,CR-hotspot,2026-08-07T08:45,0.1,0.0,open-meteo
2026-08-07 08:54:16,Thane,19.186,72.975,CR,2026-08-07T08:45,0.0,0.0,open-meteo
2026-08-07 08:54:16,Kalyan,19.243,73.13,CR,2026-08-07T08:45,0.0,0.0,open-meteo
2026-08-07 08:54:16,Chunnabhatti,19.046,72.875,Harbour-hotspot,,,,open-meteo-ERR
2026-08-07 08:54:16,Matunga,19.027,72.852,CR-hotspot,2026-08-07T08:45,0.1,0.1,open-meteo
2026-08-07 10:40:34,Churchgate,18.935,72.827,WR,2026-08-07T10:30,0.1,0.0,open-meteo
2026-08-07 10:40:34,Dadar,19.018,72.844,WR/CR,2026-08-07T10:30,0.1,0.0,open-meteo
2026-08-07 10:40:34,Andheri,19.119,72.846,WR,2026-08-07T10:30,0.1,0.1,open-meteo
2026-08-07 10:40:34,Borivali,19.231,72.857,WR,2026-08-07T10:30,0.1,0.0,open-meteo
2026-08-07 10:40:34,Virar,19.455,72.811,WR,,,,open-meteo-ERR
2026-08-07 10:40:34,CSMT,18.94,72.835,CR,2026-08-07T10:30,0.1,0.0,open-meteo
2026-08-07 10:40:34,Sion,19.043,72.862,CR-hotspot,2026-08-07T10:30,0.1,0.0,open-meteo
2026-08-07 10:40:34,Kurla,19.065,72.879,CR-hotspot,2026-08-07T10:30,0.1,0.1,open-meteo
2026-08-07 10:40:34,Thane,19.186,72.975,CR,,,,open-meteo-ERR
2026-08-07 10:40:34,Kalyan,19.243,73.13,CR,2026-08-07T10:30,0.0,0.0,open-meteo
2026-08-07 10:40:34,Chunnabhatti,19.046,72.875,Harbour-hotspot,2026-08-07T10:30,0.1,0.0,open-meteo
2026-08-07 10:40:34,Matunga,19.027,72.852,CR-hotspot,2026-08-07T10:30,0.1,0.0,open-meteo
2026-08-07 12:11:28,Churchgate,18.935,72.827,WR,2026-08-07T12:00,0.0,0.0,open-meteo
2026-08-07 12:11:28,Dadar,19.018,72.844,WR/CR,2026-08-07T12:00,0.0,0.0,open-meteo
2026-08-07 12:11:28,Andheri,19.119,72.846,WR,2026-08-07T12:00,0.1,0.1,open-meteo
2026-08-07 12:11:28,Borivali,19.231,72.857,WR,,,,open-meteo-ERR
2026-08-07 12:11:28,Virar,19.455,72.811,WR,2026-08-07T12:00,0.0,0.0,open-meteo
2026-08-07 12:11:28,CSMT,18.94,72.835,CR,2026-08-07T12:00,0.0,0.0,open-meteo
2026-08-07 12:11:28,Sion,19.043,72.862,CR-hotspot,2026-08-07T12:00,0.0,0.0,open-meteo
2026-08-07 12:11:28,Kurla,19.065,72.879,CR-hotspot,,,,open-meteo-ERR
2026-08-07 12:11:28,Thane,19.186,72.975,CR,2026-08-07T12:00,0.0,0.0,open-meteo
2026-08-07 12:11:28,Kalyan,19.243,73.13,CR,2026-08-07T12:00,0.1,0.0,open-meteo
2026-08-07 12:11:28,Chunnabhatti,19.046,72.875,Harbour-hotspot,2026-08-07T12:00,0.0,0.0,open-meteo
2026-08-07 12:11:28,Matunga,19.027,72.852,CR-hotspot,,,,open-meteo-ERR
2026-08-07 13:37:49,Churchgate,18.935,72.827,WR,2026-08-07T13:30,0.1,0.0,open-meteo
2026-08-07 13:37:49,Dadar,19.018,72.844,WR/CR,2026-08-07T13:30,0.1,0.0,open-meteo
2026-08-07 13:37:49,Andheri,19.119,72.846,WR,2026-08-07T13:30,0.0,0.0,open-meteo
2026-08-07 13:37:49,Borivali,19.231,72.857,WR,2026-08-07T13:30,0.1,0.0,open-meteo
2026-08-07 13:37:49,Virar,19.455,72.811,WR,,,,open-meteo-ERR
2026-08-07 13:37:49,CSMT,18.94,72.835,CR,2026-08-07T13:30,0.1,0.0,open-meteo
2026-08-07 13:37:49,Sion,19.043,72.862,CR-hotspot,2026-08-07T13:30,0.1,0.0,open-meteo
2026-08-07 13:37:49,Kurla,19.065,72.879,CR-hotspot,2026-08-07T13:30,0.0,0.0,open-meteo
2026-08-07 13:37:49,Thane,19.186,72.975,CR,2026-08-07T13:30,0.1,0.1,open-meteo
2026-08-07 13:37:49,Kalyan,19.243,73.13,CR,2026-08-07T13:30,0.1,0.1,open-meteo
2026-08-07 13:37:49,Chunnabhatti,19.046,72.875,Harbour-hotspot,,,,open-meteo-ERR
2026-08-07 13:37:49,Matunga,19.027,72.852,CR-hotspot,2026-08-07T13:30,0.1,0.0,open-meteo
2026-08-07 14:59:35,Churchgate,18.935,72.827,WR,2026-08-07T14:45,0.2,0.0,open-meteo
2026-08-07 14:59:35,Dadar,19.018,72.844,WR/CR,2026-08-07T14:45,0.2,0.0,open-meteo
2026-08-07 14:59:35,Andheri,19.119,72.846,WR,2026-08-07T14:45,0.1,0.0,open-meteo
2026-08-07 14:59:35,Borivali,19.231,72.857,WR,2026-08-07T14:45,0.1,0.0,open-meteo
2026-08-07 14:59:35,Virar,19.455,72.811,WR,,,,open-meteo-ERR
2026-08-07 14:59:35,CSMT,18.94,72.835,CR,2026-08-07T15:00,0.2,0.0,open-meteo
2026-08-07 14:59:35,Sion,19.043,72.862,CR-hotspot,2026-08-07T15:00,0.2,0.0,open-meteo
2026-08-07 14:59:35,Kurla,19.065,72.879,CR-hotspot,2026-08-07T15:00,0.1,0.0,open-meteo
2026-08-07 14:59:35,Thane,19.186,72.975,CR,2026-08-07T15:00,0.1,0.1,open-meteo
2026-08-07 14:59:35,Kalyan,19.243,73.13,CR,2026-08-07T15:00,0.0,0.0,open-meteo
2026-08-07 14:59:35,Chunnabhatti,19.046,72.875,Harbour-hotspot,,,,open-meteo-ERR
2026-08-07 14:59:35,Matunga,19.027,72.852,CR-hotspot,2026-08-07T15:00,0.2,0.0,open-meteo
2026-08-07 15:56:46,Churchgate,18.935,72.827,WR,2026-08-07T15:45,0.1,0.0,open-meteo
2026-08-07 15:56:46,Dadar,19.018,72.844,WR/CR,2026-08-07T15:45,0.1,0.0,open-meteo
2026-08-07 15:56:46,Andheri,19.119,72.846,WR,2026-08-07T15:45,0.1,0.0,open-meteo
2026-08-07 15:56:46,Borivali,19.231,72.857,WR,2026-08-07T15:45,0.1,0.0,open-meteo
2026-08-07 15:56:46,Virar,19.455,72.811,WR,,,,open-meteo-ERR
2026-08-07 15:56:46,CSMT,18.94,72.835,CR,2026-08-07T15:45,0.1,0.0,open-meteo
2026-08-07 15:56:46,Sion,19.043,72.862,CR-hotspot,2026-08-07T15:45,0.1,0.0,open-meteo
2026-08-07 15:56:46,Kurla,19.065,72.879,CR-hotspot,2026-08-07T15:45,0.1,0.0,open-meteo
2026-08-07 15:56:46,Thane,19.186,72.975,CR,2026-08-07T15:45,0.1,0.1,open-meteo
2026-08-07 15:56:46,Kalyan,19.243,73.13,CR,2026-08-07T15:45,0.0,0.0,open-meteo
2026-08-07 15:56:46,Chunnabhatti,19.046,72.875,Harbour-hotspot,2026-08-07T15:45,0.1,0.0,open-meteo
2026-08-07 15:56:46,Matunga,19.027,72.852,CR-hotspot,2026-08-07T15:45,0.1,0.0,open-meteo
2026-08-07 16:50:22,Churchgate,18.935,72.827,WR,2026-08-07T16:45,0.0,0.0,open-meteo
2026-08-07 16:50:22,Dadar,19.018,72.844,WR/CR,2026-08-07T16:45,0.0,0.0,open-meteo
2026-08-07 16:50:22,Andheri,19.119,72.846,WR,2026-08-07T16:45,0.1,0.1,open-meteo
2026-08-07 16:50:22,Borivali,19.231,72.857,WR,,,,open-meteo-ERR
2026-08-07 16:50:22,Virar,19.455,72.811,WR,2026-08-07T16:45,0.0,0.0,open-meteo
2026-08-07 16:50:22,CSMT,18.94,72.835,CR,2026-08-07T16:45,0.0,0.0,open-meteo
2026-08-07 16:50:22,Sion,19.043,72.862,CR-hotspot,2026-08-07T16:45,0.0,0.0,open-meteo
2026-08-07 16:50:22,Kurla,19.065,72.879,CR-hotspot,2026-08-07T16:45,0.1,0.1,open-meteo
2026-08-07 16:50:22,Thane,19.186,72.975,CR,2026-08-07T16:45,0.1,0.1,open-meteo
2026-08-07 16:50:22,Kalyan,19.243,73.13,CR,2026-08-07T16:45,0.1,0.1,open-meteo
2026-08-07 16:50:22,Chunnabhatti,19.046,72.875,Harbour-hotspot,2026-08-07T16:45,0.0,0.0,open-meteo
2026-08-07 16:50:22,Matunga,19.027,72.852,CR-hotspot,2026-08-07T16:45,0.0,0.0,open-meteo
2026-08-07 17:35:41,Churchgate,18.935,72.827,WR,2026-08-07T17:30,0.0,0.0,open-meteo
2026-08-07 17:35:41,Dadar,19.018,72.844,WR/CR,2026-08-07T17:30,0.0,0.0,open-meteo
2026-08-07 17:35:41,Andheri,19.119,72.846,WR,2026-08-07T17:30,0.1,0.1,open-meteo
2026-08-07 17:35:41,Borivali,19.231,72.857,WR,,,,open-meteo-ERR
2026-08-07 17:35:41,Virar,19.455,72.811,WR,2026-08-07T17:30,0.0,0.0,open-meteo
2026-08-07 17:35:41,CSMT,18.94,72.835,CR,2026-08-07T17:30,0.0,0.0,open-meteo
2026-08-07 17:35:41,Sion,19.043,72.862,CR-hotspot,2026-08-07T17:30,0.0,0.0,open-meteo
2026-08-07 17:35:41,Kurla,19.065,72.879,CR-hotspot,,,,open-meteo-ERR
2026-08-07 17:35:41,Thane,19.186,72.975,CR,2026-08-07T17:30,0.1,0.1,open-meteo
2026-08-07 17:35:41,Kalyan,19.243,73.13,CR,2026-08-07T17:30,0.1,0.1,open-meteo
2026-08-07 17:35:41,Chunnabhatti,19.046,72.875,Harbour-hotspot,2026-08-07T17:30,0.0,0.0,open-meteo
2026-08-07 17:35:41,Matunga,19.027,72.852,CR-hotspot,,,,open-meteo-ERR
2026-08-07 19:16:06,Churchgate,18.935,72.827,WR,2026-08-07T19:15,0.1,0.1,open-meteo
2026-08-07 19:16:06,Dadar,19.018,72.844,WR/CR,2026-08-07T19:15,0.1,0.1,open-meteo
2026-08-07 19:16:06,Andheri,19.119,72.846,WR,2026-08-07T19:15,0.1,0.1,open-meteo
2026-08-07 19:16:06,Borivali,19.231,72.857,WR,2026-08-07T19:15,0.1,0.0,open-meteo
2026-08-07 19:16:06,Virar,19.455,72.811,WR,2026-08-07T19:15,0.0,0.0,open-meteo
2026-08-07 19:16:06,CSMT,18.94,72.835,CR,2026-08-07T19:15,0.1,0.1,open-meteo
2026-08-07 19:16:06,Sion,19.043,72.862,CR-hotspot,2026-08-07T19:15,0.1,0.1,open-meteo
2026-08-07 19:16:06,Kurla,19.065,72.879,CR-hotspot,2026-08-07T19:15,0.1,0.1,open-meteo
2026-08-07 19:16:06,Thane,19.186,72.975,CR,2026-08-07T19:15,0.0,0.0,open-meteo
2026-08-07 19:16:06,Kalyan,19.243,73.13,CR,2026-08-07T19:15,0.0,0.0,open-meteo
2026-08-07 19:16:06,Chunnabhatti,19.046,72.875,Harbour-hotspot,2026-08-07T19:15,0.1,0.1,open-meteo
2026-08-07 19:16:06,Matunga,19.027,72.852,CR-hotspot,,,,open-meteo-ERR
2026-08-07 20:15:56,Churchgate,18.935,72.827,WR,2026-08-07T20:15,0.1,0.1,open-meteo
2026-08-07 20:15:56,Dadar,19.018,72.844,WR/CR,2026-08-07T20:15,0.1,0.1,open-meteo
2026-08-07 20:15:56,Andheri,19.119,72.846,WR,2026-08-07T20:15,0.1,0.0,open-meteo
2026-08-07 20:15:56,Borivali,19.231,72.857,WR,2026-08-07T20:15,0.2,0.1,open-meteo
2026-08-07 20:15:56,Virar,19.455,72.811,WR,,,,open-meteo-ERR
2026-08-07 20:15:56,CSMT,18.94,72.835,CR,2026-08-07T20:15,0.1,0.1,open-meteo
2026-08-07 20:15:56,Sion,19.043,72.862,CR-hotspot,2026-08-07T20:15,0.1,0.1,open-meteo
2026-08-07 20:15:56,Kurla,19.065,72.879,CR-hotspot,2026-08-07T20:15,0.1,0.0,open-meteo
2026-08-07 20:15:56,Thane,19.186,72.975,CR,2026-08-07T20:15,0.0,0.0,open-meteo
2026-08-07 20:15:56,Kalyan,19.243,73.13,CR,2026-08-07T20:15,0.0,0.0,open-meteo
2026-08-07 20:15:56,Chunnabhatti,19.046,72.875,Harbour-hotspot,,,,open-meteo-ERR
2026-08-07 20:15:56,Matunga,19.027,72.852,CR-hotspot,2026-08-07T20:15,0.1,0.1,open-meteo
2026-08-07 21:14:59,Churchgate,18.935,72.827,WR,2026-08-07T21:00,0.1,0.1,open-meteo
2026-08-07 21:14:59,Dadar,19.018,72.844,WR/CR,2026-08-07T21:15,0.1,0.1,open-meteo
2026-08-07 21:14:59,Andheri,19.119,72.846,WR,2026-08-07T21:15,0.1,0.1,open-meteo
2026-08-07 21:14:59,Borivali,19.231,72.857,WR,,,,open-meteo-ERR
2026-08-07 21:14:59,Virar,19.455,72.811,WR,2026-08-07T21:15,0.0,0.0,open-meteo
2026-08-07 21:14:59,CSMT,18.94,72.835,CR,2026-08-07T21:15,0.1,0.1,open-meteo
2026-08-07 21:14:59,Sion,19.043,72.862,CR-hotspot,2026-08-07T21:15,0.1,0.1,open-meteo
2026-08-07 21:14:59,Kurla,19.065,72.879,CR-hotspot,,,,open-meteo-ERR
2026-08-07 21:14:59,Thane,19.186,72.975,CR,2026-08-07T21:15,0.0,0.0,open-meteo
2026-08-07 21:14:59,Kalyan,19.243,73.13,CR,2026-08-07T21:15,0.0,0.0,open-meteo
2026-08-07 21:14:59,Chunnabhatti,19.046,72.875,Harbour-hotspot,2026-08-07T21:15,0.1,0.1,open-meteo
2026-08-07 21:14:59,Matunga,19.027,72.852,CR-hotspot,,,,open-meteo-ERR
2026-08-07 22:12:38,Churchgate,18.935,72.827,WR,2026-08-07T22:00,0.0,0.0,open-meteo
2026-08-07 22:12:38,Dadar,19.018,72.844,WR/CR,2026-08-07T22:00,0.0,0.0,open-meteo
2026-08-07 22:12:38,Andheri,19.119,72.846,WR,2026-08-07T22:00,0.0,0.0,open-meteo
2026-08-07 22:12:38,Borivali,19.231,72.857,WR,2026-08-07T22:00,0.1,0.0,open-meteo
2026-08-07 22:12:38,Virar,19.455,72.811,WR,,,,open-meteo-ERR
2026-08-07 22:12:38,CSMT,18.94,72.835,CR,2026-08-07T22:00,0.0,0.0,open-meteo
2026-08-07 22:12:38,Sion,19.043,72.862,CR-hotspot,2026-08-07T22:00,0.0,0.0,open-meteo
2026-08-07 22:12:38,Kurla,19.065,72.879,CR-hotspot,2026-08-07T22:00,0.0,0.0,open-meteo
2026-08-07 22:12:38,Thane,19.186,72.975,CR,2026-08-07T22:00,0.1,0.1,open-meteo
2026-08-07 22:12:38,Kalyan,19.243,73.13,CR,2026-08-07T22:00,0.0,0.0,open-meteo
2026-08-07 22:12:38,Chunnabhatti,19.046,72.875,Harbour-hotspot,,,,open-meteo-ERR
2026-08-07 22:12:38,Matunga,19.027,72.852,CR-hotspot,2026-08-07T22:15,0.0,0.0,open-meteo
2026-08-07 23:10:59,Churchgate,18.935,72.827,WR,2026-08-07T23:00,0.0,0.0,open-meteo
2026-08-07 23:10:59,Dadar,19.018,72.844,WR/CR,2026-08-07T23:00,0.0,0.0,open-meteo
2026-08-07 23:10:59,Andheri,19.119,72.846,WR,2026-08-07T23:00,0.0,0.0,open-meteo
2026-08-07 23:10:59,Borivali,19.231,72.857,WR,2026-08-07T23:00,0.1,0.1,open-meteo
2026-08-07 23:10:59,Virar,19.455,72.811,WR,2026-08-07T23:00,0.0,0.0,open-meteo
2026-08-07 23:10:59,CSMT,18.94,72.835,CR,2026-08-07T23:00,0.0,0.0,open-meteo
2026-08-07 23:10:59,Sion,19.043,72.862,CR-hotspot,2026-08-07T23:00,0.0,0.0,open-meteo
2026-08-07 23:10:59,Kurla,19.065,72.879,CR-hotspot,,,,open-meteo-ERR
2026-08-07 23:10:59,Thane,19.186,72.975,CR,2026-08-07T23:00,0.1,0.1,open-meteo
2026-08-07 23:10:59,Kalyan,19.243,73.13,CR,2026-08-07T23:00,0.0,0.0,open-meteo
2026-08-07 23:10:59,Chunnabhatti,19.046,72.875,Harbour-hotspot,2026-08-07T23:00,0.0,0.0,open-meteo
2026-08-07 23:10:59,Matunga,19.027,72.852,CR-hotspot,2026-08-07T23:00,0.0,0.0,open-meteo
2026-08-08 00:11:24,Churchgate,18.935,72.827,WR,2026-08-08T00:00,0.1,0.1,open-meteo
2026-08-08 00:11:24,Dadar,19.018,72.844,WR/CR,2026-08-08T00:00,0.1,0.1,open-meteo
2026-08-08 00:11:24,Andheri,19.119,72.846,WR,2026-08-08T00:00,0.0,0.0,open-meteo
2026-08-08 00:11:24,Borivali,19.231,72.857,WR,,,,open-meteo-ERR
2026-08-08 00:11:24,Virar,19.455,72.811,WR,2026-08-08T00:00,0.0,0.0,open-meteo
2026-08-08 00:11:24,CSMT,18.94,72.835,CR,2026-08-08T00:00,0.1,0.1,open-meteo
2026-08-08 00:11:24,Sion,19.043,72.862,CR-hotspot,2026-08-08T00:00,0.1,0.1,open-meteo
2026-08-08 00:11:24,Kurla,19.065,72.879,CR-hotspot,,,,open-meteo-ERR
2026-08-08 00:11:24,Thane,19.186,72.975,CR,2026-08-08T00:00,0.0,0.0,open-meteo
2026-08-08 00:11:24,Kalyan,19.243,73.13,CR,2026-08-08T00:00,0.0,0.0,open-meteo
2026-08-08 00:11:24,Chunnabhatti,19.046,72.875,Harbour-hotspot,2026-08-08T00:00,0.1,0.1,open-meteo
2026-08-08 00:11:24,Matunga,19.027,72.852,CR-hotspot,,,,open-meteo-ERR
2026-08-08 01:15:01,Churchgate,18.935,72.827,WR,2026-08-08T01:15,0.0,0.0,open-meteo
2026-08-08 01:15:01,Dadar,19.018,72.844,WR/CR,2026-08-08T01:15,0.0,0.0,open-meteo
2026-08-08 01:15:01,Andheri,19.119,72.846,WR,2026-08-08T01:15,0.0,0.0,open-meteo
2026-08-08 01:15:01,Borivali,19.231,72.857,WR,2026-08-08T01:15,0.2,0.0,open-meteo
2026-08-08 01:15:01,Virar,19.455,72.811,WR,2026-08-08T01:15,0.0,0.0,open-meteo
2026-08-08 01:15:01,CSMT,18.94,72.835,CR,2026-08-08T01:15,0.0,0.0,open-meteo
2026-08-08 01:15:01,Sion,19.043,72.862,CR-hotspot,2026-08-08T01:15,0.0,0.0,open-meteo
2026-08-08 01:15:01,Kurla,19.065,72.879,CR-hotspot,2026-08-08T01:15,0.0,0.0,open-meteo
2026-08-08 01:15:01,Thane,19.186,72.975,CR,2026-08-08T01:15,0.0,0.0,open-meteo
2026-08-08 01:15:01,Kalyan,19.243,73.13,CR,2026-08-08T01:15,0.0,0.0,open-meteo
2026-08-08 01:15:01,Chunnabhatti,19.046,72.875,Harbour-hotspot,2026-08-08T01:15,0.0,0.0,open-meteo
2026-08-08 01:15:01,Matunga,19.027,72.852,CR-hotspot,,,,open-meteo-ERR
2026-08-08 02:01:30,Churchgate,18.935,72.827,WR,2026-08-08T02:00,0.0,0.0,open-meteo
2026-08-08 02:01:30,Dadar,19.018,72.844,WR/CR,2026-08-08T02:00,0.0,0.0,open-meteo
2026-08-08 02:01:30,Andheri,19.119,72.846,WR,2026-08-08T02:00,0.0,0.0,open-meteo
2026-08-08 02:01:30,Borivali,19.231,72.857,WR,2026-08-08T02:00,0.1,0.0,open-meteo
2026-08-08 02:01:30,Virar,19.455,72.811,WR,,,,open-meteo-ERR
2026-08-08 02:01:30,CSMT,18.94,72.835,CR,2026-08-08T02:00,0.0,0.0,open-meteo
2026-08-08 02:01:30,Sion,19.043,72.862,CR-hotspot,2026-08-08T02:00,0.0,0.0,open-meteo
2026-08-08 02:01:30,Kurla,19.065,72.879,CR-hotspot,2026-08-08T02:00,0.0,0.0,open-meteo
2026-08-08 02:01:30,Thane,19.186,72.975,CR,2026-08-08T02:00,0.1,0.1,open-meteo
2026-08-08 02:01:30,Kalyan,19.243,73.13,CR,2026-08-08T02:00,0.0,0.0,open-meteo
2026-08-08 02:01:30,Chunnabhatti,19.046,72.875,Harbour-hotspot,,,,open-meteo-ERR
2026-08-08 02:01:30,Matunga,19.027,72.852,CR-hotspot,2026-08-08T02:00,0.0,0.0,open-meteo
2026-08-08 02:59:31,Churchgate,18.935,72.827,WR,2026-08-08T02:45,0.0,0.0,open-meteo
2026-08-08 02:59:31,Dadar,19.018,72.844,WR/CR,2026-08-08T02:45,0.0,0.0,open-meteo
2026-08-08 02:59:31,Andheri,19.119,72.846,WR,2026-08-08T02:45,0.0,0.0,open-meteo
2026-08-08 02:59:31,Borivali,19.231,72.857,WR,2026-08-08T02:45,0.0,0.0,open-meteo
2026-08-08 02:59:31,Virar,19.455,72.811,WR,,,,open-meteo-ERR
2026-08-08 02:59:31,CSMT,18.94,72.835,CR,2026-08-08T03:00,0.0,0.0,open-meteo
2026-08-08 02:59:31,Sion,19.043,72.862,CR-hotspot,2026-08-08T03:00,0.0,0.0,open-meteo
2026-08-08 02:59:31,Kurla,19.065,72.879,CR-hotspot,2026-08-08T03:00,0.0,0.0,open-meteo
2026-08-08 02:59:31,Thane,19.186,72.975,CR,2026-08-08T03:00,0.1,0.1,open-meteo
2026-08-08 02:59:31,Kalyan,19.243,73.13,CR,,,,open-meteo-ERR
2026-08-08 02:59:31,Chunnabhatti,19.046,72.875,Harbour-hotspot,2026-08-08T03:00,0.0,0.0,open-meteo
2026-08-08 02:59:31,Matunga,19.027,72.852,CR-hotspot,2026-08-08T03:00,0.0,0.0,open-meteo
2026-08-08 03:36:46,Churchgate,18.935,72.827,WR,2026-08-08T03:30,0.0,0.0,open-meteo
2026-08-08 03:36:46,Dadar,19.018,72.844,WR/CR,2026-08-08T03:30,0.0,0.0,open-meteo
2026-08-08 03:36:46,Andheri,19.119,72.846,WR,2026-08-08T03:30,0.0,0.0,open-meteo
2026-08-08 03:36:46,Borivali,19.231,72.857,WR,2026-08-08T03:30,0.0,0.0,open-meteo
2026-08-08 03:36:46,Virar,19.455,72.811,WR,,,,open-meteo-ERR
2026-08-08 03:36:46,CSMT,18.94,72.835,CR,2026-08-08T03:30,0.0,0.0,open-meteo
2026-08-08 03:36:46,Sion,19.043,72.862,CR-hotspot,2026-08-08T03:30,0.0,0.0,open-meteo
2026-08-08 03:36:46,Kurla,19.065,72.879,CR-hotspot,2026-08-08T03:30,0.0,0.0,open-meteo
2026-08-08 03:36:46,Thane,19.186,72.975,CR,2026-08-08T03:30,0.1,0.1,open-meteo
2026-08-08 03:36:46,Kalyan,19.243,73.13,CR,,,,open-meteo-ERR
2026-08-08 03:36:46,Chunnabhatti,19.046,72.875,Harbour-hotspot,2026-08-08T03:30,0.0,0.0,open-meteo
2026-08-08 03:36:46,Matunga,19.027,72.852,CR-hotspot,2026-08-08T03:30,0.0,0.0,open-meteo
2026-08-08 04:32:39,Churchgate,18.935,72.827,WR,2026-08-08T04:30,0.1,0.0,open-meteo
2026-08-08 04:32:39,Dadar,19.018,72.844,WR/CR,2026-08-08T04:30,0.1,0.0,open-meteo
2026-08-08 04:32:39,Andheri,19.119,72.846,WR,2026-08-08T04:30,0.1,0.1,open-meteo
2026-08-08 04:32:39,Borivali,19.231,72.857,WR,,,,open-meteo-ERR
2026-08-08 04:32:39,Virar,19.455,72.811,WR,2026-08-08T04:30,0.1,0.1,open-meteo
2026-08-08 04:32:39,CSMT,18.94,72.835,CR,2026-08-08T04:30,0.1,0.0,open-meteo
2026-08-08 04:32:39,Sion,19.043,72.862,CR-hotspot,2026-08-08T04:30,0.1,0.0,open-meteo
2026-08-08 04:32:39,Kurla,19.065,72.879,CR-hotspot,2026-08-08T04:30,0.1,0.1,open-meteo
2026-08-08 04:32:39,Thane,19.186,72.975,CR,,,,open-meteo-ERR
2026-08-08 04:32:39,Kalyan,19.243,73.13,CR,2026-08-08T04:30,0.0,0.0,open-meteo
2026-08-08 04:32:39,Chunnabhatti,19.046,72.875,Harbour-hotspot,2026-08-08T04:30,0.1,0.0,open-meteo
2026-08-08 04:32:39,Matunga,19.027,72.852,CR-hotspot,2026-08-08T04:30,0.1,0.0,open-meteo
2026-08-08 05:25:29,Churchgate,18.935,72.827,WR,2026-08-08T05:15,0.0,0.0,open-meteo
2026-08-08 05:25:29,Dadar,19.018,72.844,WR/CR,2026-08-08T05:15,0.0,0.0,open-meteo
2026-08-08 05:25:29,Andheri,19.119,72.846,WR,2026-08-08T05:15,0.0,0.0,open-meteo
2026-08-08 05:25:29,Borivali,19.231,72.857,WR,2026-08-08T05:15,0.0,0.0,open-meteo
2026-08-08 05:25:29,Virar,19.455,72.811,WR,2026-08-08T05:15,0.1,0.1,open-meteo
2026-08-08 05:25:29,CSMT,18.94,72.835,CR,2026-08-08T05:15,0.0,0.0,open-meteo
2026-08-08 05:25:29,Sion,19.043,72.862,CR-hotspot,2026-08-08T05:15,0.0,0.0,open-meteo
2026-08-08 05:25:29,Kurla,19.065,72.879,CR-hotspot,2026-08-08T05:15,0.0,0.0,open-meteo
2026-08-08 05:25:29,Thane,19.186,72.975,CR,2026-08-08T05:15,0.1,0.1,open-meteo
2026-08-08 05:25:29,Kalyan,19.243,73.13,CR,,,,open-meteo-ERR
2026-08-08 05:25:29,Chunnabhatti,19.046,72.875,Harbour-hotspot,2026-08-08T05:15,0.0,0.0,open-meteo
2026-08-08 05:25:29,Matunga,19.027,72.852,CR-hotspot,2026-08-08T05:15,0.0,0.0,open-meteo
2026-08-08 06:32:37,Churchgate,18.935,72.827,WR,2026-08-08T06:30,0.0,0.0,open-meteo
2026-08-08 06:32:37,Dadar,19.018,72.844,WR/CR,2026-08-08T06:30,0.0,0.0,open-meteo
2026-08-08 06:32:37,Andheri,19.119,72.846,WR,2026-08-08T06:30,0.1,0.0,open-meteo
2026-08-08 06:32:37,Borivali,19.231,72.857,WR,2026-08-08T06:30,0.0,0.0,open-meteo
2026-08-08 06:32:37,Virar,19.455,72.811,WR,,,,open-meteo-ERR
2026-08-08 06:32:37,CSMT,18.94,72.835,CR,2026-08-08T06:30,0.0,0.0,open-meteo
2026-08-08 06:32:37,Sion,19.043,72.862,CR-hotspot,2026-08-08T06:30,0.0,0.0,open-meteo
2026-08-08 06:32:37,Kurla,19.065,72.879,CR-hotspot,2026-08-08T06:30,0.1,0.0,open-meteo
2026-08-08 06:32:37,Thane,19.186,72.975,CR,2026-08-08T06:30,0.1,0.1,open-meteo
2026-08-08 06:32:37,Kalyan,19.243,73.13,CR,2026-08-08T06:30,0.1,0.1,open-meteo
2026-08-08 06:32:37,Chunnabhatti,19.046,72.875,Harbour-hotspot,,,,open-meteo-ERR
2026-08-08 06:32:37,Matunga,19.027,72.852,CR-hotspot,2026-08-08T06:30,0.0,0.0,open-meteo
2026-08-08 08:35:08,Churchgate,18.935,72.827,WR,2026-08-08T08:30,0.3,0.1,open-meteo
2026-08-08 08:35:08,Dadar,19.018,72.844,WR/CR,2026-08-08T08:30,0.3,0.1,open-meteo
2026-08-08 08:35:08,Andheri,19.119,72.846,WR,2026-08-08T08:30,0.1,0.0,open-meteo
2026-08-08 08:35:08,Borivali,19.231,72.857,WR,,,,open-meteo-ERR
2026-08-08 08:35:08,Virar,19.455,72.811,WR,2026-08-08T08:30,0.1,0.1,open-meteo
2026-08-08 08:35:08,CSMT,18.94,72.835,CR,2026-08-08T08:30,0.3,0.1,open-meteo
2026-08-08 08:35:08,Sion,19.043,72.862,CR-hotspot,2026-08-08T08:30,0.3,0.1,open-meteo
2026-08-08 08:35:08,Kurla,19.065,72.879,CR-hotspot,2026-08-08T08:30,0.1,0.0,open-meteo
2026-08-08 08:35:08,Thane,19.186,72.975,CR,,,,open-meteo-ERR
2026-08-08 08:35:08,Kalyan,19.243,73.13,CR,2026-08-08T08:30,0.0,0.0,open-meteo
2026-08-08 08:35:08,Chunnabhatti,19.046,72.875,Harbour-hotspot,2026-08-08T08:30,0.3,0.1,open-meteo
2026-08-08 08:35:08,Matunga,19.027,72.852,CR-hotspot,2026-08-08T08:30,0.3,0.1,open-meteo
2026-08-08 10:02:55,Churchgate,18.935,72.827,WR,2026-08-08T10:00,0.0,0.0,open-meteo
2026-08-08 10:02:55,Dadar,19.018,72.844,WR/CR,2026-08-08T10:00,0.0,0.0,open-meteo
2026-08-08 10:02:55,Andheri,19.119,72.846,WR,2026-08-08T10:00,0.0,0.0,open-meteo
2026-08-08 10:02:55,Borivali,19.231,72.857,WR,2026-08-08T10:00,0.1,0.1,open-meteo
2026-08-08 10:02:55,Virar,19.455,72.811,WR,,,,open-meteo-ERR
2026-08-08 10:02:55,CSMT,18.94,72.835,CR,2026-08-08T10:00,0.0,0.0,open-meteo
2026-08-08 10:02:55,Sion,19.043,72.862,CR-hotspot,2026-08-08T10:00,0.0,0.0,open-meteo
2026-08-08 10:02:55,Kurla,19.065,72.879,CR-hotspot,2026-08-08T10:00,0.0,0.0,open-meteo
2026-08-08 10:02:55,Thane,19.186,72.975,CR,2026-08-08T10:00,0.0,0.0,open-meteo
2026-08-08 10:02:55,Kalyan,19.243,73.13,CR,2026-08-08T10:00,0.0,0.0,open-meteo
2026-08-08 10:02:55,Chunnabhatti,19.046,72.875,Harbour-hotspot,,,,open-meteo-ERR
2026-08-08 10:02:55,Matunga,19.027,72.852,CR-hotspot,2026-08-08T10:00,0.0,0.0,open-meteo
2026-08-08 11:05:45,Churchgate,18.935,72.827,WR,2026-08-08T11:00,0.0,0.0,open-meteo
2026-08-08 11:05:45,Dadar,19.018,72.844,WR/CR,2026-08-08T11:00,0.0,0.0,open-meteo
2026-08-08 11:05:45,Andheri,19.119,72.846,WR,2026-08-08T11:00,0.1,0.1,open-meteo
2026-08-08 11:05:45,Borivali,19.231,72.857,WR,2026-08-08T11:00,0.0,0.0,open-meteo
2026-08-08 11:05:45,Virar,19.455,72.811,WR,2026-08-08T11:00,0.1,0.1,open-meteo
2026-08-08 11:05:45,CSMT,18.94,72.835,CR,2026-08-08T11:00,0.0,0.0,open-meteo
2026-08-08 11:05:45,Sion,19.043,72.862,CR-hotspot,2026-08-08T11:00,0.0,0.0,open-meteo
2026-08-08 11:05:45,Kurla,19.065,72.879,CR-hotspot,2026-08-08T11:00,0.1,0.1,open-meteo
2026-08-08 11:05:45,Thane,19.186,72.975,CR,2026-08-08T11:00,0.0,0.0,open-meteo
2026-08-08 11:05:45,Kalyan,19.243,73.13,CR,,,,open-meteo-ERR
2026-08-08 11:05:45,Chunnabhatti,19.046,72.875,Harbour-hotspot,2026-08-08T11:00,0.0,0.0,open-meteo
2026-08-08 11:05:45,Matunga,19.027,72.852,CR-hotspot,2026-08-08T11:00,0.0,0.0,open-meteo
2026-08-08 12:06:25,Churchgate,18.935,72.827,WR,2026-08-08T12:00,0.0,0.0,open-meteo
2026-08-08 12:06:25,Dadar,19.018,72.844,WR/CR,2026-08-08T12:00,0.0,0.0,open-meteo
2026-08-08 12:06:25,Andheri,19.119,72.846,WR,2026-08-08T12:00,0.1,0.1,open-meteo
2026-08-08 12:06:25,Borivali,19.231,72.857,WR,2026-08-08T12:00,0.0,0.0,open-meteo
2026-08-08 12:06:25,Virar,19.455,72.811,WR,2026-08-08T12:00,0.1,0.0,open-meteo
2026-08-08 12:06:25,CSMT,18.94,72.835,CR,,,,open-meteo-ERR
2026-08-08 12:06:25,Sion,19.043,72.862,CR-hotspot,2026-08-08T12:00,0.0,0.0,open-meteo
2026-08-08 12:06:25,Kurla,19.065,72.879,CR-hotspot,2026-08-08T12:00,0.1,0.1,open-meteo
2026-08-08 12:06:25,Thane,19.186,72.975,CR,2026-08-08T12:00,0.0,0.0,open-meteo
2026-08-08 12:06:25,Kalyan,19.243,73.13,CR,2026-08-08T12:00,0.1,0.0,open-meteo
2026-08-08 12:06:25,Chunnabhatti,19.046,72.875,Harbour-hotspot,2026-08-08T12:00,0.0,0.0,open-meteo
2026-08-08 12:06:25,Matunga,19.027,72.852,CR-hotspot,2026-08-08T12:00,0.0,0.0,open-meteo
2026-08-08 13:10:49,Churchgate,18.935,72.827,WR,2026-08-08T13:00,0.0,0.0,open-meteo
2026-08-08 13:10:49,Dadar,19.018,72.844,WR/CR,2026-08-08T13:00,0.0,0.0,open-meteo
2026-08-08 13:10:49,Andheri,19.119,72.846,WR,2026-08-08T13:00,0.1,0.0,open-meteo
2026-08-08 13:10:49,Borivali,19.231,72.857,WR,2026-08-08T13:00,0.0,0.0,open-meteo
2026-08-08 13:10:49,Virar,19.455,72.811,WR,,,,open-meteo-ERR
2026-08-08 13:10:49,CSMT,18.94,72.835,CR,2026-08-08T13:00,0.0,0.0,open-meteo
2026-08-08 13:10:49,Sion,19.043,72.862,CR-hotspot,2026-08-08T13:00,0.0,0.0,open-meteo
2026-08-08 13:10:49,Kurla,19.065,72.879,CR-hotspot,2026-08-08T13:00,0.1,0.0,open-meteo
2026-08-08 13:10:49,Thane,19.186,72.975,CR,2026-08-08T13:00,0.3,0.1,open-meteo
2026-08-08 13:10:49,Kalyan,19.243,73.13,CR,,,,open-meteo-ERR
2026-08-08 13:10:49,Chunnabhatti,19.046,72.875,Harbour-hotspot,2026-08-08T13:00,0.0,0.0,open-meteo
2026-08-08 13:10:49,Matunga,19.027,72.852,CR-hotspot,2026-08-08T13:00,0.0,0.0,open-meteo
2026-08-08 13:59:26,Churchgate,18.935,72.827,WR,2026-08-08T13:45,0.1,0.1,open-meteo
2026-08-08 13:59:26,Dadar,19.018,72.844,WR/CR,2026-08-08T13:45,0.1,0.1,open-meteo
2026-08-08 13:59:26,Andheri,19.119,72.846,WR,2026-08-08T13:45,0.1,0.1,open-meteo
2026-08-08 13:59:26,Borivali,19.231,72.857,WR,2026-08-08T13:45,0.0,0.0,open-meteo
2026-08-08 13:59:26,Virar,19.455,72.811,WR,,,,open-meteo-ERR
2026-08-08 13:59:26,CSMT,18.94,72.835,CR,2026-08-08T14:00,0.1,0.1,open-meteo
2026-08-08 13:59:26,Sion,19.043,72.862,CR-hotspot,2026-08-08T14:00,0.1,0.1,open-meteo
2026-08-08 13:59:26,Kurla,19.065,72.879,CR-hotspot,2026-08-08T14:00,0.1,0.1,open-meteo
2026-08-08 13:59:26,Thane,19.186,72.975,CR,2026-08-08T14:00,0.2,0.0,open-meteo
2026-08-08 13:59:26,Kalyan,19.243,73.13,CR,2026-08-08T14:00,0.1,0.0,open-meteo
2026-08-08 13:59:26,Chunnabhatti,19.046,72.875,Harbour-hotspot,,,,open-meteo-ERR
2026-08-08 13:59:26,Matunga,19.027,72.852,CR-hotspot,2026-08-08T14:00,0.1,0.1,open-meteo
2026-08-08 14:40:46,Churchgate,18.935,72.827,WR,2026-08-08T14:30,0.1,0.1,open-meteo
2026-08-08 14:40:46,Dadar,19.018,72.844,WR/CR,2026-08-08T14:30,0.1,0.1,open-meteo
2026-08-08 14:40:46,Andheri,19.119,72.846,WR,2026-08-08T14:30,0.1,0.1,open-meteo
2026-08-08 14:40:46,Borivali,19.231,72.857,WR,2026-08-08T14:30,0.0,0.0,open-meteo
2026-08-08 14:40:46,Virar,19.455,72.811,WR,,,,open-meteo-ERR
2026-08-08 14:40:46,CSMT,18.94,72.835,CR,2026-08-08T14:30,0.1,0.1,open-meteo
2026-08-08 14:40:46,Sion,19.043,72.862,CR-hotspot,2026-08-08T14:30,0.1,0.1,open-meteo
2026-08-08 14:40:46,Kurla,19.065,72.879,CR-hotspot,2026-08-08T14:30,0.1,0.1,open-meteo
2026-08-08 14:40:46,Thane,19.186,72.975,CR,2026-08-08T14:30,0.2,0.0,open-meteo
2026-08-08 14:40:46,Kalyan,19.243,73.13,CR,,,,open-meteo-ERR
2026-08-08 14:40:46,Chunnabhatti,19.046,72.875,Harbour-hotspot,2026-08-08T14:30,0.1,0.1,open-meteo
2026-08-08 14:40:46,Matunga,19.027,72.852,CR-hotspot,2026-08-08T14:30,0.1,0.1,open-meteo
2026-08-08 15:30:58,Churchgate,18.935,72.827,WR,2026-08-08T15:30,0.1,0.1,open-meteo
2026-08-08 15:30:58,Dadar,19.018,72.844,WR/CR,2026-08-08T15:30,0.1,0.1,open-meteo
2026-08-08 15:30:58,Andheri,19.119,72.846,WR,2026-08-08T15:30,0.1,0.0,open-meteo
2026-08-08 15:30:58,Borivali,19.231,72.857,WR,2026-08-08T15:30,0.1,0.0,open-meteo
2026-08-08 15:30:58,Virar,19.455,72.811,WR,,,,open-meteo-ERR
2026-08-08 15:30:58,CSMT,18.94,72.835,CR,2026-08-08T15:30,0.1,0.1,open-meteo
2026-08-08 15:30:58,Sion,19.043,72.862,CR-hotspot,2026-08-08T15:30,0.1,0.1,open-meteo
2026-08-08 15:30:58,Kurla,19.065,72.879,CR-hotspot,2026-08-08T15:30,0.1,0.0,open-meteo
2026-08-08 15:30:58,Thane,19.186,72.975,CR,2026-08-08T15:30,0.0,0.0,open-meteo
2026-08-08 15:30:58,Kalyan,19.243,73.13,CR,2026-08-08T15:30,0.2,0.1,open-meteo
2026-08-08 15:30:58,Chunnabhatti,19.046,72.875,Harbour-hotspot,,,,open-meteo-ERR
2026-08-08 15:30:58,Matunga,19.027,72.852,CR-hotspot,2026-08-08T15:30,0.1,0.1,open-meteo
2026-08-08 16:27:58,Churchgate,18.935,72.827,WR,2026-08-08T16:15,0.1,0.0,open-meteo
2026-08-08 16:27:58,Dadar,19.018,72.844,WR/CR,2026-08-08T16:15,0.1,0.0,open-meteo
2026-08-08 16:27:58,Andheri,19.119,72.846,WR,2026-08-08T16:15,0.1,0.0,open-meteo
2026-08-08 16:27:58,Borivali,19.231,72.857,WR,,,,open-meteo-ERR
2026-08-08 16:27:58,Virar,19.455,72.811,WR,2026-08-08T16:15,0.0,0.0,open-meteo
2026-08-08 16:27:58,CSMT,18.94,72.835,CR,2026-08-08T16:15,0.1,0.0,open-meteo
2026-08-08 16:27:58,Sion,19.043,72.862,CR-hotspot,2026-08-08T16:15,0.1,0.0,open-meteo
2026-08-08 16:27:58,Kurla,19.065,72.879,CR-hotspot,,,,open-meteo-ERR
2026-08-08 16:27:58,Thane,19.186,72.975,CR,2026-08-08T16:30,0.0,0.0,open-meteo
2026-08-08 16:27:58,Kalyan,19.243,73.13,CR,2026-08-08T16:30,0.0,0.0,open-meteo
2026-08-08 16:27:58,Chunnabhatti,19.046,72.875,Harbour-hotspot,2026-08-08T16:30,0.1,0.0,open-meteo
2026-08-08 16:27:58,Matunga,19.027,72.852,CR-hotspot,,,,open-meteo-ERR
2026-08-08 16:57:21,Churchgate,18.935,72.827,WR,2026-08-08T16:45,0.1,0.1,open-meteo
2026-08-08 16:57:21,Dadar,19.018,72.844,WR/CR,2026-08-08T16:45,0.1,0.1,open-meteo
2026-08-08 16:57:21,Andheri,19.119,72.846,WR,2026-08-08T16:45,0.1,0.0,open-meteo
2026-08-08 16:57:21,Borivali,19.231,72.857,WR,2026-08-08T16:45,0.1,0.0,open-meteo
2026-08-08 16:57:21,Virar,19.455,72.811,WR,2026-08-08T16:45,0.1,0.0,open-meteo
2026-08-08 16:57:21,CSMT,18.94,72.835,CR,2026-08-08T16:45,0.1,0.1,open-meteo
2026-08-08 16:57:21,Sion,19.043,72.862,CR-hotspot,2026-08-08T16:45,0.1,0.1,open-meteo
2026-08-08 16:57:21,Kurla,19.065,72.879,CR-hotspot,2026-08-08T16:45,0.1,0.0,open-meteo
2026-08-08 16:57:21,Thane,19.186,72.975,CR,2026-08-08T16:45,0.0,0.0,open-meteo
2026-08-08 16:57:21,Kalyan,19.243,73.13,CR,2026-08-08T16:45,0.0,0.0,open-meteo
2026-08-08 16:57:21,Chunnabhatti,19.046,72.875,Harbour-hotspot,,,,open-meteo-ERR
2026-08-08 16:57:21,Matunga,19.027,72.852,CR-hotspot,2026-08-08T16:45,0.1,0.1,open-meteo
2026-08-08 17:23:37,Churchgate,18.935,72.827,WR,2026-08-08T17:15,0.1,0.1,open-meteo
2026-08-08 17:23:37,Dadar,19.018,72.844,WR/CR,2026-08-08T17:15,0.1,0.1,open-meteo
2026-08-08 17:23:37,Andheri,19.119,72.846,WR,2026-08-08T17:15,0.1,0.0,open-meteo
2026-08-08 17:23:37,Borivali,19.231,72.857,WR,2026-08-08T17:15,0.1,0.0,open-meteo
2026-08-08 17:23:37,Virar,19.455,72.811,WR,,,,open-meteo-ERR
2026-08-08 17:23:37,CSMT,18.94,72.835,CR,2026-08-08T17:15,0.1,0.1,open-meteo
2026-08-08 17:23:37,Sion,19.043,72.862,CR-hotspot,2026-08-08T17:15,0.1,0.1,open-meteo
2026-08-08 17:23:37,Kurla,19.065,72.879,CR-hotspot,2026-08-08T17:15,0.1,0.0,open-meteo
2026-08-08 17:23:37,Thane,19.186,72.975,CR,2026-08-08T17:15,0.0,0.0,open-meteo
2026-08-08 17:23:37,Kalyan,19.243,73.13,CR,,,,open-meteo-ERR
2026-08-08 17:23:37,Chunnabhatti,19.046,72.875,Harbour-hotspot,2026-08-08T17:15,0.1,0.1,open-meteo
2026-08-08 17:23:37,Matunga,19.027,72.852,CR-hotspot,2026-08-08T17:15,0.1,0.1,open-meteo
2026-08-08 17:58:54,Churchgate,18.935,72.827,WR,2026-08-08T17:45,0.1,0.1,open-meteo
2026-08-08 17:58:54,Dadar,19.018,72.844,WR/CR,2026-08-08T17:45,0.1,0.1,open-meteo
2026-08-08 17:58:54,Andheri,19.119,72.846,WR,2026-08-08T17:45,0.1,0.0,open-meteo
2026-08-08 17:58:54,Borivali,19.231,72.857,WR,2026-08-08T17:45,0.0,0.0,open-meteo
2026-08-08 17:58:54,Virar,19.455,72.811,WR,,,,open-meteo-ERR
2026-08-08 17:58:54,CSMT,18.94,72.835,CR,2026-08-08T18:00,0.1,0.1,open-meteo
2026-08-08 17:58:54,Sion,19.043,72.862,CR-hotspot,2026-08-08T18:00,0.1,0.1,open-meteo
2026-08-08 17:58:54,Kurla,19.065,72.879,CR-hotspot,2026-08-08T18:00,0.1,0.0,open-meteo
2026-08-08 17:58:54,Thane,19.186,72.975,CR,2026-08-08T18:00,0.0,0.0,open-meteo
2026-08-08 17:58:54,Kalyan,19.243,73.13,CR,2026-08-08T18:00,0.0,0.0,open-meteo
2026-08-08 17:58:54,Chunnabhatti,19.046,72.875,Harbour-hotspot,,,,open-meteo-ERR
2026-08-08 17:58:54,Matunga,19.027,72.852,CR-hotspot,2026-08-08T18:00,0.1,0.1,open-meteo
2026-08-08 18:56:32,Churchgate,18.935,72.827,WR,2026-08-08T18:45,0.1,0.1,open-meteo
2026-08-08 18:56:32,Dadar,19.018,72.844,WR/CR,2026-08-08T18:45,0.1,0.1,open-meteo
2026-08-08 18:56:32,Andheri,19.119,72.846,WR,2026-08-08T18:45,0.1,0.1,open-meteo
2026-08-08 18:56:32,Borivali,19.231,72.857,WR,,,,open-meteo-ERR
2026-08-08 18:56:32,Virar,19.455,72.811,WR,2026-08-08T18:45,0.0,0.0,open-meteo
2026-08-08 18:56:32,CSMT,18.94,72.835,CR,2026-08-08T18:45,0.1,0.1,open-meteo
2026-08-08 18:56:32,Sion,19.043,72.862,CR-hotspot,2026-08-08T18:45,0.1,0.1,open-meteo
2026-08-08 18:56:32,Kurla,19.065,72.879,CR-hotspot,,,,open-meteo-ERR
2026-08-08 18:56:32,Thane,19.186,72.975,CR,2026-08-08T18:45,0.0,0.0,open-meteo
2026-08-08 18:56:32,Kalyan,19.243,73.13,CR,2026-08-08T18:45,0.0,0.0,open-meteo
2026-08-08 18:56:32,Chunnabhatti,19.046,72.875,Harbour-hotspot,2026-08-08T18:45,0.1,0.1,open-meteo
2026-08-08 18:56:32,Matunga,19.027,72.852,CR-hotspot,,,,open-meteo-ERR
2026-08-08 19:35:03,Churchgate,18.935,72.827,WR,2026-08-08T19:30,0.1,0.1,open-meteo
2026-08-08 19:35:03,Dadar,19.018,72.844,WR/CR,2026-08-08T19:30,0.1,0.1,open-meteo
2026-08-08 19:35:03,Andheri,19.119,72.846,WR,2026-08-08T19:30,0.1,0.1,open-meteo
2026-08-08 19:35:03,Borivali,19.231,72.857,WR,2026-08-08T19:30,0.0,0.0,open-meteo
2026-08-08 19:35:03,Virar,19.455,72.811,WR,,,,open-meteo-ERR
2026-08-08 19:35:03,CSMT,18.94,72.835,CR,2026-08-08T19:30,0.1,0.1,open-meteo
2026-08-08 19:35:03,Sion,19.043,72.862,CR-hotspot,2026-08-08T19:30,0.1,0.1,open-meteo
2026-08-08 19:35:03,Kurla,19.065,72.879,CR-hotspot,2026-08-08T19:30,0.1,0.1,open-meteo
2026-08-08 19:35:03,Thane,19.186,72.975,CR,2026-08-08T19:30,0.0,0.0,open-meteo
2026-08-08 19:35:03,Kalyan,19.243,73.13,CR,,,,open-meteo-ERR
2026-08-08 19:35:03,Chunnabhatti,19.046,72.875,Harbour-hotspot,2026-08-08T19:30,0.1,0.1,open-meteo
2026-08-08 19:35:03,Matunga,19.027,72.852,CR-hotspot,2026-08-08T19:30,0.1,0.1,open-meteo
2026-08-08 20:25:56,Churchgate,18.935,72.827,WR,2026-08-08T20:15,0.1,0.0,open-meteo
2026-08-08 20:25:56,Dadar,19.018,72.844,WR/CR,2026-08-08T20:15,0.1,0.0,open-meteo
2026-08-08 20:25:56,Andheri,19.119,72.846,WR,2026-08-08T20:15,0.0,0.0,open-meteo
2026-08-08 20:25:56,Borivali,19.231,72.857,WR,2026-08-08T20:15,0.1,0.0,open-meteo
2026-08-08 20:25:56,Virar,19.455,72.811,WR,2026-08-08T20:15,0.0,0.0,open-meteo
2026-08-08 20:25:56,CSMT,18.94,72.835,CR,,,,open-meteo-ERR
2026-08-08 20:25:56,Sion,19.043,72.862,CR-hotspot,2026-08-08T20:15,0.1,0.0,open-meteo
2026-08-08 20:25:56,Kurla,19.065,72.879,CR-hotspot,2026-08-08T20:15,0.0,0.0,open-meteo
2026-08-08 20:25:56,Thane,19.186,72.975,CR,2026-08-08T20:15,0.0,0.0,open-meteo
2026-08-08 20:25:56,Kalyan,19.243,73.13,CR,2026-08-08T20:15,0.0,0.0,open-meteo
2026-08-08 20:25:56,Chunnabhatti,19.046,72.875,Harbour-hotspot,2026-08-08T20:15,0.1,0.0,open-meteo
2026-08-08 20:25:56,Matunga,19.027,72.852,CR-hotspot,,,,open-meteo-ERR
2026-08-08 20:52:47,Churchgate,18.935,72.827,WR,2026-08-08T20:45,0.1,0.0,open-meteo
2026-08-08 20:52:47,Dadar,19.018,72.844,WR/CR,2026-08-08T20:45,0.1,0.0,open-meteo
2026-08-08 20:52:47,Andheri,19.119,72.846,WR,2026-08-08T20:45,0.0,0.0,open-meteo
2026-08-08 20:52:47,Borivali,19.231,72.857,WR,2026-08-08T20:45,0.1,0.0,open-meteo
2026-08-08 20:52:47,Virar,19.455,72.811,WR,,,,open-meteo-ERR
2026-08-08 20:52:47,CSMT,18.94,72.835,CR,2026-08-08T20:45,0.1,0.0,open-meteo
2026-08-08 20:52:47,Sion,19.043,72.862,CR-hotspot,2026-08-08T20:45,0.1,0.0,open-meteo
2026-08-08 20:52:47,Kurla,19.065,72.879,CR-hotspot,2026-08-08T20:45,0.0,0.0,open-meteo
2026-08-08 20:52:47,Thane,19.186,72.975,CR,2026-08-08T20:45,0.0,0.0,open-meteo
2026-08-08 20:52:47,Kalyan,19.243,73.13,CR,2026-08-08T20:45,0.0,0.0,open-meteo
2026-08-08 20:52:47,Chunnabhatti,19.046,72.875,Harbour-hotspot,,,,open-meteo-ERR
2026-08-08 20:52:47,Matunga,19.027,72.852,CR-hotspot,2026-08-08T20:45,0.1,0.0,open-meteo
2026-08-08 21:23:50,Churchgate,18.935,72.827,WR,2026-08-08T21:15,0.1,0.0,open-meteo
2026-08-08 21:23:50,Dadar,19.018,72.844,WR/CR,2026-08-08T21:15,0.1,0.0,open-meteo
2026-08-08 21:23:50,Andheri,19.119,72.846,WR,2026-08-08T21:15,0.0,0.0,open-meteo
2026-08-08 21:23:50,Borivali,19.231,72.857,WR,2026-08-08T21:15,0.1,0.0,open-meteo
2026-08-08 21:23:50,Virar,19.455,72.811,WR,,,,open-meteo-ERR
2026-08-08 21:23:50,CSMT,18.94,72.835,CR,2026-08-08T21:15,0.1,0.0,open-meteo
2026-08-08 21:23:50,Sion,19.043,72.862,CR-hotspot,2026-08-08T21:15,0.1,0.0,open-meteo
2026-08-08 21:23:50,Kurla,19.065,72.879,CR-hotspot,2026-08-08T21:15,0.0,0.0,open-meteo
2026-08-08 21:23:50,Thane,19.186,72.975,CR,2026-08-08T21:15,0.0,0.0,open-meteo
2026-08-08 21:23:50,Kalyan,19.243,73.13,CR,2026-08-08T21:15,0.0,0.0,open-meteo
2026-08-08 21:23:50,Chunnabhatti,19.046,72.875,Harbour-hotspot,,,,open-meteo-ERR
2026-08-08 21:23:50,Matunga,19.027,72.852,CR-hotspot,2026-08-08T21:15,0.1,0.0,open-meteo
2026-08-08 21:51:51,Churchgate,18.935,72.827,WR,2026-08-08T21:45,0.0,0.0,open-meteo
2026-08-08 21:51:51,Dadar,19.018,72.844,WR/CR,2026-08-08T21:45,0.0,0.0,open-meteo
2026-08-08 21:51:51,Andheri,19.119,72.846,WR,2026-08-08T21:45,0.0,0.0,open-meteo
2026-08-08 21:51:51,Borivali,19.231,72.857,WR,2026-08-08T21:45,0.0,0.0,open-meteo
2026-08-08 21:51:51,Virar,19.455,72.811,WR,,,,open-meteo-ERR
2026-08-08 21:51:51,CSMT,18.94,72.835,CR,2026-08-08T21:45,0.0,0.0,open-meteo
2026-08-08 21:51:51,Sion,19.043,72.862,CR-hotspot,2026-08-08T21:45,0.0,0.0,open-meteo
2026-08-08 21:51:51,Kurla,19.065,72.879,CR-hotspot,2026-08-08T21:45,0.0,0.0,open-meteo
2026-08-08 21:51:51,Thane,19.186,72.975,CR,2026-08-08T21:45,0.0,0.0,open-meteo
2026-08-08 21:51:51,Kalyan,19.243,73.13,CR,2026-08-08T21:45,0.0,0.0,open-meteo
2026-08-08 21:51:51,Chunnabhatti,19.046,72.875,Harbour-hotspot,2026-08-08T21:45,0.0,0.0,open-meteo
2026-08-08 21:51:51,Matunga,19.027,72.852,CR-hotspot,2026-08-08T21:45,0.0,0.0,open-meteo
2026-08-08 22:30:08,Churchgate,18.935,72.827,WR,2026-08-08T22:30,0.0,0.0,open-meteo
2026-08-08 22:30:08,Dadar,19.018,72.844,WR/CR,2026-08-08T22:30,0.0,0.0,open-meteo
2026-08-08 22:30:08,Andheri,19.119,72.846,WR,2026-08-08T22:30,0.0,0.0,open-meteo
2026-08-08 22:30:08,Borivali,19.231,72.857,WR,2026-08-08T22:30,0.0,0.0,open-meteo
2026-08-08 22:30:08,Virar,19.455,72.811,WR,2026-08-08T22:30,0.1,0.1,open-meteo
2026-08-08 22:30:08,CSMT,18.94,72.835,CR,2026-08-08T22:30,0.0,0.0,open-meteo
2026-08-08 22:30:08,Sion,19.043,72.862,CR-hotspot,2026-08-08T22:30,0.0,0.0,open-meteo
2026-08-08 22:30:08,Kurla,19.065,72.879,CR-hotspot,2026-08-08T22:30,0.0,0.0,open-meteo
2026-08-08 22:30:08,Thane,19.186,72.975,CR,2026-08-08T22:30,0.0,0.0,open-meteo
2026-08-08 22:30:08,Kalyan,19.243,73.13,CR,2026-08-08T22:30,0.0,0.0,open-meteo
2026-08-08 22:30:08,Chunnabhatti,19.046,72.875,Harbour-hotspot,2026-08-08T22:30,0.0,0.0,open-meteo
2026-08-08 22:30:08,Matunga,19.027,72.852,CR-hotspot,,,,open-meteo-ERR
2026-08-08 23:04:52,Churchgate,18.935,72.827,WR,2026-08-08T23:00,0.0,0.0,open-meteo
2026-08-08 23:04:52,Dadar,19.018,72.844,WR/CR,2026-08-08T23:00,0.0,0.0,open-meteo
2026-08-08 23:04:52,Andheri,19.119,72.846,WR,2026-08-08T23:00,0.0,0.0,open-meteo
2026-08-08 23:04:52,Borivali,19.231,72.857,WR,2026-08-08T23:00,0.0,0.0,open-meteo
2026-08-08 23:04:52,Virar,19.455,72.811,WR,,,,open-meteo-ERR
2026-08-08 23:04:52,CSMT,18.94,72.835,CR,2026-08-08T23:00,0.0,0.0,open-meteo
2026-08-08 23:04:52,Sion,19.043,72.862,CR-hotspot,2026-08-08T23:00,0.0,0.0,open-meteo
2026-08-08 23:04:52,Kurla,19.065,72.879,CR-hotspot,2026-08-08T23:00,0.0,0.0,open-meteo
2026-08-08 23:04:52,Thane,19.186,72.975,CR,2026-08-08T23:00,0.0,0.0,open-meteo
2026-08-08 23:04:52,Kalyan,19.243,73.13,CR,2026-08-08T23:00,0.0,0.0,open-meteo
2026-08-08 23:04:52,Chunnabhatti,19.046,72.875,Harbour-hotspot,,,,open-meteo-ERR
2026-08-08 23:04:52,Matunga,19.027,72.852,CR-hotspot,2026-08-08T23:00,0.0,0.0,open-meteo
2026-08-08 23:54:02,Churchgate,18.935,72.827,WR,2026-08-08T23:45,0.1,0.1,open-meteo
2026-08-08 23:54:02,Dadar,19.018,72.844,WR/CR,2026-08-08T23:45,0.1,0.1,open-meteo
2026-08-08 23:54:02,Andheri,19.119,72.846,WR,2026-08-08T23:45,0.0,0.0,open-meteo
2026-08-08 23:54:02,Borivali,19.231,72.857,WR,2026-08-08T23:45,0.0,0.0,open-meteo
2026-08-08 23:54:02,Virar,19.455,72.811,WR,,,,open-meteo-ERR
2026-08-08 23:54:02,CSMT,18.94,72.835,CR,2026-08-08T23:45,0.1,0.1,open-meteo
2026-08-08 23:54:02,Sion,19.043,72.862,CR-hotspot,2026-08-08T23:45,0.1,0.1,open-meteo
2026-08-08 23:54:02,Kurla,19.065,72.879,CR-hotspot,2026-08-08T23:45,0.0,0.0,open-meteo
2026-08-08 23:54:02,Thane,19.186,72.975,CR,2026-08-08T23:45,0.0,0.0,open-meteo
2026-08-08 23:54:02,Kalyan,19.243,73.13,CR,2026-08-08T23:45,0.0,0.0,open-meteo
2026-08-08 23:54:02,Chunnabhatti,19.046,72.875,Harbour-hotspot,,,,open-meteo-ERR
2026-08-08 23:54:02,Matunga,19.027,72.852,CR-hotspot,2026-08-08T23:45,0.1,0.1,open-meteo
2026-08-09 00:36:50,Churchgate,18.935,72.827,WR,2026-08-09T00:30,0.0,0.0,open-meteo
2026-08-09 00:36:50,Dadar,19.018,72.844,WR/CR,2026-08-09T00:30,0.0,0.0,open-meteo
2026-08-09 00:36:50,Andheri,19.119,72.846,WR,2026-08-09T00:30,0.0,0.0,open-meteo
2026-08-09 00:36:50,Borivali,19.231,72.857,WR,2026-08-09T00:30,0.0,0.0,open-meteo
2026-08-09 00:36:50,Virar,19.455,72.811,WR,,,,open-meteo-ERR
2026-08-09 00:36:50,CSMT,18.94,72.835,CR,2026-08-09T00:30,0.0,0.0,open-meteo
2026-08-09 00:36:50,Sion,19.043,72.862,CR-hotspot,2026-08-09T00:30,0.0,0.0,open-meteo
2026-08-09 00:36:50,Kurla,19.065,72.879,CR-hotspot,2026-08-09T00:30,0.0,0.0,open-meteo
2026-08-09 00:36:50,Thane,19.186,72.975,CR,2026-08-09T00:30,0.0,0.0,open-meteo
2026-08-09 00:36:50,Kalyan,19.243,73.13,CR,2026-08-09T00:30,0.0,0.0,open-meteo
2026-08-09 00:36:50,Chunnabhatti,19.046,72.875,Harbour-hotspot,,,,open-meteo-ERR
2026-08-09 00:36:50,Matunga,19.027,72.852,CR-hotspot,2026-08-09T00:30,0.0,0.0,open-meteo
2026-08-09 01:20:39,Churchgate,18.935,72.827,WR,2026-08-09T01:15,0.1,0.1,open-meteo
2026-08-09 01:20:39,Dadar,19.018,72.844,WR/CR,2026-08-09T01:15,0.1,0.1,open-meteo
2026-08-09 01:20:39,Andheri,19.119,72.846,WR,2026-08-09T01:15,0.1,0.0,open-meteo
2026-08-09 01:20:39,Borivali,19.231,72.857,WR,2026-08-09T01:15,0.1,0.1,open-meteo
2026-08-09 01:20:39,Virar,19.455,72.811,WR,,,,open-meteo-ERR
2026-08-09 01:20:39,CSMT,18.94,72.835,CR,2026-08-09T01:15,0.1,0.1,open-meteo
2026-08-09 01:20:39,Sion,19.043,72.862,CR-hotspot,2026-08-09T01:15,0.1,0.1,open-meteo
2026-08-09 01:20:39,Kurla,19.065,72.879,CR-hotspot,2026-08-09T01:15,0.1,0.0,open-meteo
2026-08-09 01:20:39,Thane,19.186,72.975,CR,2026-08-09T01:15,0.1,0.0,open-meteo
2026-08-09 01:20:39,Kalyan,19.243,73.13,CR,2026-08-09T01:15,0.1,0.0,open-meteo
2026-08-09 01:20:39,Chunnabhatti,19.046,72.875,Harbour-hotspot,,,,open-meteo-ERR
2026-08-09 01:20:39,Matunga,19.027,72.852,CR-hotspot,2026-08-09T01:15,0.1,0.1,open-meteo
2026-08-09 01:48:45,Churchgate,18.935,72.827,WR,2026-08-09T01:45,0.1,0.0,open-meteo
2026-08-09 01:48:45,Dadar,19.018,72.844,WR/CR,2026-08-09T01:45,0.1,0.0,open-meteo
2026-08-09 01:48:45,Andheri,19.119,72.846,WR,2026-08-09T01:45,0.1,0.1,open-meteo
2026-08-09 01:48:45,Borivali,19.231,72.857,WR,2026-08-09T01:45,0.0,0.0,open-meteo
2026-08-09 01:48:45,Virar,19.455,72.811,WR,,,,open-meteo-ERR
2026-08-09 01:48:45,CSMT,18.94,72.835,CR,2026-08-09T01:45,0.1,0.0,open-meteo
2026-08-09 01:48:45,Sion,19.043,72.862,CR-hotspot,2026-08-09T01:45,0.1,0.0,open-meteo
2026-08-09 01:48:45,Kurla,19.065,72.879,CR-hotspot,2026-08-09T01:45,0.1,0.1,open-meteo
2026-08-09 01:48:45,Thane,19.186,72.975,CR,2026-08-09T01:45,0.0,0.0,open-meteo
2026-08-09 01:48:45,Kalyan,19.243,73.13,CR,2026-08-09T01:45,0.0,0.0,open-meteo
2026-08-09 01:48:45,Chunnabhatti,19.046,72.875,Harbour-hotspot,,,,open-meteo-ERR
2026-08-09 01:48:45,Matunga,19.027,72.852,CR-hotspot,2026-08-09T01:45,0.1,0.0,open-meteo
2026-08-09 02:25:47,Churchgate,18.935,72.827,WR,2026-08-09T02:15,0.1,0.0,open-meteo
2026-08-09 02:25:47,Dadar,19.018,72.844,WR/CR,2026-08-09T02:15,0.1,0.0,open-meteo
2026-08-09 02:25:47,Andheri,19.119,72.846,WR,2026-08-09T02:15,0.1,0.1,open-meteo
2026-08-09 02:25:47,Borivali,19.231,72.857,WR,2026-08-09T02:15,0.0,0.0,open-meteo
2026-08-09 02:25:47,Virar,19.455,72.811,WR,,,,open-meteo-ERR
2026-08-09 02:25:47,CSMT,18.94,72.835,CR,2026-08-09T02:15,0.1,0.0,open-meteo
2026-08-09 02:25:47,Sion,19.043,72.862,CR-hotspot,2026-08-09T02:15,0.1,0.0,open-meteo
2026-08-09 02:25:47,Kurla,19.065,72.879,CR-hotspot,2026-08-09T02:15,0.1,0.1,open-meteo
2026-08-09 02:25:47,Thane,19.186,72.975,CR,2026-08-09T02:15,0.0,0.0,open-meteo
2026-08-09 02:25:47,Kalyan,19.243,73.13,CR,2026-08-09T02:15,0.0,0.0,open-meteo
2026-08-09 02:25:47,Chunnabhatti,19.046,72.875,Harbour-hotspot,,,,open-meteo-ERR
2026-08-09 02:25:47,Matunga,19.027,72.852,CR-hotspot,2026-08-09T02:15,0.1,0.0,open-meteo
2026-08-09 02:52:24,Churchgate,18.935,72.827,WR,2026-08-09T02:45,0.0,0.0,open-meteo
2026-08-09 02:52:24,Dadar,19.018,72.844,WR/CR,2026-08-09T02:45,0.0,0.0,open-meteo
2026-08-09 02:52:24,Andheri,19.119,72.846,WR,2026-08-09T02:45,0.1,0.1,open-meteo
2026-08-09 02:52:24,Borivali,19.231,72.857,WR,2026-08-09T02:45,0.1,0.0,open-meteo
2026-08-09 02:52:24,Virar,19.455,72.811,WR,,,,open-meteo-ERR
2026-08-09 02:52:24,CSMT,18.94,72.835,CR,2026-08-09T02:45,0.0,0.0,open-meteo
2026-08-09 02:52:24,Sion,19.043,72.862,CR-hotspot,2026-08-09T02:45,0.0,0.0,open-meteo
2026-08-09 02:52:24,Kurla,19.065,72.879,CR-hotspot,2026-08-09T02:45,0.1,0.1,open-meteo
2026-08-09 02:52:24,Thane,19.186,72.975,CR,2026-08-09T02:45,0.0,0.0,open-meteo
2026-08-09 02:52:24,Kalyan,19.243,73.13,CR,2026-08-09T02:45,0.0,0.0,open-meteo
2026-08-09 02:52:24,Chunnabhatti,19.046,72.875,Harbour-hotspot,,,,open-meteo-ERR
2026-08-09 02:52:24,Matunga,19.027,72.852,CR-hotspot,2026-08-09T02:45,0.0,0.0,open-meteo
2026-08-09 03:23:52,Churchgate,18.935,72.827,WR,2026-08-09T03:15,0.0,0.0,open-meteo
2026-08-09 03:23:52,Dadar,19.018,72.844,WR/CR,2026-08-09T03:15,0.0,0.0,open-meteo
2026-08-09 03:23:52,Andheri,19.119,72.846,WR,2026-08-09T03:15,0.1,0.1,open-meteo
2026-08-09 03:23:52,Borivali,19.231,72.857,WR,2026-08-09T03:15,0.1,0.0,open-meteo
2026-08-09 03:23:52,Virar,19.455,72.811,WR,,,,open-meteo-ERR
2026-08-09 03:23:52,CSMT,18.94,72.835,CR,2026-08-09T03:15,0.0,0.0,open-meteo
2026-08-09 03:23:52,Sion,19.043,72.862,CR-hotspot,2026-08-09T03:15,0.0,0.0,open-meteo
2026-08-09 03:23:52,Kurla,19.065,72.879,CR-hotspot,2026-08-09T03:15,0.1,0.1,open-meteo
2026-08-09 03:23:52,Thane,19.186,72.975,CR,2026-08-09T03:15,0.0,0.0,open-meteo
2026-08-09 03:23:52,Kalyan,19.243,73.13,CR,,,,open-meteo-ERR
2026-08-09 03:23:52,Chunnabhatti,19.046,72.875,Harbour-hotspot,2026-08-09T03:15,0.0,0.0,open-meteo
2026-08-09 03:23:52,Matunga,19.027,72.852,CR-hotspot,2026-08-09T03:15,0.0,0.0,open-meteo
2026-08-09 03:49:23,Churchgate,18.935,72.827,WR,2026-08-09T03:45,0.1,0.0,open-meteo
2026-08-09 03:49:23,Dadar,19.018,72.844,WR/CR,2026-08-09T03:45,0.1,0.0,open-meteo
2026-08-09 03:49:23,Andheri,19.119,72.846,WR,2026-08-09T03:45,0.1,0.1,open-meteo
2026-08-09 03:49:23,Borivali,19.231,72.857,WR,2026-08-09T03:45,0.1,0.0,open-meteo
2026-08-09 03:49:23,Virar,19.455,72.811,WR,,,,open-meteo-ERR
2026-08-09 03:49:23,CSMT,18.94,72.835,CR,2026-08-09T03:45,0.1,0.0,open-meteo
2026-08-09 03:49:23,Sion,19.043,72.862,CR-hotspot,2026-08-09T03:45,0.1,0.0,open-meteo
2026-08-09 03:49:23,Kurla,19.065,72.879,CR-hotspot,2026-08-09T03:45,0.1,0.1,open-meteo
2026-08-09 03:49:23,Thane,19.186,72.975,CR,2026-08-09T03:45,0.0,0.0,open-meteo
2026-08-09 03:49:23,Kalyan,19.243,73.13,CR,2026-08-09T03:45,0.0,0.0,open-meteo
2026-08-09 03:49:23,Chunnabhatti,19.046,72.875,Harbour-hotspot,,,,open-meteo-ERR
2026-08-09 03:49:23,Matunga,19.027,72.852,CR-hotspot,2026-08-09T03:45,0.1,0.0,open-meteo
2026-08-09 04:24:29,Churchgate,18.935,72.827,WR,2026-08-09T04:15,0.1,0.0,open-meteo
2026-08-09 04:24:29,Dadar,19.018,72.844,WR/CR,2026-08-09T04:15,0.1,0.0,open-meteo
2026-08-09 04:24:29,Andheri,19.119,72.846,WR,2026-08-09T04:15,0.1,0.1,open-meteo
2026-08-09 04:24:29,Borivali,19.231,72.857,WR,2026-08-09T04:15,0.1,0.0,open-meteo
2026-08-09 04:24:29,Virar,19.455,72.811,WR,2026-08-09T04:15,0.0,0.0,open-meteo
2026-08-09 04:24:29,CSMT,18.94,72.835,CR,2026-08-09T04:15,0.1,0.0,open-meteo
2026-08-09 04:24:29,Sion,19.043,72.862,CR-hotspot,2026-08-09T04:15,0.1,0.0,open-meteo
2026-08-09 04:24:29,Kurla,19.065,72.879,CR-hotspot,2026-08-09T04:15,0.1,0.1,open-meteo
2026-08-09 04:24:29,Thane,19.186,72.975,CR,2026-08-09T04:15,0.0,0.0,open-meteo
2026-08-09 04:24:29,Kalyan,19.243,73.13,CR,2026-08-09T04:15,0.0,0.0,open-meteo
2026-08-09 04:24:29,Chunnabhatti,19.046,72.875,Harbour-hotspot,,,,open-meteo-ERR
2026-08-09 04:24:29,Matunga,19.027,72.852,CR-hotspot,2026-08-09T04:15,0.1,0.0,open-meteo
2026-08-09 04:49:30,Churchgate,18.935,72.827,WR,2026-08-09T04:45,0.1,0.1,open-meteo
2026-08-09 04:49:30,Dadar,19.018,72.844,WR/CR,2026-08-09T04:45,0.1,0.1,open-meteo
2026-08-09 04:49:30,Andheri,19.119,72.846,WR,2026-08-09T04:45,0.1,0.1,open-meteo
2026-08-09 04:49:30,Borivali,19.231,72.857,WR,,,,open-meteo-ERR
2026-08-09 04:49:30,Virar,19.455,72.811,WR,2026-08-09T04:45,0.1,0.1,open-meteo
2026-08-09 04:49:30,CSMT,18.94,72.835,CR,2026-08-09T04:45,0.1,0.1,open-meteo
2026-08-09 04:49:30,Sion,19.043,72.862,CR-hotspot,2026-08-09T04:45,0.1,0.1,open-meteo
2026-08-09 04:49:30,Kurla,19.065,72.879,CR-hotspot,2026-08-09T04:45,0.1,0.1,open-meteo
2026-08-09 04:49:30,Thane,19.186,72.975,CR,,,,open-meteo-ERR
2026-08-09 04:49:30,Kalyan,19.243,73.13,CR,2026-08-09T04:45,0.0,0.0,open-meteo
2026-08-09 04:49:30,Chunnabhatti,19.046,72.875,Harbour-hotspot,2026-08-09T04:45,0.1,0.1,open-meteo
2026-08-09 04:49:30,Matunga,19.027,72.852,CR-hotspot,2026-08-09T04:45,0.1,0.1,open-meteo
2026-08-09 05:21:47,Churchgate,18.935,72.827,WR,2026-08-09T05:15,0.1,0.1,open-meteo
2026-08-09 05:21:47,Dadar,19.018,72.844,WR/CR,2026-08-09T05:15,0.1,0.1,open-meteo
2026-08-09 05:21:47,Andheri,19.119,72.846,WR,2026-08-09T05:15,0.1,0.1,open-meteo
2026-08-09 05:21:47,Borivali,19.231,72.857,WR,2026-08-09T05:15,0.1,0.0,open-meteo
2026-08-09 05:21:47,Virar,19.455,72.811,WR,,,,open-meteo-ERR
2026-08-09 05:21:47,CSMT,18.94,72.835,CR,2026-08-09T05:15,0.1,0.1,open-meteo
2026-08-09 05:21:47,Sion,19.043,72.862,CR-hotspot,2026-08-09T05:15,0.1,0.1,open-meteo
2026-08-09 05:21:47,Kurla,19.065,72.879,CR-hotspot,2026-08-09T05:15,0.1,0.1,open-meteo
2026-08-09 05:21:47,Thane,19.186,72.975,CR,2026-08-09T05:15,0.1,0.1,open-meteo
2026-08-09 05:21:47,Kalyan,19.243,73.13,CR,,,,open-meteo-ERR
2026-08-09 05:21:47,Chunnabhatti,19.046,72.875,Harbour-hotspot,2026-08-09T05:15,0.1,0.1,open-meteo
2026-08-09 05:21:47,Matunga,19.027,72.852,CR-hotspot,2026-08-09T05:15,0.1,0.1,open-meteo
2026-08-09 06:32:01,Churchgate,18.935,72.827,WR,2026-08-09T06:30,0.0,0.0,open-meteo
2026-08-09 06:32:01,Dadar,19.018,72.844,WR/CR,2026-08-09T06:30,0.0,0.0,open-meteo
2026-08-09 06:32:01,Andheri,19.119,72.846,WR,2026-08-09T06:30,0.0,0.0,open-meteo
2026-08-09 06:32:01,Borivali,19.231,72.857,WR,,,,open-meteo-ERR
2026-08-09 06:32:01,Virar,19.455,72.811,WR,2026-08-09T06:30,0.0,0.0,open-meteo
2026-08-09 06:32:01,CSMT,18.94,72.835,CR,2026-08-09T06:30,0.0,0.0,open-meteo
2026-08-09 06:32:01,Sion,19.043,72.862,CR-hotspot,2026-08-09T06:30,0.0,0.0,open-meteo
2026-08-09 06:32:01,Kurla,19.065,72.879,CR-hotspot,,,,open-meteo-ERR
2026-08-09 06:32:01,Thane,19.186,72.975,CR,2026-08-09T06:30,0.0,0.0,open-meteo
2026-08-09 06:32:01,Kalyan,19.243,73.13,CR,2026-08-09T06:30,0.0,0.0,open-meteo
2026-08-09 06:32:01,Chunnabhatti,19.046,72.875,Harbour-hotspot,2026-08-09T06:30,0.0,0.0,open-meteo
2026-08-09 06:32:01,Matunga,19.027,72.852,CR-hotspot,2026-08-09T06:30,0.0,0.0,open-meteo
2026-08-09 08:42:06,Churchgate,18.935,72.827,WR,2026-08-09T08:30,0.0,0.0,open-meteo
2026-08-09 08:42:06,Dadar,19.018,72.844,WR/CR,2026-08-09T08:30,0.0,0.0,open-meteo
2026-08-09 08:42:06,Andheri,19.119,72.846,WR,2026-08-09T08:30,0.0,0.0,open-meteo
2026-08-09 08:42:06,Borivali,19.231,72.857,WR,2026-08-09T08:30,0.1,0.1,open-meteo
2026-08-09 08:42:06,Virar,19.455,72.811,WR,,,,open-meteo-ERR
2026-08-09 08:42:06,CSMT,18.94,72.835,CR,2026-08-09T08:30,0.0,0.0,open-meteo
2026-08-09 08:42:06,Sion,19.043,72.862,CR-hotspot,2026-08-09T08:30,0.0,0.0,open-meteo
2026-08-09 08:42:06,Kurla,19.065,72.879,CR-hotspot,2026-08-09T08:30,0.0,0.0,open-meteo
2026-08-09 08:42:06,Thane,19.186,72.975,CR,2026-08-09T08:30,0.0,0.0,open-meteo
2026-08-09 08:42:06,Kalyan,19.243,73.13,CR,2026-08-09T08:30,0.0,0.0,open-meteo
2026-08-09 08:42:06,Chunnabhatti,19.046,72.875,Harbour-hotspot,2026-08-09T08:30,0.0,0.0,open-meteo
2026-08-09 08:42:06,Matunga,19.027,72.852,CR-hotspot,2026-08-09T08:30,0.0,0.0,open-meteo
2026-08-09 10:13:16,Churchgate,18.935,72.827,WR,2026-08-09T10:00,0.0,0.0,open-meteo
2026-08-09 10:13:16,Dadar,19.018,72.844,WR/CR,2026-08-09T10:00,0.0,0.0,open-meteo
2026-08-09 10:13:16,Andheri,19.119,72.846,WR,2026-08-09T10:00,0.0,0.0,open-meteo
2026-08-09 10:13:16,Borivali,19.231,72.857,WR,,,,open-meteo-ERR
2026-08-09 10:13:16,Virar,19.455,72.811,WR,2026-08-09T10:00,0.1,0.1,open-meteo
2026-08-09 10:13:16,CSMT,18.94,72.835,CR,2026-08-09T10:00,0.0,0.0,open-meteo
2026-08-09 10:13:16,Sion,19.043,72.862,CR-hotspot,2026-08-09T10:00,0.0,0.0,open-meteo
2026-08-09 10:13:16,Kurla,19.065,72.879,CR-hotspot,2026-08-09T10:00,0.0,0.0,open-meteo
2026-08-09 10:13:16,Thane,19.186,72.975,CR,,,,open-meteo-ERR
2026-08-09 10:13:16,Kalyan,19.243,73.13,CR,2026-08-09T10:15,0.2,0.1,open-meteo
2026-08-09 10:13:16,Chunnabhatti,19.046,72.875,Harbour-hotspot,2026-08-09T10:15,0.0,0.0,open-meteo
2026-08-09 10:13:16,Matunga,19.027,72.852,CR-hotspot,2026-08-09T10:15,0.0,0.0,open-meteo
2026-08-09 11:11:23,Churchgate,18.935,72.827,WR,2026-08-09T11:00,0.0,0.0,open-meteo
2026-08-09 11:11:23,Dadar,19.018,72.844,WR/CR,2026-08-09T11:00,0.0,0.0,open-meteo
2026-08-09 11:11:23,Andheri,19.119,72.846,WR,2026-08-09T11:00,0.1,0.0,open-meteo
2026-08-09 11:11:23,Borivali,19.231,72.857,WR,2026-08-09T11:00,0.0,0.0,open-meteo
2026-08-09 11:11:23,Virar,19.455,72.811,WR,,,,open-meteo-ERR
2026-08-09 11:11:23,CSMT,18.94,72.835,CR,2026-08-09T11:00,0.0,0.0,open-meteo
2026-08-09 11:11:23,Sion,19.043,72.862,CR-hotspot,2026-08-09T11:00,0.0,0.0,open-meteo
2026-08-09 11:11:23,Kurla,19.065,72.879,CR-hotspot,2026-08-09T11:00,0.1,0.0,open-meteo
2026-08-09 11:11:23,Thane,19.186,72.975,CR,2026-08-09T11:00,0.1,0.0,open-meteo
2026-08-09 11:11:23,Kalyan,19.243,73.13,CR,2026-08-09T11:00,0.1,0.0,open-meteo
2026-08-09 11:11:23,Chunnabhatti,19.046,72.875,Harbour-hotspot,2026-08-09T11:00,0.0,0.0,open-meteo
2026-08-09 11:11:23,Matunga,19.027,72.852,CR-hotspot,2026-08-09T11:00,0.0,0.0,open-meteo
2026-08-09 12:09:58,Churchgate,18.935,72.827,WR,2026-08-09T12:00,0.0,0.0,open-meteo
2026-08-09 12:09:58,Dadar,19.018,72.844,WR/CR,2026-08-09T12:00,0.0,0.0,open-meteo
2026-08-09 12:09:58,Andheri,19.119,72.846,WR,2026-08-09T12:00,0.0,0.0,open-meteo
2026-08-09 12:09:58,Borivali,19.231,72.857,WR,,,,open-meteo-ERR
2026-08-09 12:09:58,Virar,19.455,72.811,WR,2026-08-09T12:00,0.1,0.1,open-meteo
2026-08-09 12:09:58,CSMT,18.94,72.835,CR,2026-08-09T12:00,0.0,0.0,open-meteo
2026-08-09 12:09:58,Sion,19.043,72.862,CR-hotspot,2026-08-09T12:00,0.0,0.0,open-meteo
2026-08-09 12:09:58,Kurla,19.065,72.879,CR-hotspot,2026-08-09T12:00,0.0,0.0,open-meteo
2026-08-09 12:09:58,Thane,19.186,72.975,CR,2026-08-09T12:00,0.0,0.0,open-meteo
2026-08-09 12:09:58,Kalyan,19.243,73.13,CR,2026-08-09T12:00,0.0,0.0,open-meteo
2026-08-09 12:09:58,Chunnabhatti,19.046,72.875,Harbour-hotspot,2026-08-09T12:00,0.0,0.0,open-meteo
2026-08-09 12:09:58,Matunga,19.027,72.852,CR-hotspot,2026-08-09T12:00,0.0,0.0,open-meteo
2026-08-09 13:15:31,Churchgate,18.935,72.827,WR,2026-08-09T13:15,0.1,0.1,open-meteo
2026-08-09 13:15:31,Dadar,19.018,72.844,WR/CR,2026-08-09T13:15,0.1,0.1,open-meteo
2026-08-09 13:15:31,Andheri,19.119,72.846,WR,2026-08-09T13:15,0.2,0.1,open-meteo
2026-08-09 13:15:31,Borivali,19.231,72.857,WR,2026-08-09T13:15,0.1,0.0,open-meteo
2026-08-09 13:15:31,Virar,19.455,72.811,WR,,,,open-meteo-ERR
2026-08-09 13:15:31,CSMT,18.94,72.835,CR,2026-08-09T13:15,0.1,0.1,open-meteo
2026-08-09 13:15:31,Sion,19.043,72.862,CR-hotspot,2026-08-09T13:15,0.1,0.1,open-meteo
2026-08-09 13:15:31,Kurla,19.065,72.879,CR-hotspot,2026-08-09T13:15,0.2,0.1,open-meteo
2026-08-09 13:15:31,Thane,19.186,72.975,CR,2026-08-09T13:15,0.2,0.1,open-meteo
2026-08-09 13:15:31,Kalyan,19.243,73.13,CR,2026-08-09T13:15,0.2,0.1,open-meteo
2026-08-09 13:15:31,Chunnabhatti,19.046,72.875,Harbour-hotspot,,,,open-meteo-ERR
2026-08-09 13:15:31,Matunga,19.027,72.852,CR-hotspot,2026-08-09T13:15,0.1,0.1,open-meteo
